Journal,Quartile,IF
1616 anuario de literatura comparada,,<0.1
20 et 21 revue d histoire,Q4,<0.1
2d materials,Q2,4.3
3 biotech,Q3,3.1
3d printing and additive manufacturing,Q3,2.5
3d printing in medicine,Q2,3.1
3l language linguistics literature the southeast asian journal of english language studies,,0.8
452 f revista de teoria de la literatura y literatura comparada,,<0.1
4or a quarterly journal of operations research,Q3,2
a a practice,Q4,0.7
a c revista de direito administrativo constitucional,Q3,0.4
a u architecture and urbanism,,<0.1
aaa arbeiten aus anglistik und amerikanistik,,0.1
aace clinical case reports,Q4,0.9
aace endocrinology and diabetes,,N/A
aacn advanced critical care,Q3,1.5
aapg bulletin,Q2,2.7
aapps bulletin,Q1,4.2
aaps journal,Q2,3.4
aaps pharmscitech,Q1,5.1
aatcc journal of research,Q3,1.5
aatcc review,Q3,1.2
ab imperio studies of new imperial history and nationalism in the post soviet space,Q2,0.4
abacus a journal of accounting finance and business studies,Q3,1.7
abakos,Q4,<0.1
abanico veterinario,Q4,0.4
abcd arquivos brasileiros de cirurgia digestiva brazilian archives of digestive surgery,Q3,1.8
abdominal radiology,Q2,2.3
abe journal,,0.4
abhandlungen aus dem mathematischen seminar der universitat hamburg,Q4,0.2
abiotech,Q1,8.5
aboriginal history,Q3,0.1
abriu estudos de textualidade do brasil galicia e portugal,,0.1
academia revista latinoamericana de administracion,Q3,1.8
academia y virtualidad,Q4,0.2
academic emergency medicine,Q1,3.2
academic journal of modern philology,,0.1
academic medicine,Q1,4.5
academic pathology,Q3,2
academic pediatrics,Q1,2.8
academic psychiatry,Q1,2.6
academic radiology,Q1,4.7
academy of management annals,Q1,18
academy of management discoveries,Q1,5.1
academy of management journal,Q1,12.8
academy of management learning education,Q1,7.4
academy of management perspectives,Q1,6.9
academy of management review,Q1,13.8
academy review,Q4,0.4
acadiensis,Q4,<0.1
acarologia,Q3,1.2
access access to science business innovation in the digital economy,Q3,1.3
access to justice in eastern europe,Q3,0.5
accident analysis and prevention,Q1,7.4
accion psicologica,Q4,0.7
acciones e investigaciones sociales,Q4,0.3
accountability in research ethics integrity and policy,Q1,4.4
accounting and business research,Q2,2.5
accounting and finance,Q2,2.6
accounting auditing accountability journal,Q2,2.7
accounting economics and law a convivium,Q4,0.9
accounting education,Q2,2.5
accounting forum,Q1,4.1
accounting historians journal,Q3,1.4
accounting history,Q3,1.2
accounting history review,Q4,0.8
accounting horizons,Q2,2.5
accounting in europe,Q1,7.6
accounting organizations and society,Q1,4.5
accounting perspectives,Q3,1.1
accounting research journal,Q2,3.3
accounting review,Q1,4
accounts of chemical research,Q1,18
accounts of materials research,Q1,14.1
accreditation and quality assurance,Q4,1.1
ace architecture city and environment,Q4,0.9
acervo,Q3,0.1
acg case reports journal,Q4,0.6
aci materials journal,Q3,1.5
aci structural journal,Q4,1.1
acm communications in computer algebra,Q4,0.3
acm computing surveys,Q1,30.4
acm journal of data and information quality,Q2,5
acm journal on computing and cultural heritage,Q3,3.1
acm journal on emerging technologies in computing systems,Q3,2.3
acm sigcomm computer communication review,Q2,3.5
acm sigecom exchanges,Q4,0.9
acm transactions on accessible computing,Q2,3.6
acm transactions on algorithms,Q2,1.4
acm transactions on applied perception,Q2,2.5
acm transactions on architecture and code optimization,Q2,2.9
acm transactions on asian and low resource language information processing,Q3,2.7
acm transactions on autonomous and adaptive systems,Q1,5.2
acm transactions on computation theory,Q4,0.8
acm transactions on computational logic,Q1,1.1
acm transactions on computer human interaction,Q1,9.6
acm transactions on computer systems,Q2,1.9
acm transactions on computing education,Q1,4
acm transactions on computing for healthcare,Q2,4
acm transactions on cyber physical systems,Q3,3.3
acm transactions on database systems,Q3,1.6
acm transactions on design automation of electronic systems,Q2,2.8
acm transactions on economics and computation,Q4,1.3
acm transactions on embedded computing systems,Q2,3.6
acm transactions on graphics,Q1,13
acm transactions on human robot interaction,Q1,7
acm transactions on information systems,Q1,11.2
acm transactions on intelligent systems and technology,Q1,10.7
acm transactions on interactive intelligent systems,Q1,6.4
acm transactions on internet of things,Q2,4.3
acm transactions on internet technology,Q1,5.1
acm transactions on knowledge discovery from data,Q1,6.9
acm transactions on management information systems,Q2,5.2
acm transactions on mathematical software,Q1,2
acm transactions on modeling and computer simulation,Q2,1.4
acm transactions on modeling and performance evaluation of computing systems,Q3,1.7
acm transactions on multimedia computing communications and applications,Q1,5.6
acm transactions on parallel computing,Q3,1.7
acm transactions on privacy and security,Q2,4
acm transactions on programming languages and systems,Q2,2.9
acm transactions on quantum computing,Q1,6.1
acm transactions on reconfigurable technology and systems,Q3,3
acm transactions on sensor networks,Q2,4.7
acm transactions on software engineering and methodology,Q1,6.9
acm transactions on spatial algorithms and systems,Q3,2.9
acm transactions on storage,Q2,3.6
acm transactions on the web,Q1,4.9
acme annali della facolta di studi umanistici dell universita degli studi di milano,,<0.1
acoustical physics,Q4,0.9
acoustical science and technology,Q4,0.9
acoustics,Q3,1.5
acoustics australia,Q3,1.3
acque sotterranee italian journal of groundwater,Q4,1.7
acr open rheumatology,Q2,2.9
across languages and cultures,Q3,0.9
acs agricultural science technology,Q2,3.4
acs applied bio materials,Q2,5.6
acs applied electronic materials,Q2,4.7
acs applied energy materials,Q2,5.5
acs applied engineering materials,Q3,3.5
acs applied materials interfaces,Q1,7.8
acs applied nano materials,Q2,5.8
acs applied optical materials,Q2,3.4
acs applied polymer materials,Q1,5.2
acs bio med chem au,Q2,3.5
acs biomaterials science engineering,Q2,6
acs catalysis,Q1,13.6
acs central science,Q1,11.1
acs chemical biology,Q2,3.6
acs chemical health safety,Q1,3.8
acs chemical neuroscience,Q2,4.5
acs earth and space chemistry,Q2,2.6
acs energy letters,Q1,17.5
acs engineering au,Q1,9
acs environmental au,Q1,9.6
acs es t engineering,Q2,6.3
acs es t water,Q1,4.5
acs food science technology,Q3,3
acs infectious diseases,Q1,4.5
acs macro letters,Q2,4.9
acs materials au,Q1,9.1
acs materials letters,Q1,8.6
acs measurement science au,Q1,14.7
acs medicinal chemistry letters,Q2,3.9
acs nano,Q1,17.3
acs nanoscience au,Q2,7.5
acs omega,Q2,5.2
acs organic inorganic au,Q2,5.2
acs pharmacology translational science,Q2,4
acs photonics,Q1,6
acs physical chemistry au,Q2,4.8
acs polymers au,Q1,6.7
acs sensors,Q1,10.9
acs sustainable chemistry engineering,Q1,7.6
acs synthetic biology,Q1,4.5
acsms health fitness journal,Q3,1.9
acta acustica,Q3,1.4
acta adriatica,Q3,1.3
acta agriculturae scandinavica section a animal science,Q3,1.5
acta agriculturae scandinavica section b soil and plant science,Q3,1.6
acta agrobotanica,Q4,0.8
acta alimentaria,Q3,1.8
acta amazonica,Q2,1.6
acta anaesthesiologica belgica,Q4,0.4
acta anaesthesiologica scandinavica,Q2,1.9
acta analytica international periodical for philosophy in the analytical tradition,,0.4
acta angiologica,Q4,0.4
acta applicandae mathematicae,Q2,1.3
acta archaeologica,,0.6
acta arithmetica,Q3,0.5
acta astronautica,Q1,3.7
acta astronomica,Q3,1.4
acta balneologica,Q4,0.6
acta baltico slavica,,<0.1
acta biochimica et biophysica sinica,Q1,4.5
acta biochimica polonica,Q4,2.2
acta bioclinica,Q4,0.1
acta bioethica,Q4,0.2
acta biologica colombiana,Q4,0.4
acta biomaterialia,Q1,10.4
acta bioquimica clinica latinoamericana,Q4,<0.1
acta biotheoretica,Q4,1.3
acta borealia,,1
acta botanica brasilica,Q3,1.3
acta botanica croatica,Q4,1
acta botanica mexicana,Q3,1.1
acta cardiologica,Q2,4
acta cardiologica sinica,Q3,1.9
acta carsologica,Q4,0.6
acta chemica iasi,Q4,0.4
acta chimica sinica,Q3,2.3
acta chimica slovaca,Q4,1
acta chimica slovenica,Q4,1.2
acta chiropterologica,Q2,1.5
acta chirurgiae orthopaedicae et traumatologiae cechoslovaca,Q4,0.6
acta chirurgica belgica,Q4,0.9
acta chromatographica,Q4,1.2
acta cirurgica brasileira,Q3,1.6
acta classica,,<0.1
acta clinica belgica,Q2,1.4
acta clinica croatica,Q3,0.5
acta colombiana de psicologia,Q4,0.7
acta crystallographica a foundation and advances,Q3,2.1
acta crystallographica section b structural science crystal engineering and materials,Q2,2.5
acta crystallographica section c structural chemistry,Q3,1.1
acta crystallographica section d structural biology,Q1,4.3
acta crystallographica section e crystallographic communications,Q4,0.5
acta crystallographica section f structural biology communications,Q3,1.1
acta cybernetica,Q4,0.7
acta cytologica,Q3,1.5
acta dermato venereologica,Q1,3.8
acta dermatovenerologica alpina pannonica et adriatica,Q4,1
acta dermatovenerologica croatica,Q4,0.6
acta diabetologica,Q3,3.1
acta ecologica sinica,Q1,14.2
acta endocrinologica bucharest,Q4,0.8
acta entomologica musei nationalis pragae,Q3,0.8
acta epileptologica,Q3,2.6
acta et commentationes universitatis tartuensis de mathematica,Q3,0.5
acta ethologica,Q2,1.3
acta facultatis medicae naissensis,Q4,0.1
acta facultatis xylologiae zvolen,Q4,0.7
acta gastro enterologica belgica,Q4,1.2
acta geochimica,Q3,1.4
acta geodaetica et geophysica,Q2,2.6
acta geodynamica et geomaterialia,Q4,0.9
acta geographica slovenica geografski zbornik,Q3,1.6
acta geologica polonica,Q3,0.9
acta geologica sinica english edition,Q3,2.1
acta geophysica,Q2,2.4
acta geotechnica,Q1,6.5
acta germanica german studies in africa,,0.1
acta gymnica,Q4,0.9
acta haematologica,Q2,2.8
acta haematologica polonica,Q4,0.6
acta herpetologica,Q3,1
acta histochemica,Q3,2.9
acta histochemica et cytochemica,Q4,1.9
acta historica tallinnensia,Q1,0.5
acta historica universitatis klaipedensis,Q3,0.1
acta histriae,Q2,0.4
acta ichthyologica et piscatoria,Q2,1.3
acta imeko,Q4,0.9
acta infologica,Q4,0.6
acta informatica,Q4,1.2
acta informatica pragensia,Q2,1.5
acta kinesiologica,Q2,2.4
acta koreana,,0.2
acta linguistica academica,Q4,0.3
acta literaria,,0.1
acta logistica,Q4,1
acta materialia,Q1,10.7
acta mathematica,Q1,7.3
acta mathematica hungarica,Q3,0.6
acta mathematica scientia,Q2,1
acta mathematica sinica english series,Q2,0.9
acta mathematica universitatis comenianae,Q3,0.6
acta mathematica vietnamica,Q3,0.6
acta mathematicae applicatae sinica english series,Q3,0.9
acta mechanica,Q1,4
acta mechanica et automatica,Q4,1.3
acta mechanica sinica,Q1,4
acta mechanica solida sinica,Q2,2.6
acta medica indonesiana,Q3,0.6
acta medica lituanica,Q3,0.6
acta medica okayama,Q4,0.8
acta medica portuguesa,Q2,1.2
acta medico historica adriatica,Q4,0.1
acta metallurgica sinica,Q2,2.2
acta metallurgica sinica english letters,Q1,4.2
acta metallurgica slovaca,Q3,1.7
acta microbiologica et immunologica hungarica,Q4,1.5
acta montanistica slovaca,Q4,0.7
acta naturae,Q4,1.5
acta neophilologica,,0.1
acta neurobiologiae experimentalis,Q4,1.9
acta neurochirurgica,Q2,1.9
acta neurologica belgica,Q3,2
acta neurologica scandinavica,Q4,1.1
acta neuropathologica,Q1,10.3
acta neuropathologica communications,Q1,6.5
acta neuropsychiatrica,Q3,2.4
acta neuropsychologica,Q4,1.2
acta numerica,Q1,12.8
acta obstetricia et gynecologica scandinavica,Q1,3.5
acta oceanologica sinica,Q4,1.4
acta odontologica scandinavica,Q3,1.7
acta oecologica international journal of ecology,Q3,1.8
acta oeconomica,Q4,0.4
acta of bioengineering and biomechanics,Q4,1
acta oncologica,Q3,2.7
acta ophthalmologica,Q2,3
acta optica sinica,Q3,1.7
acta orientalia academiae scientiarum hungaricae,Q3,0.2
acta ornithologica,Q2,1.2
acta orthopaedica,Q1,3.4
acta orthopaedica belgica,Q4,0.7
acta orthopaedica et traumatologica turcica,Q3,1.7
acta ortopedica brasileira,Q4,0.6
acta oto laryngologica,Q3,1.3
acta oto laryngologica case reports,Q4,0.2
acta otorhinolaryngologica italica,Q1,2.2
acta otorrinolaringologica espanola,Q3,1.2
acta paediatrica,Q2,1.8
acta palaeontologica polonica,Q2,1.8
acta parasitologica,Q2,1.5
acta paulista de enfermagem,Q4,0.9
acta pediatrica de mexico,Q4,0.2
acta petrologica sinica,Q1,2.5
acta pharmaceutica,Q3,1.8
acta pharmaceutica sinica b,Q1,14.6
acta pharmacologica sinica,Q1,10.4
acta philosophica,,0.2
acta phlebologica,Q4,0.2
acta photonica sinica,Q4,0.7
acta physica polonica a,Q4,0.5
acta physica polonica b,Q3,1
acta physica sinica,Q3,1
acta physico chimica sinica,Q1,13.5
acta physiologiae plantarum,Q2,2.3
acta physiologica,Q1,5.7
acta phytotaxonomica et geobotanica,Q4,0.4
acta poetica,,0.1
acta politica,Q2,1.9
acta poloniae historica,Q2,0.3
acta poloniae pharmaceutica,Q4,0.6
acta polymerica sinica,Q4,1.2
acta polytechnica,Q4,0.7
acta polytechnica hungarica,Q2,2.2
acta protozoologica,Q4,0.8
acta psiquiatrica y psicologica de america latina,Q4,0.1
acta psychiatrica scandinavica,Q1,4.7
acta psychologica,Q1,3.8
acta psychologica sinica,Q2,1.9
acta radiologica,Q4,1.2
acta radiologica open,Q4,0.9
acta scientiae veterinariae,Q4,0.2
acta scientiarum agronomy,Q3,1.2
acta scientiarum health sciences,Q4,0.4
acta scientiarum mathematicarum,Q3,0.7
acta scientiarum polonorum formatio circumiectus,Q3,0.9
acta scientiarum polonorum hortorum cultus,Q4,1
acta scientiarum polonorum technologia alimentaria,Q4,0.7
acta scientiarum technology,Q4,0.6
acta silvae et ligni,Q4,0.3
acta societatis botanicorum poloniae,Q3,1.1
acta sociologica,Q2,2.1
acta stomatologica croatica,Q3,1.8
acta structilia,Q4,1.2
acta technica napocensis series applied mathematics mechanics and engineering,Q4,0.1
acta technologica agriculturae,Q3,1.4
acta theologica,,0.2
acta tropica,Q2,2.6
acta turistica,Q4,0.4
acta universitatis carolinae theologica,,<0.1
acta universitatis lodziensis folia archaeologica,,<0.1
acta universitatis lodziensis folia iuridica,Q4,0.1
acta universitatis lodziensis folia litteraria polonica,,0.1
acta universitatis lodziensis folia litteraria romanica,,<0.1
acta universitatis sapientiae film and media studies,,0.2
acta universitatis sapientiae informatica,Q4,0.7
acta universitatis sapientiae mathematica,Q3,0.6
acta veterinaria beograd,Q3,0.9
acta veterinaria brno,Q4,0.7
acta veterinaria eurasia,Q4,0.6
acta veterinaria hungarica,Q3,1
acta veterinaria scandinavica,Q2,2
acta virologica,Q4,1.1
acta zoologica,Q3,1.1
acta zoologica academiae scientiarum hungaricae,Q3,0.9
acta zoologica bulgarica,Q4,0.5
actas dermo sifiliograficas,Q2,2.9
actas espanolas de psiquiatria,Q3,2.1
actas urologicas espanolas,Q3,1.7
actes de la recherche en sciences sociales,Q3,0.5
action learning,,N/A
action research,Q2,1.8
active and passive electronic components,Q4,1.6
active learning in higher education,Q1,3.4
activitas nervosa superior rediviva,Q4,0.2
activites revue electronique,Q4,0.3
activities adaptation aging,Q3,1.6
actualidad contable faces,Q4,<0.1
actualidad juridica ambiental,Q2,0.6
actualidades en psicologia,Q4,0.2
actualidades pedagogicas,Q4,<0.1
actualites pharmaceutiques,Q4,0.1
actualizaciones en osteologia,Q4,<0.1
actuators,Q2,2.4
acupuncture and herbal medicine,Q1,7.3
acupuncture electro therapeutics research,Q4,0.3
acupuncture in medicine,Q2,2.7
acute and critical care,Q3,2.3
acute medicine surgery,Q2,1.4
ad hoc networks,Q1,5.4
ad hoc sensor wireless networks,Q4,0.4
ad minister,Q4,0.4
adalya,,0.3
adansonia,Q4,0.8
adaptation the journal of literature on screen studies,,0.2
adapted physical activity quarterly,Q1,2.6
adaptive behavior,Q2,1.6
adaptive human behavior and physiology,Q3,1.6
adcaij advances in distributed computing and artificial intelligence journal,Q4,1.2
adcomunica revista cientifica de estrategias tendencias e innovacion en communicacion,Q4,0.4
addicta the turkish journal on addictions,Q4,0.7
addiction,Q1,5.9
addiction biology,Q2,2.6
addiction neuroscience,Q3,2.4
addiction research theory,Q1,2.9
addiction science clinical practice,Q2,2.6
addictive behaviors,Q1,4.1
addictive behaviors reports,Q1,3.3
additive manufacturing,Q1,11.3
additive manufacturing letters,Q2,5.2
adelaide law review,Q3,0.3
adicciones,Q4,1.2
adipocyte,Q3,3.3
admet and dmpk,Q1,5.1
administracao ensino e pesquisa,Q4,0.2
administracao publica e gestao social,Q4,0.2
administration,Q4,0.3
administration and policy in mental health and mental health services research,Q2,2.6
administration society,Q3,1.9
administrative science quarterly,Q1,7.9
administrative sciences,Q2,3.9
adolescent psychiatry,Q4,0.3
adolescent research review,Q1,8.3
adolescents,Q3,1.7
adoption and fostering,Q3,1
adoption quarterly,Q3,1.1
adsorption journal of the international adsorption society,Q3,3.3
adsorption science technology,Q3,2.5
adult education quarterly,Q2,1.6
adult learning,Q2,2.3
adultspan journal,Q4,0.6
advanced agrochem,Q1,9.2
advanced biology,Q3,3.2
advanced biomedical engineering,Q4,0.7
advanced biomedical research,Q4,1.1
advanced biotechnology,Q1,8.8
advanced composite materials,Q3,2.7
advanced composites and hybrid materials,Q1,15.5
advanced devices instrumentation,Q1,6
advanced drug delivery reviews,Q1,21
advanced education,Q3,0.7
advanced electromagnetics,Q4,1.2
advanced electronic materials,Q1,5.9
advanced emergency nursing journal,Q4,0.6
advanced energy and sustainability research,Q2,6.4
advanced energy materials,Q1,25.5
advanced engineering informatics,Q1,11.5
advanced engineering materials,Q3,3.6
advanced fiber materials,Q1,22.6
advanced functional materials,Q1,19.9
advanced healthcare materials,Q1,11
advanced industrial and engineering polymer research,Q1,18.4
advanced intelligent systems,Q1,6.7
advanced manufacturing polymer composites science,Q3,3.3
advanced materials,Q1,29.1
advanced materials interfaces,Q2,4.5
advanced materials technologies,Q2,6
advanced membranes,Q1,12.6
advanced modeling and simulation in engineering sciences,Q1,4.1
advanced nanobiomed research,Q2,4.8
advanced nonlinear studies,Q1,2.3
advanced optical materials,Q1,7.2
advanced optical technologies,Q2,3.2
advanced pharmaceutical bulletin,Q1,4.7
advanced photonics,Q1,19.5
advanced photonics nexus,Q1,6.3
advanced photonics research,Q2,4
advanced physics research,Q2,3.4
advanced powder materials,Q1,26.8
advanced powder technology,Q2,4.5
advanced quantum technologies,Q2,4.3
advanced robotics,Q4,1.7
advanced science,Q1,14.1
advanced sensor and energy materials,Q1,12.3
advanced sensor research,Q1,5
advanced steel construction,Q3,1.4
advanced studies euro tbilisi mathematical journal,Q4,0.4
advanced sustainable systems,Q2,5.6
advanced synthesis catalysis,Q1,3.7
advanced theory and simulations,Q2,3.2
advanced therapeutics,Q2,3.2
advancements of microbiology,Q4,0.7
advances and applications in discrete mathematics,Q4,0.4
advances and applications in statistics,Q4,0.3
advances in accounting,Q3,1.1
advances in aerodynamics,Q2,3.2
advances in agriculture,Q1,3.4
advances in aircraft and spacecraft science,Q4,0.7
advances in anatomic pathology,Q2,2.8
advances in applied ceramics,Q3,1.6
advances in applied clifford algebras,Q3,1
advances in applied energy,Q1,18.3
advances in applied mathematics,Q2,1.2
advances in applied mathematics and mechanics,Q3,0.8
advances in applied probability,Q3,1
advances in archaeological practice,,1.8
advances in artificial intelligence and machine learning,Q4,0.8
advances in astronomy,Q4,0.9
advances in atmospheric sciences,Q1,5
advances in autism,Q4,1
advances in bamboo science,Q1,3.9
advances in biological regulation,Q3,2.7
advances in bridge engineering,Q3,2.4
advances in building energy research,Q2,2.7
advances in calculus of variations,Q1,1.5
advances in cancer biology metastasis,Q2,4.2
advances in cement research,Q3,2.3
advances in civil and architectural engineering,Q4,0.9
advances in civil engineering,Q3,1.8
advances in civil engineering materials,Q4,1.6
advances in climate change research,Q1,5.6
advances in clinical and experimental medicine,Q3,2.5
advances in cognitive psychology,Q4,0.9
advances in colloid and interface science,Q1,23.7
advances in complex systems,Q3,1.1
advances in computational design an international journal,Q4,0.7
advances in computational mathematics,Q1,2.6
advances in concrete construction,Q3,1.7
advances in condensed matter physics,Q2,3.1
advances in continuous and discrete models,Q1,1.6
advances in data analysis and classification,Q1,2.1
advances in data science and adaptive analysis,Q4,0.6
advances in developing human resources,Q2,2.1
advances in differential equations,Q1,1.4
advances in differential equations and control processes,Q2,1.2
advances in digestive medicine,Q4,0.5
advances in dual diagnosis,Q4,0.7
advances in electrical and computer engineering,Q4,0.9
advances in electrical and electronic engineering,Q4,1.3
advances in energy research,Q4,2
advances in engineering software,Q1,6.3
advances in environmental research an international journal,Q4,0.5
advances in fuzzy systems,Q1,1.9
advances in geo energy research,Q1,11.2
advances in geodesy and geoinformation,Q4,0.6
advances in geometry,Q2,0.8
advances in gerontology,Q4,1.3
advances in group theory and applications,Q3,0.5
advances in health sciences education,Q1,3.4
advances in high energy physics,Q4,1
advances in hospitality and tourism research ahtr,Q3,1.7
advances in human biology,Q4,0.9
advances in human computer interaction,Q3,2.4
advances in industrial and manufacturing engineering,Q1,6.1
advances in integrative medicine,Q3,1.4
advances in kidney disease and health,Q2,3.1
advances in laboratory medicine avances en medicina de laboratorio,Q3,1.4
advances in life course research,Q1,3
advances in manufacturing,Q2,3.9
advances in materials and processing technologies,Q3,2.3
advances in materials research an international journal,Q4,1.6
advances in materials science,Q4,1.9
advances in mathematical physics,Q3,1.4
advances in mathematics,Q1,1.7
advances in mathematics of communications,Q3,0.8
advances in mechanical engineering,Q2,2.3
advances in medical education and practice,Q2,1.9
advances in medical sciences,Q3,2.5
advances in mental health,Q3,1.8
advances in mental health and intellectual disabilities,Q4,0.7
advances in meteorology,Q3,2.6
advances in methods and practices in psychological science,Q1,14.6
advances in multimedia,Q4,0.9
advances in nano research,Q2,3.7
advances in natural sciences nanoscience and nanotechnology,Q3,2.4
advances in neonatal care,Q3,1.6
advances in neurodevelopmental disorders,Q1,2
advances in nonlinear analysis,Q1,3.4
advances in nursing science,Q3,1.7
advances in nutrition,Q1,12.7
advances in operator theory,Q3,0.7
advances in ophthalmology practice and research,Q1,4.5
advances in optics and photonics,Q1,30.1
advances in orthopedics,Q3,1.5
advances in pharmacological and pharmaceutical sciences,Q2,2.9
advances in pharmacology and pharmacy,Q4,0.9
advances in physics,Q1,7
advances in physics x,Q1,9.9
advances in physiology education,Q2,1.9
advances in polymer technology,Q2,3.7
advances in production engineering management,Q3,3.2
advances in public health,Q3,1.7
advances in pure and applied mathematics,Q4,0.3
advances in radiation oncology,Q2,2.9
advances in radio science,Q4,0.9
advances in redox research,Q2,3.8
advances in rehabilitation science and practice,Q2,2.3
advances in respiratory medicine,Q1,4.5
advances in rheumatology,Q2,2.8
advances in sample preparation,Q1,6.6
advances in science and technology research journal,Q3,1.5
advances in simulation,Q2,3.6
advances in skin wound care,Q3,1.5
advances in space research,Q1,3.2
advances in structural engineering,Q2,2.5
advances in theoretical and mathematical physics,Q2,2.2
advances in therapy,Q1,4.7
advances in traditional medicine,Q4,1.4
advances in urology,Q4,0.6
advances in virology,Q3,2.1
advances in water resources,Q2,4.1
advances in weed science,Q3,1
advances in wound care,Q1,5.7
adversity and resilience science,Q2,2.1
aedos revista do corpo discente do programa de pos graduacao em historia da ufrgs,Q4,<0.1
aem education and training,Q3,1.6
aeolian research,Q2,3.2
aequationes mathematicae,Q2,0.9
aera open,Q1,2.8
aerobiologia,Q2,2.1
aeronautical journal,Q3,1.8
aerosol and air quality research,Q3,2.9
aerosol science and engineering,Q3,2.3
aerosol science and technology,Q3,2.2
aerospace,Q2,2.5
aerospace america,Q4,<0.1
aerospace medicine and human performance,Q4,0.8
aerospace research in bulgaria,Q4,0.4
aerospace science and technology,Q1,6.4
aerotecnica missili e spazio,Q3,1.5
aesthetic plastic surgery,Q1,2.7
aesthetic surgery journal,Q1,4.2
aesthetic surgery journal open forum,Q2,2.3
aestimum,,N/A
aeu international journal of electronics and communications,Q2,3.1
aevum rassegna di scienze storiche linguistiche e filologiche,,0.1
affective science,Q2,2.8
affilia feminist inquiry in social work,Q1,2.4
afghanistan,,0.2
afinidad,Q4,0.4
afkar jurnal akidah pemikiran islam journal of aqidah islamic thought,,0.5
africa,Q1,1.3
africa education review,Q4,0.5
africa journal of management,Q3,1.9
africa review,Q3,0.5
africa spectrum,Q1,1.8
african affairs,Q1,2.3
african american review,,<0.1
african and asian studies,Q2,1.2
african archaeological review,Q2,1.1
african arts,,0.4
african biodiversity conservation,,N/A
african development review revue africaine de developpement,Q2,2.1
african diaspora,Q4,0.3
african disability rights yearbook,Q4,0.2
african economic history,Q2,0.4
african entomology,Q3,0.9
african geographical review,Q2,1.7
african health sciences,Q3,0.9
african historical review,Q3,0.2
african invertebrates,Q3,0.8
african journal of accounting auditing and finance,Q4,0.6
african journal of agricultural and resource economics afjare,Q4,0.3
african journal of aquatic science,Q3,0.9
african journal of business ethics,Q4,0.4
african journal of disability,Q3,1.6
african journal of ecology,Q4,1.4
african journal of economic and management studies,Q2,2
african journal of emergency medicine,Q3,1.3
african journal of employee relations,Q4,0.1
african journal of health professions education,Q4,0.7
african journal of herpetology,Q3,0.8
african journal of information systems,Q4,0.7
african journal of international and comparative law,Q4,0.2
african journal of laboratory medicine,Q4,1.4
african journal of legal studies,Q3,0.4
african journal of library archives and information science,Q3,0.7
african journal of marine science,Q3,1.1
african journal of nursing and midwifery,Q4,0.6
african journal of primary health care family medicine,Q3,1.7
african journal of range forage science,Q3,1.6
african journal of reproductive health,Q4,1
african journal of research in mathematics science and technology education,Q3,1
african journal of rhetoric,,<0.1
african journal of science technology innovation development,Q2,1.6
african journal of urology,Q4,0.7
african journal of wildlife research,Q3,1.2
african journal on conflict resolution,Q3,0.6
african journalism studies,Q3,0.9
african review of economics and finance aref,Q4,0.2
african security,Q2,2.1
african security review,Q3,1.1
african studies,Q2,0.7
african studies review,Q2,0.9
african vision and eye health,Q4,0.8
african zoology,Q3,0.9
africana linguistica,Q4,<0.1
afrika focus,Q4,0.1
afrika matematika,Q2,0.8
afriques debats methodes et terrains d histoire,Q4,0.2
afterall,,0.2
agathos an international review of the humanities and social sciences,,0.1
age and ageing,Q1,7.4
age of human rights journal,Q3,0.5
ageing international,Q4,1.1
ageing research reviews,Q1,15.5
ageing society,Q2,2.2
agenda empowering women for gender equity,Q3,0.9
ager revista de estudios sobre despoblacion y desarrollo rural,Q3,0.7
aggregate,Q1,14.5
aggression and violent behavior,Q1,4.5
aggressive behavior,Q2,2.3
aging and disease,Q1,9.6
aging and health research,Q3,2.7
aging brain,Q2,2.8
aging cell,Q1,7.7
aging clinical and experimental research,Q2,4.7
aging male,Q2,3
aging medicine,Q3,3.1
aging medicine and healthcare,,N/A
aging mental health,Q2,2.9
aging neuropsychology and cognition,Q3,2
agora estudos classicos em debate,,0.1
agora papeles de filosofia,,0.1
agora para la educacion fisica y el deporte,Q4,0.3
agrarforschung schweiz,Q4,0.2
agrarian south journal of political economy,Q2,1.7
agrekon,Q2,2.1
agri the journal of the turkish society of algology,Q3,0.8
agribusiness,Q2,2.4
agricultura sociedad y desarrollo,Q4,0.4
agricultural and food economics,Q1,5.4
agricultural and food science,Q3,1
agricultural and forest entomology,Q2,1.7
agricultural and forest meteorology,Q1,6.6
agricultural and resource economics international scientific e journal,Q3,1.3
agricultural and resource economics review,Q2,2
agricultural economics,Q1,4.7
agricultural economics zemedelska ekonomika,Q2,1.6
agricultural engineering poland,Q2,2.6
agricultural environmental letters,Q2,3.3
agricultural finance review,Q3,1.6
agricultural history,Q1,0.8
agricultural history review,Q1,0.6
agricultural research,Q3,1.5
agricultural science and practice,Q4,0.2
agricultural systems,Q1,6.2
agricultural water management,Q1,7.8
agriculture and human values,Q1,4.3
agriculture basel,Q1,4.5
agriculture communications,Q1,11.9
agriculture ecosystems environment,Q1,7.7
agriculture food security,Q1,6.1
agriengineering,Q2,3.1
agris on line papers in economics and informatics,Q4,0.9
agritech,Q4,0.4
agrivita,Q4,0.5
agrociencia,Q4,0.5
agrociencia uruguay,Q4,0.8
agroecology and sustainable food systems,Q2,2.4
agroforestry systems,Q1,3.2
agroindustria sociedad y ambiente asa,Q4,<0.1
agrolife scientific journal,Q3,1
agronomia mesoamericana,Q4,0.6
agronomy basel,Q1,4.1
agronomy for sustainable development,Q1,8.2
agronomy journal,Q2,2.5
agrosystems geosciences environment,Q2,2.1
agu advances,Q1,7.4
agua y territorio,Q4,1.1
ai,Q1,6.5
ai communications,Q4,1.3
ai edam artificial intelligence for engineering design analysis and manufacturing,Q2,2.5
ai magazine,Q2,3.5
ai open,Q1,8.9
ai society,Q2,6.1
aiaa journal,Q1,3.2
aib studi,Q4,0.2
aibr revista de antropologia iberoamericana,Q4,0.4
aiche journal,Q2,4.4
aids,Q2,2.9
aids and behavior,Q2,2.5
aids care psychological and socio medical aspects of aids hiv,Q3,1.5
aids education and prevention,Q2,1.5
aids patient care and stds,Q1,4.4
aids research and human retroviruses,Q4,1
aids research and therapy,Q2,2.8
aids research and treatment,Q3,2.1
aids reviews,Q3,2
aila review,Q3,0.8
aims agriculture and food,Q2,1.8
aims allergy and immunology,Q4,0.4
aims bioengineering,Q4,1.6
aims biophysics,Q4,1.9
aims energy,Q4,2
aims environmental science,Q4,1.3
aims geosciences,Q4,1.1
aims materials science,Q4,2.1
aims mathematics,Q1,1.8
aims medical science,Q4,0.7
aims microbiology,Q1,5.4
aims molecular science,Q4,1.3
aims neuroscience,Q2,4.3
aims public health,Q1,4
ain shams engineering journal,Q1,6.2
ain shams journal of anesthesiology,Q4,0.4
aip advances,Q4,1.7
air quality atmosphere and health,Q3,3.1
air soil and water research,Q3,2.9
air space law,Q2,0.8
aircraft engineering and aerospace technology,Q2,2
ais transactions on human computer interaction,Q1,3.4
aitia regards sur la culture hellenistique au xxie siecle,Q4,<0.1
ajalooline ajakiri the estonian historical journal,Q2,0.3
ajar african journal of aids research,Q4,1.3
ajidd american journal on intellectual and developmental disabilities,Q1,2.3
ajil unbound,Q1,1.8
ajog global reports,Q2,2.7
ajp reports,Q4,0.7
ajpm focus,Q2,2.8
ajs review the journal of the association for jewish studies,Q2,0.3
akademika,Q3,0.6
akce international journal of graphs and combinatorics,Q2,0.9
akkadica,,0.3
akroterion journal for the classics in south africa,,0.1
aktualni gynekologie a porodnictvi,Q4,0.1
aktualnosci neurologiczne,Q4,0.2
aktuelle dermatologie,Q4,0.1
aktuelle ernahrungsmedizin,Q4,0.5
aktuelle kardiologie,Q4,<0.1
aktuelle rheumatologie,Q4,0.1
aktuelle urologie,Q4,0.5
akustika,Q4,0.8
al arabiyya journal of the american association of teachers of arabic,,0.1
al bayan journal of quran and hadith studies,,0.1
al jamiah journal of islamic studies,,0.3
al masaq journal of the medieval mediterranean,,0.6
al qantara,Q1,0.6
al shajarah,,0.1
alabe revista de investigacion sobre lectura y escritura,,0.2
alberta law review,Q2,0.7
alcheringa,Q1,2.6
alcohol,Q2,2.9
alcohol and alcoholism,Q3,2.3
alcohol clinical and experimental research,Q2,2.4
alcohol research current reviews,Q1,8.4
alcoholism treatment quarterly,Q4,1.2
aldrichimica acta,Q4,0.8
alea estudos neolatinos,,0.1
alea latin american journal of probability and mathematical statistics,Q4,0.6
alergia astma immunologia,Q4,0.2
alergologia polska polish journal of allergology,Q4,1.1
alexandria engineering journal,Q1,6.4
alexandria journal of medicine,Q3,0.7
algae,Q1,3.3
algal research biomass biofuels and bioproducts,Q1,5
algebra and discrete mathematics,Q4,0.4
algebra and logic,Q4,0.4
algebra colloquium,Q4,0.3
algebra number theory,Q1,1.4
algebra universalis,Q4,0.4
algebraic and geometric topology,Q2,0.8
algebraic combinatorics,Q2,1.1
algebraic geometry,Q2,1.1
algebras and representation theory,Q3,0.6
algorithmica,Q3,1
algorithms,Q2,2.6
algorithms for molecular biology,Q3,1.6
alicante journal of english studies revista alicantina de estudios ingleses,Q3,0.3
alimentary pharmacology therapeutics,Q1,6.8
alkoholizm i narkomania alcoholism and drug addiction,Q4,0.5
all azimuth a journal of foreign policy and peace,Q3,1
all earth,Q2,3
all life,Q3,1.4
allergo journal,Q4,0.4
allergologie,Q4,0.7
allergologie select,Q1,5.1
allergology international,Q1,6.2
allergy,Q1,11.3
allergy and asthma proceedings,Q3,2
allergy asthma and clinical immunology,Q2,3
allergy asthma immunology research,Q2,4.3
allergy asthma respiratory disease,Q4,0.3
allgemeine vermessungs nachrichten,Q4,0.3
allgemeine zeitschrift fur philosophie,,0.2
almatourism journal of tourism culture and territorial development,Q4,0.3
aloma revista de psicologia ciencies de l educacio i de l esport,Q3,1.3
alpha psychiatry,Q2,2.9
alpha revista de artes letras y filosofia,,0.2
alpine botany,Q1,3.9
alpine entomology,Q2,1.4
alsic apprentissage des langues et systems d information et de communication,Q4,0.2
alter european journal of disability research,Q4,0.2
alteridad revista de educacion,Q3,0.9
alternativas cuadernos de trabajo social,Q3,0.9
alternative an international journal of indigenous peoples,Q2,1.4
alternative law journal,Q2,0.8
alternatives,Q3,1.4
altex alternatives to animal experimentation,Q1,5.5
altre modernita rivista di studi letterari e culturali,Q4,0.1
alzheimer disease associated disorders,Q3,1.6
alzheimer s dementia diagnosis assessment disease monitoring,Q1,4.9
alzheimers dementia,Q1,12.8
alzheimers dementia translational research clinical interventions,Q1,7.4
alzheimers research therapy,Q1,8.9
am journal of art and media studies,,0.2
ama agricultural mechanization in asia africa and latin america,Q4,0.7
amaltea revista de mitocritica,,<0.1
amb express,Q2,3.9
ambio,Q1,5.7
ambitos,Q3,0.6
ambitos revista de estudios de ciencias sociales y humanidades,,<0.1
ambix,Q3,0.6
ame case reports,Q3,0.6
ame medical journal,Q3,0.8
ame surgical journal,Q4,0.7
ameghiniana,Q3,1.4
amerasia journal,,0.3
america latina hoy revista de ciencias sociales,Q3,0.6
america sin nombre,,0.2
american annals of the deaf,Q4,1
american anthropologist,Q1,1.9
american antiquity,Q1,1.9
american art,,0.2
american bankruptcy law journal,Q3,0.4
american behavioral scientist,Q2,1.7
american biology teacher,Q4,0.4
american book review,,0.2
american british and canadian studies,,<0.1
american business law journal,Q2,1.1
american catholic philosophical quarterly,,0.4
american ceramic society bulletin,Q4,0.5
american criminal law review,Q2,0.6
american economic journal applied economics,Q1,6.1
american economic journal economic policy,Q1,5.5
american economic journal macroeconomics,Q1,6.9
american economic journal microeconomics,Q2,2.3
american economic review,Q1,9.5
american economic review insights,Q1,5.1
american educational research journal,Q1,3.8
american ethnologist,Q1,3.3
american fern journal,Q4,0.5
american heart journal,Q2,3.4
american heart journal plus cardiology research and practice,Q3,2.3
american historical review,Q1,0.9
american imago,,0.1
american indian and alaska native mental health research,Q3,1.2
american indian culture and research journal,Q2,0.4
american jewish history,Q3,0.2
american journal of agricultural economics,Q1,4.9
american journal of alzheimers disease and other dementias,Q2,3.3
american journal of archaeology,,1
american journal of audiology,Q2,1.7
american journal of bioethics,Q1,17.6
american journal of biological anthropology,Q1,2.4
american journal of botany,Q2,2.8
american journal of business,Q3,2
american journal of cancer research,Q2,3.1
american journal of cardiology,Q2,2.5
american journal of cardiovascular disease,Q3,1.4
american journal of cardiovascular drugs,Q2,3.2
american journal of case reports,Q3,0.8
american journal of chinese medicine,Q1,7.8
american journal of clinical and experimental immunology,Q4,1.9
american journal of clinical and experimental urology,Q3,1.5
american journal of clinical dermatology,Q1,11.4
american journal of clinical hypnosis,Q4,0.5
american journal of clinical nutrition,Q1,7.1
american journal of clinical oncology cancer clinical trials,Q4,1.8
american journal of clinical pathology,Q2,2.3
american journal of community psychology,Q1,2.8
american journal of comparative law,Q2,1.3
american journal of criminal justice,Q2,1.7
american journal of critical care,Q1,2.6
american journal of cultural sociology,Q3,1.3
american journal of dance therapy,Q3,1.2
american journal of dentistry,Q4,1.1
american journal of dermatopathology,Q4,0.8
american journal of distance education,Q3,1.2
american journal of drug and alcohol abuse,Q2,2.6
american journal of economics and sociology,Q2,1.8
american journal of education,Q2,1.9
american journal of emergency medicine,Q2,2.9
american journal of enology and viticulture,Q2,2.2
american journal of epidemiology,Q1,4.1
american journal of evaluation,Q2,1.1
american journal of family therapy,Q4,0.8
american journal of forensic medicine and pathology,Q4,0.7
american journal of gastroenterology,Q1,8.5
american journal of geriatric psychiatry,Q1,5.1
american journal of health economics,Q2,1.9
american journal of health education,Q4,1
american journal of health promotion,Q3,2.1
american journal of health system pharmacy,Q3,1.9
american journal of hematology,Q1,9.4
american journal of hospice palliative medicine,Q4,1.4
american journal of human biology,Q1,1.9
american journal of human genetics,Q1,7.7
american journal of hypertension,Q2,2.9
american journal of industrial medicine,Q2,2.4
american journal of infection control,Q2,2.6
american journal of international law,Q1,2.3
american journal of kidney diseases,Q1,9.4
american journal of law medicine,Q2,0.7
american journal of legal history,Q2,0.7
american journal of lifestyle medicine,Q3,1.9
american journal of managed care,Q2,2.1
american journal of mathematics,Q1,1.9
american journal of medical genetics part a,Q4,1.7
american journal of medical genetics part b neuropsychiatric genetics,Q4,1.4
american journal of medical genetics part c seminars in medical genetics,Q3,2.5
american journal of medical quality,Q4,1.1
american journal of medicine,Q1,6
american journal of mens health,Q2,2.4
american journal of nephrology,Q1,3.8
american journal of neuroradiology,Q2,3.5
american journal of nuclear medicine and molecular imaging,Q3,1.7
american journal of nursing,Q2,2.1
american journal of obstetrics and gynecology,Q1,7.9
american journal of obstetrics gynecology mfm,Q1,3.6
american journal of occupational therapy,Q1,2.4
american journal of ophthalmology,Q1,4.7
american journal of orthodontics and dentofacial orthopedics,Q1,4.4
american journal of orthopsychiatry,Q1,1.9
american journal of otolaryngology,Q2,1.8
american journal of pathology,Q1,4.9
american journal of perinatology,Q3,1.4
american journal of pharmaceutical education,Q1,3.1
american journal of philology,,0.3
american journal of physical medicine rehabilitation,Q2,2.3
american journal of physics,Q3,0.9
american journal of physiology cell physiology,Q1,5.4
american journal of physiology endocrinology and metabolism,Q1,4.2
american journal of physiology gastrointestinal and liver physiology,Q2,3
american journal of physiology heart and circulatory physiology,Q1,3.9
american journal of physiology lung cellular and molecular physiology,Q1,3.8
american journal of physiology regulatory integrative and comparative physiology,Q2,2.6
american journal of physiology renal physiology,Q1,3.6
american journal of play,Q3,0.5
american journal of political science,Q1,4.7
american journal of potato research,Q3,1.5
american journal of preventive cardiology,Q1,5.4
american journal of preventive medicine,Q1,4.7
american journal of primatology,Q2,1.7
american journal of psychiatry,Q1,15.9
american journal of psychology,Q4,0.4
american journal of psychotherapy,Q3,1.7
american journal of public health,Q1,7.8
american journal of reproductive immunology,Q3,2.5
american journal of respiratory and critical care medicine,Q1,21.7
american journal of respiratory cell and molecular biology,Q1,5.4
american journal of rhinology allergy,Q1,2.8
american journal of roentgenology,Q1,7.4
american journal of science,Q2,3.5
american journal of semiotics,,0.1
american journal of sexuality education,Q2,1.4
american journal of sociology,Q1,4.3
american journal of speech language pathology,Q1,2.5
american journal of sports medicine,Q1,5.4
american journal of stem cells,Q3,2.7
american journal of surgery,Q2,2.3
american journal of surgical pathology,Q1,4.2
american journal of the medical sciences,Q2,2.4
american journal of therapeutics,Q2,3.5
american journal of translational research,Q3,1.8
american journal of transplantation,Q1,8.1
american journal of tropical medicine and hygiene,Q3,1.9
american journal of veterinary research,Q2,1.6
american journal on addictions,Q3,2.2
american journalism,Q4,0.4
american law and economics review,Q3,0.5
american literary history,,0.4
american literature,,0.7
american malacological bulletin,Q3,0.8
american mathematical monthly,Q3,0.5
american mineralogist,Q2,2.6
american museum novitates,Q2,1.3
american music,,0.1
american naturalist,Q2,2.7
american nineteenth century history,Q3,0.2
american periodicals,,0.1
american philosophical quarterly,,1.2
american poetry review,,<0.1
american political science review,Q1,5.9
american political thought,Q4,0.4
american politics research,Q2,1.6
american psychologist,Q1,6.6
american quarterly,,0.9
american review of canadian studies,Q4,0.3
american review of public administration,Q2,2.9
american scientist,Q4,0.5
american sociological review,Q1,6.9
american sociologist,Q3,0.9
american speech,Q3,0.5
american statistician,Q1,2.2
american studies in scandinavia,,0.1
american surgeon,Q3,1
americania revista de estudios latinoamericanos,Q3,0.2
americas,Q1,1.1
amfiteatru economic,Q2,2.6
amino acids,Q3,3.2
amme idaresi dergisi,Q4,0.2
amphibia reptilia,Q2,1.3
amphibian reptile conservation,Q3,1.1
amyloid journal of protein folding disorders,Q1,5.1
amyotrophic lateral sclerosis and frontotemporal degeneration,Q3,2.4
anacronismo e irrupcion,Q4,<0.1
anadolu arastirmalari anatolian research,Q3,0.2
anadolu universitesi sanat tasarim dergisi anadolu university journal of art design,,0.4
anaerobe,Q3,3.1
anaesthesia,Q1,7.4
anaesthesia and intensive care,Q3,1.5
anaesthesia and intensive care medicine,Q4,0.6
anaesthesia critical care pain medicine,Q1,5.4
anaesthesia pain intensive care,Q4,0.3
anaesthesia reports,Q3,1.1
anaesthesiologie,Q3,1.1
anaesthesiology intensive therapy,Q2,2.3
anafora,,0.1
anais brasileiros de dermatologia,Q1,4.4
anais brasileiros de estudos turisticos abet,Q4,0.3
anais da academia brasileira de ciencias,Q3,1.2
analecta politica,Q4,0.1
analele stiintifice ale universitatii ovidius constanta seria matematica,Q3,0.5
analele universitatii bucuresti filosofie annals of the university of bucharest philosophy,,<0.1
anales afa,Q4,0.2
anales cervantinos,,<0.1
anales de documentacion,Q4,0.3
anales de filologia francesa,,0.1
anales de geografia de la universidad complutense,Q4,0.3
anales de historia del arte,,0.1
anales de la facultad de medicina universidad de la republica uruguay,Q4,0.1
anales de la literatura espanola contemporanea,,0.1
anales de la universidad de alicante historia medieval,,0.2
anales de literatura chilena,,0.1
anales de literatura espanola,,0.2
anales de literatura hispanoamericana,,<0.1
anales de pediatria,Q1,2.6
anales de psicologia,Q2,1.8
anales del instituto de actuarios espanoles,Q4,0.6
anales del jardin botanico de madrid,Q4,0.4
anales del seminario de historia de la filosofia,,0.2
anales del sistema sanitario de navarra,Q4,1.1
anales galdosianos,,0.1
anali zavoda za povijesne znanosti hrvatske akademije znanosti i umjetnosti u dubrovniku,Q3,0.1
analisi quaderns de comunicacio i cultura,Q3,1.3
analisis filosofico,,0.1
analog integrated circuits and signal processing,Q3,1.8
analyses of social issues and public policy,Q3,1.4
analyses revue de critique et de theorie litteraire,,<0.1
analysis,,1
analysis and applications,Q1,2.3
analysis and geometry in metric spaces,Q3,0.7
analysis and mathematical physics,Q1,1.3
analysis in theory and applications,Q4,0.4
analysis international mathematical journal of analysis and its applications,Q3,0.6
analysis mathematica,Q3,0.5
analysis of verbal behavior,Q4,0.6
analysis pde,Q1,2
analysis sensing,Q2,3.3
analyst,Q2,3.6
analytic methods in accident research,Q1,10.7
analytic philosophy,,0.9
analytica,Q1,7.4
analytica chimica acta,Q1,6.1
analytical and bioanalytical chemistry,Q2,4.1
analytical and bioanalytical chemistry research,Q4,1.2
analytical bioanalytical electrochemistry,Q4,1.4
analytical biochemistry,Q2,3.1
analytical cellular pathology,Q2,2.5
analytical chemistry,Q1,7.3
analytical chemistry letters,Q4,1.6
analytical letters,Q3,1.8
analytical methods,Q2,3
analytical science advances,Q1,5.4
analytical science and technology,Q4,0.5
analytical sciences,Q3,2
anaquel de estudios arabes,,0.1
anasthesiologie intensivmedizin,Q4,0.8
anasthesiologie intensivmedizin notfallmedizin schmerztherapie,Q4,0.5
anatolia international journal of tourism and hospitality research,Q3,1.5
anatolian journal of cardiology,Q3,2.1
anatolian studies,Q1,0.8
anatomia histologia embryologia,Q3,0.9
anatomical record advances in integrative anatomy and evolutionary biology,Q1,2.6
anatomical science international,Q2,1.7
anatomical sciences education,Q1,5.1
anatomy cell biology,Q3,1.1
ancient asia journal of the society of south asian archaeology,,0.1
ancient civilizations from scythia to siberia,,0.3
ancient mesoamerica,,0.8
ancient near eastern studies,,0.2
ancient philosophy today dialogoi,Q3,0.6
ancient science of life,Q4,0.2
anclajes,,0.2
andamios,Q4,0.2
andean geology,Q3,0.8
andean journal of education,Q4,0.5
andes pediatrica,Q4,0.7
andrologia,Q4,1.3
andrology,Q1,3.4
anduli,Q4,0.6
anemia,Q2,3.7
anesteziologie a intenzivni medicina,Q4,0.2
anesthesia and analgesia,Q1,4.7
anesthesia and pain medicine,Q1,3.6
anesthesie reanimation,Q4,0.1
anesthesiology,Q1,9.4
anesthesiology and perioperative science,Q1,7.5
anesthesiology research and practice,Q3,1.5
angelaki journal of the theoretical humanities,,0.5
angermion yearbook for anglo german literary criticism intellectual history and cultural transfers jahrbuch fuer britisch deutsche kulturbeziehungen,,<0.1
angewandte chemie international edition,Q1,17.6
angiogenesis,Q1,11.2
angiologia,Q4,0.1
angiology,Q2,2.7
angle orthodontist,Q1,3.7
anglia zeitschrift fur englische philologie,,0.1
anil aggrawals internet journal of forensic medicine and toxicology,Q4,<0.1
animal,Q1,4.1
animal behaviour,Q1,2.3
animal biodiversity and conservation,Q3,1.3
animal biology,Q3,0.8
animal bioscience,Q1,3.2
animal biotechnology,Q2,2
animal biotelemetry,Q1,3
animal cells and systems,Q1,3.6
animal cognition,Q1,2.3
animal conservation,Q2,3.1
animal diseases,Q1,3
animal feed science and technology,Q1,3.2
animal frontiers,Q1,7.8
animal genetics,Q2,2.2
animal health research reviews,Q1,8.1
animal microbiome,Q1,4.5
animal models and experimental medicine,Q2,3.3
animal nutrition,Q1,8.3
animal production science,Q3,1.3
animal reproduction,Q2,2.3
animal reproduction science,Q1,2.6
animal research and one health,Q1,5.3
animal science journal,Q3,1.6
animal science papers and reports,Q3,1.1
animal taxonomy and ecology,Q3,0.9
animal welfare,Q1,2.9
animals,Q1,3.2
animation an interdisciplinary journal,,0.5
ankara avrupa calismalari dergisi ankara review of european studies,Q4,0.3
ankara universitesi egitim bilimleri fakultesi ozel egitim dergisi ankara university faculty of educational sciences journal of special education,Q4,1
ankara universitesi veteriner fakultesi dergisi,Q4,0.7
annalen der physik,Q2,2.3
annales anali za istrske in mediteranske studije series historia et sociologia,,0.2
annales botanici fennici,Q4,0.7
annales d endocrinologie,Q2,3.4
annales de biologie clinique,Q4,0.4
annales de bretagne et des pays de l ouest,Q4,<0.1
annales de chirurgie plastique esthetique,Q4,0.5
annales de dermatologie et de venereologie,Q2,2.9
annales de l institut fourier,Q2,1
annales de l institut henri poincare analyse non lineaire,Q1,3
annales de l institut henri poincare d,Q2,1.6
annales de l institut henri poincare probabilites et statistiques,Q2,1.7
annales de la societe entomologique de france,Q3,1
annales de paleontologie,Q4,0.7
annales de pathologie,Q4,0.3
annales fennici mathematici,Q3,0.7
annales francaises de medecine d urgence,Q4,0.4
annales geophysicae,Q3,1.9
annales henri poincare,Q3,1.4
annales historiques de la revolution francaise,Q3,0.1
annales instituti archaeologici,,0.3
annales mathematicae et informaticae,Q4,0.4
annales mathematicae silesianae,Q4,0.4
annales mathematiques du quebec,Q2,0.8
annales medico psychologiques,Q4,0.3
annales pharmaceutiques francaises,Q4,1.3
annales polonici mathematici,Q4,0.4
annales scientifiques de l ecole normale superieure,Q1,2.4
annales societatis geologorum poloniae,Q4,0.5
annales universitatis paedagogicae cracoviensis studia mathematica,Q4,0.3
annales zoologici,Q4,0.7
annales zoologici fennici,Q4,0.4
annali dell istituto storico italo germanico in trento,,N/A
annali dell istituto superiore di sanita,Q3,2.1
annali della scuola normale superiore di pisa classe di scienze,Q1,1.5
annali di botanica,Q4,0.8
annali di igiene medicina preventiva e di comunita,Q2,2.4
annali di matematica pura ed applicata,Q2,0.9
annali di storia delle universita italiane,Q3,0.1
annali italiani di chirurgia,Q4,0.8
annals abbasi shaheed hospital karachi medical dental college,Q4,0.1
annals academy of medicine singapore,Q1,2.9
annals in social responsibility,Q4,<0.1
annals of actuarial science,Q3,1
annals of african medicine,Q3,1
annals of agricultural and environmental medicine,Q3,1.5
annals of agricultural sciences,Q1,4.3
annals of allergy asthma immunology,Q1,7.1
annals of anatomy anatomischer anzeiger,Q1,2.4
annals of animal science,Q1,2.9
annals of anthropological practice,Q4,0.4
annals of applied biology,Q2,2.1
annals of applied probability,Q1,2.2
annals of applied statistics,Q2,1.5
annals of behavioral medicine,Q1,4
annals of biomedical engineering,Q2,5.2
annals of blood,Q4,1.4
annals of botany,Q1,4.1
annals of breast surgery,Q2,1.8
annals of cardiac anaesthesia,Q3,1.4
annals of cardiothoracic surgery,Q1,4.1
annals of carnegie museum,Q4,0.7
annals of clinical and analytical medicine,Q4,0.1
annals of clinical and laboratory science,Q4,0.9
annals of clinical and translational neurology,Q2,3.9
annals of clinical biochemistry,Q4,1.1
annals of clinical microbiology and antimicrobials,Q2,5.2
annals of clinical psychiatry,Q4,1
annals of coloproctology,Q2,2.2
annals of combinatorics,Q3,0.8
annals of corporate governance,Q3,2
annals of dermatology,Q3,1.9
annals of diagnostic pathology,Q3,1.6
annals of dyslexia,Q1,4.5
annals of economics and finance,Q4,0.7
annals of emergency medicine,Q1,6.5
annals of epidemiology,Q1,3.6
annals of esophagus,Q4,0.7
annals of eye science,Q4,1
annals of family medicine,Q1,5.3
annals of finance,Q3,1.1
annals of financial economics,Q3,1.5
annals of forest research,Q2,2.5
annals of forest science,Q1,3.3
annals of functional analysis,Q2,0.9
annals of gastroenterological surgery,Q2,3.2
annals of gastroenterology,Q3,2.7
annals of general psychiatry,Q1,5.8
annals of geophysics,Q3,1.6
annals of geriatric medicine and research,Q3,2.8
annals of gis,Q1,4.8
annals of glaciology,Q2,2.4
annals of global analysis and geometry,Q2,0.8
annals of global health,Q1,5.1
annals of hematology,Q3,2.3
annals of hepato biliary pancreatic surgery,Q2,1.8
annals of hepatology,Q1,6.2
annals of human biology,Q1,1.8
annals of human genetics,Q4,1.5
annals of indian academy of neurology,Q3,1.8
annals of indian psychiatry,Q4,0.3
annals of intensive care,Q1,6.9
annals of internal medicine,Q1,17.2
annals of joint,Q2,2.6
annals of k theory,Q2,0.9
annals of king edward medical university lahore pakistan,Q4,0.2
annals of laboratory medicine,Q1,4.4
annals of laparoscopic and endoscopic surgery,Q3,1.2
annals of leisure research,Q3,2
annals of library and information studies,Q4,0.4
annals of mathematical sciences and applications,Q4,0.5
annals of mathematics,Q1,5.1
annals of mathematics and artificial intelligence,Q2,1.6
annals of medicine,Q1,4.9
annals of medicine and surgery,Q2,1.6
annals of microbiology,Q1,5.1
annals of neurology,Q1,7.5
annals of neurosciences,Q3,3.1
annals of noninvasive electrocardiology,Q4,0.9
annals of nuclear energy,Q1,2.5
annals of nuclear medicine,Q2,2.4
annals of nutrition and metabolism,Q3,2.1
annals of occupational and environmental medicine,Q2,3
annals of oncology,Q1,80.4
annals of operations research,Q2,4.1
annals of otology rhinology and laryngology,Q3,1.3
annals of pde,Q1,3
annals of pediatric cardiology,Q4,0.8
annals of pediatric endocrinology metabolism,Q2,2.4
annals of pediatric surgery,Q4,0.4
annals of pharmacotherapy,Q3,2.5
annals of physical and rehabilitation medicine,Q1,4
annals of physics,Q2,3
annals of plastic surgery,Q3,1.6
annals of probability,Q1,2.7
annals of public and cooperative economics,Q1,3.4
annals of pure and applied logic,Q2,0.8
annals of regional science,Q2,2.4
annals of rehabilitation medicine arm,Q1,2.8
annals of saudi medicine,Q2,1.8
annals of science,Q2,0.7
annals of statistics,Q1,3.7
annals of surgery,Q1,7.4
annals of surgical oncology,Q1,3.8
annals of surgical treatment and research,Q2,2
annals of telecommunications,Q3,2.2
annals of the american academy of political and social science,Q2,1.4
annals of the american association of geographers,Q1,3.8
annals of the american thoracic society,Q1,6
annals of the entomological society of america,Q1,2.2
annals of the faculty of law in belgrade,Q4,0.1
annals of the institute of statistical mathematics,Q2,1.4
annals of the international communication association,Q1,5.8
annals of the missouri botanical garden,Q3,1.4
annals of the new york academy of sciences,Q1,4.5
annals of the rheumatic diseases,Q1,24
annals of the royal college of surgeons of england,Q2,2
annals of the university dunarea de jos of galati fascicle vi food technology,Q4,0.8
annals of the university of craiova mathematics and computer science series,Q3,0.6
annals of thoracic and cardiovascular surgery,Q3,1.3
annals of thoracic medicine,Q3,2.3
annals of thoracic surgery,Q1,5.3
annals of tourism research,Q1,8.1
annals of tourism research empirical insights,Q1,4.1
annals of transplantation,Q3,1.3
annals of vascular diseases,Q4,0.5
annals of vascular surgery,Q3,1.6
annals of work exposures and health,Q3,2.1
annee du maghreb,Q4,0.3
annee psychologique,Q4,0.5
annual of the british school at athens,,0.5
annual plant reviews online,Q3,1.3
annual review of analytical chemistry,Q1,8.3
annual review of animal biosciences,Q1,12.3
annual review of anthropology,Q1,4
annual review of applied linguistics,Q1,10.8
annual review of astronomy and astrophysics,Q1,37.3
annual review of biochemistry,Q1,24.9
annual review of biomedical data science,Q1,8.1
annual review of biomedical engineering,Q1,11.5
annual review of biophysics,Q1,12.9
annual review of cancer biology,Q1,5.5
annual review of cell and developmental biology,Q1,12.5
annual review of chemical and biomolecular engineering,Q1,13.1
annual review of clinical psychology,Q1,18.6
annual review of condensed matter physics,Q1,29
annual review of control robotics and autonomous systems,Q1,14.6
annual review of criminology,Q1,7.1
annual review of cybertherapy and telemedicine,Q4,0.5
annual review of developmental psychology,Q1,5
annual review of earth and planetary sciences,Q1,15.6
annual review of ecology evolution and systematics,Q1,12.9
annual review of economics,Q1,12.2
annual review of entomology,Q1,16.9
annual review of environment and resources,Q1,16.3
annual review of financial economics,Q1,4.1
annual review of fluid mechanics,Q1,26.1
annual review of food science and technology,Q1,15.4
annual review of genetics,Q1,9.1
annual review of genomics and human genetics,Q1,8.3
annual review of immunology,Q1,39.8
annual review of law and social science,Q1,3.2
annual review of linguistics,Q1,5.2
annual review of marine science,Q1,22.5
annual review of materials research,Q1,14.6
annual review of medicine,Q1,18.8
annual review of microbiology,Q1,12.2
annual review of neuroscience,Q1,13.8
annual review of nuclear and particle science,Q1,8.8
annual review of nutrition,Q1,13.3
annual review of organizational psychology and organizational behavior,Q1,55.9
annual review of pathology mechanisms of disease,Q1,34.5
annual review of pharmacology and toxicology,Q1,19
annual review of physical chemistry,Q1,9.5
annual review of physiology,Q1,20.3
annual review of phytopathology,Q1,13.2
annual review of plant biology,Q1,26.4
annual review of political science,Q1,8.6
annual review of psychology,Q1,41.8
annual review of public health,Q1,17.2
annual review of resource economics,Q1,7.5
annual review of sociology,Q1,8.4
annual review of statistics and its application,Q1,9.8
annual review of virology,Q1,7.4
annual review of vision science,Q1,6.5
annual reviews in control,Q1,14.4
anos 90,Q4,<0.1
anq a quarterly journal of short articles notes and reviews,,0.1
ansiedad y estres anxiety and stress,Q3,1.2
antarctic science,Q3,2.3
antares letras e humanidades,,<0.1
anthropocene,Q1,4.7
anthropocene coasts,Q1,3.7
anthropocene review,Q2,3.4
anthropological forum,Q3,0.5
anthropological journal of european cultures,Q2,1.4
anthropological measurements of philosophical research,,0.4
anthropological notebooks,Q4,0.4
anthropological quarterly,Q3,0.9
anthropological review,Q3,0.8
anthropological science,Q4,0.6
anthropological theory,Q2,1.1
anthropologie,Q3,0.7
anthropologie et sante revue internationale francophone d anthropologie de la sante,Q4,0.2
anthropologie international journal of human diversity and evolution,Q4,0.1
anthropologischer anzeiger,Q3,0.7
anthropology aging,Q3,1.4
anthropology education quarterly,Q3,0.8
anthropology in action journal for applied anthropology in policy and practice,Q4,0.3
anthropology medicine,Q2,1
anthropology of consciousness,Q3,0.5
anthropology of the middle east,Q4,0.4
anthropology of work review,Q2,1.5
anthropology southern africa,Q3,0.8
anthropology today,Q1,2.6
anthropos,Q4,0.1
anthropozoologica,Q4,0.3
anthrozoos,Q2,1.9
anti cancer agents in medicinal chemistry,Q3,2.6
anti cancer drugs,Q3,2
anti corrosion methods and materials,Q2,2.9
anti trafficking review,Q4,0.8
antibiotics basel,Q1,5.5
antibodies,Q3,3.3
antibody therapeutics,Q2,4.8
anticancer research,Q4,1.8
antichthon,,0.2
antiguedad y cristianismo,Q3,0.1
antike und abendland,,0.1
antimicrobial agents and chemotherapy,Q2,4.2
antimicrobial resistance and infection control,Q1,5.2
antimicrobial stewardship healthcare epidemiology,Q3,1.9
antioxidants,Q1,8.2
antioxidants redox signaling,Q1,6.8
antiphon a journal for liturgical renewal,,<0.1
antipode,Q1,3.7
antipodes a global journal of australian new zealand literature,,<0.1
antiquaries journal,,0.4
antiquity,Q2,1.7
antiteses,Q3,0.1
antiviral research,Q1,4.3
antiviral therapy,Q2,3.3
antonie van leeuwenhoek international journal of general and molecular microbiology,Q4,2
antropologia e teatro rivista di studi,,0.1
antropologia portuguesa,Q4,0.1
anuari de filologia estudis de linguistica,,0.1
anuari de filologia literatures contemporanies,,<0.1
anuari de filologia llengues i literaturas modernas,,<0.1
anuario calderoniano,,0.1
anuario colombiano de derecho internacional acdi,Q3,0.3
anuario colombiano de historia social y de la cultura,Q3,0.2
anuario de estudios americanos,Q2,0.4
anuario de estudios medievales,,0.2
anuario de filosofia del derecho,Q4,0.2
anuario de historia de la iglesia,Q1,0.6
anuario de historia regional y de las fronteras,Q3,0.1
anuario de la escuela de historia virtual,Q3,0.1
anuario de psicologia,Q4,0.4
anuario de psicologia juridica,Q1,2
anuario espanol de derecho internacional privado,Q4,<0.1
anuario filosofico,,0.2
anuario iberoamericano de derecho internacional penal,Q4,0.1
anuario iehs,Q1,0.5
anuario lope de vega texto literatura cultura,,1
anuario mexicano de derecho internacional,Q3,0.3
anuario musical,,0.1
anuario turismo y sociedad,Q4,0.2
anxiety stress and coping,Q2,2.6
anz journal of surgery,Q3,1.5
anziam journal,Q3,0.8
aob plants,Q2,3.1
aoqu,,0.1
aorn journal,Q3,1.7
aotearoa new zealand social work,Q3,1.2
apeiron a journal for ancient philosophy and science,,0.3
aperture,,0.1
aphasiology,Q1,2.2
apidologie,Q2,1.7
apl bioengineering,Q2,4.9
apl energy,Q3,4.4
apl machine learning,Q2,4.1
apl materials,Q2,4.5
apl photonics,Q1,5.7
apmis,Q2,2.2
apollo the international art magazine,,<0.1
apoptosis,Q1,9
aportes revista de historia contemporanea,Q3,0.1
apos trends in orthodontics,Q4,0.9
aposta revista de ciencias sociales,Q4,0.1
appalachian journal,Q3,0.2
appalachian review,,<0.1
appeal,Q3,0.4
appetite,Q1,4.2
applicable algebra in engineering communication and computing,Q4,0.5
applicable analysis,Q2,1.2
applicable analysis and discrete mathematics,Q1,1.4
application of clinical genetics,Q3,2.4
applications and applied mathematics an international journal,Q3,0.8
applications in energy and combustion science,Q1,5.9
applications in engineering science,Q1,3.5
applications in plant sciences,Q2,3.5
applications of mathematics,Q4,0.6
applied acoustics,Q1,4.3
applied and computational harmonic analysis,Q1,2.6
applied and computational mathematics,Q1,3.8
applied and environmental microbiology,Q2,4.2
applied and environmental soil science,Q3,2.7
applied animal behaviour science,Q1,2.6
applied animal science,Q2,1.8
applied artificial intelligence,Q2,4
applied biochemistry and biotechnology,Q2,3.5
applied biochemistry and microbiology,Q4,1.1
applied biological chemistry,Q2,4.2
applied biological research,Q4,0.2
applied bionics and biomechanics,Q4,1.7
applied biosafety,Q3,1.9
applied biosciences,Q2,4.3
applied catalysis a general,Q2,4.8
applied catalysis b environment and energy,Q1,19.7
applied catalysis o open,Q3,3.2
applied categorical structures,Q3,0.6
applied chemistry for engineering,Q3,1.7
applied clay science,Q1,5.2
applied clinical informatics,Q3,2.7
applied cognitive psychology,Q3,1.8
applied composite materials,Q2,3.9
applied computational electromagnetics society journal,Q3,2.2
applied computational intelligence and soft computing,Q3,3.3
applied computer systems,Q3,1
applied computing and geosciences,Q2,4
applied computing and informatics,Q2,4.5
applied computing review,Q3,1.8
applied corpus linguistics,Q1,4.3
applied developmental science,Q3,1.8
applied earth science transactions of the institutions of mining and metallurgy,Q3,2.2
applied ecology and environmental research,Q4,0.7
applied economic analysis,Q2,1.6
applied economic perspectives and policy,Q1,3.6
applied economics,Q2,2.6
applied economics letters,Q3,1.4
applied energy,Q1,12.2
applied engineering in agriculture,Q3,1.3
applied entomology and zoology,Q3,1
applied ergonomics,Q2,3.5
applied food biotechnology,Q4,1.6
applied food research,Q2,5.4
applied fruit science,Q3,1.9
applied general topology,Q2,0.8
applied geochemistry,Q1,3.5
applied geography,Q1,7.4
applied geomatics,Q3,2.5
applied geophysics,Q4,1.2
applied health economics and health policy,Q1,3.1
applied immunohistochemistry molecular morphology,Q3,1.3
applied intelligence,Q2,3.5
applied linguistics,Q1,3.9
applied linguistics review,Q1,4.4
applied magnetic resonance,Q4,1.3
applied materials today,Q2,7
applied mathematical modelling,Q1,5.5
applied mathematics a journal of chinese universities series b,Q3,0.8
applied mathematics and computation,Q1,3.2
applied mathematics and mechanics english edition,Q1,4.9
applied mathematics and optimization,Q1,2
applied mathematics e notes,Q4,0.4
applied mathematics in science and engineering,Q1,2.9
applied mathematics letters,Q1,2.7
applied measurement in education,Q2,1.4
applied mechanics,Q3,1.8
applied mechanics reviews,Q1,19.1
applied microbiology and biotechnology,Q2,4.7
applied mobilities,Q2,1.9
applied network science,Q2,1.9
applied neuropsychology adult,Q3,1.6
applied neuropsychology child,Q4,1.4
applied numerical mathematics,Q1,2.3
applied nursing research,Q2,2.2
applied ocean research,Q1,5.1
applied ontology,Q3,1.6
applied optics,Q3,1.7
applied organometallic chemistry,Q1,4.3
applied physics a materials science processing,Q2,3
applied physics b lasers and optics,Q3,1.8
applied physics express,Q3,2.5
applied physics letters,Q2,3.8
applied physics reviews,Q1,10.8
applied physiology nutrition and metabolism,Q2,2.4
applied psycholinguistics,Q1,2.4
applied psychological measurement,Q3,1.6
applied psychology an international review psychologie appliquee revue internationale,Q1,3.9
applied psychology health and well being,Q2,3.3
applied psychophysiology and biofeedback,Q2,3
applied radiation and isotopes,Q2,2.1
applied radiology,Q4,0.6
applied research,Q2,2
applied research in quality of life,Q1,2.7
applied rheology,Q2,2.9
applied science and convergence technology,Q4,1.3
applied sciences basel,Q2,2.9
applied soft computing,Q1,7.8
applied soil ecology,Q1,5.6
applied spatial analysis and policy,Q1,3.1
applied spectroscopy,Q2,2.2
applied spectroscopy reviews,Q1,7.7
applied stochastic models in business and industry,Q2,1.5
applied surface science,Q1,6.6
applied surface science advances,Q1,10
applied system innovation,Q2,3.4
applied theatre research,,0.5
applied thermal engineering,Q1,7.5
applied vegetation science,Q1,3.7
applied water science,Q1,5.7
appliedchem,Q3,2.3
appliedmath,Q2,1.4
approaching religion,,0.5
apsipa transactions on signal and information processing,Q3,2.1
apuntes del cenes,Q4,0.5
apuntes revista de ciencias sociales,Q3,0.7
apunts educacion fisica y deportes,Q2,1.7
apunts sports medicine,Q3,2
aqua water infrastructure ecosystems and society,Q2,2.6
aquacultural engineering,Q1,4.4
aquaculture,Q1,4.4
aquaculture and fisheries,Q1,5
aquaculture economics management,Q1,5
aquaculture environment interactions,Q2,2.4
aquaculture fish and fisheries,Q2,2.2
aquaculture international,Q2,3.5
aquaculture nutrition,Q1,4.6
aquaculture reports,Q1,3.8
aquaculture research,Q2,2.5
aquatic biology,Q3,0.9
aquatic botany,Q2,2.3
aquatic conservation marine and freshwater ecosystems,Q2,2.5
aquatic ecology,Q2,2.2
aquatic ecosystem health management,Q3,0.9
aquatic geochemistry,Q3,1.9
aquatic insects,Q3,0.8
aquatic invasions,Q2,2.1
aquatic living resources,Q2,1.9
aquatic mammals,Q3,1.2
aquatic microbial ecology,Q3,1.3
aquatic sciences,Q2,2.4
aquatic sciences and engineering,Q3,1.3
aquatic toxicology,Q1,4.6
arab journal of gastroenterology,Q4,1.3
arab journal of urology,Q3,2
arab law quarterly,Q3,0.3
arab studies quarterly,Q4,0.3
arab world english journal,,1.5
arabian archaeology and epigraphy,,0.8
arabian journal for science and engineering,Q2,3.1
arabian journal of chemistry,Q2,5.3
arabian journal of mathematics,Q2,0.8
arabic sciences and philosophy,Q2,0.7
arabica,Q2,0.3
aramaic studies,,0.6
araucaria revista iberoamericana de filosofia politica y humanidades,,0.3
arbor ciencia pensamiento y cultura,,0.3
arcadia,,0.5
archaeofauna,,0.8
archaeologia austriaca,,0.3
archaeologia baltica,,0.8
archaeologia maritima mediterranea an international journal on underwater archaeology,,0.1
archaeological and anthropological sciences,Q1,2
archaeological dialogues,,1.9
archaeological journal,,0.6
archaeological prospection,Q2,2.5
archaeological reports,,0.6
archaeological research in asia,,1.5
archaeologies journal of the world archaeological congress,,1
archaeology,,1.3
archaeology ethnology and anthropology of eurasia,Q3,0.5
archaeology in oceania,Q2,1
archaeology international,,0.6
archaeometry,Q3,1.4
archai revista de estudos sobre as origens do pensamento ocidental,,0.1
archaologisches korrespondenzblatt,,0.2
archeologia e calcolatori,,0.7
archeologicke rozhledy,,0.5
archeomatica tecnologie per i beni culturali,,0.3
archeosciences revue d archeometrie,Q4,0.1
archipel etudes interdisciplinaires sur le monde insulindien,,0.2
archistor architecture history restoration,,0.4
architectura zeitschrift fur geschichte der baukunst,,N/A
architectural design,,0.2
architectural engineering and design management,Q2,2.8
architectural histories,,0.2
architectural history,Q3,0.2
architectural record,,<0.1
architectural science review,,2.5
architectural theory review,,0.7
architecture and culture,,1.2
architecture civil engineering environment,Q4,0.5
architecture mps,,0.6
architecture switzerland,Q3,2.1
architektura urbanizmus,,0.2
archiv der mathematik,Q3,0.6
archiv der pharmazie,Q2,3.5
archiv fur das studium der neueren sprachen und literaturen,,<0.1
archiv fur geschichte der philosophie,,0.6
archiv fur molluskenkunde,Q4,0.5
archiv fur musikwissenschaft,,<0.1
archiv fur papyrusforschung und verwandte gebiete,,0.2
archiv fur rechts und sozialphilosophie,,0.1
archiv fur reformationsgeschichte archive for reformation history,Q3,0.1
archiv fur religionsgeschichte,,0.2
archiv orientalni,,0.2
archival science,Q3,1.2
archive for history of exact sciences,Q2,0.9
archive for mathematical logic,Q3,0.5
archive for rational mechanics and analysis,Q1,2.9
archive for the psychology of religion archiv fur religionspsychologie,Q3,1.6
archive of applied mechanics,Q2,3.1
archive of clinical cases,Q3,0.7
archive of mechanical engineering,Q4,1
archives and manuscripts,Q4,0.1
archives and records the journal of the archives and records association,,0.7
archives animal breeding,Q2,1.9
archives de pediatrie,Q3,1.5
archives des maladies professionnelles et de l environnement,Q4,0.4
archives for technical sciences,Q4,1
archives of academic emergency medicine,Q2,2.8
archives of acoustics,Q4,1.1
archives of aesthetic plastic surgery,Q4,0.2
archives of agronomy and soil science,Q2,2.2
archives of american art journal,,0.1
archives of animal nutrition,Q3,1.4
archives of asian art,,0.2
archives of biochemistry and biophysics,Q2,3.5
archives of biological sciences,Q4,0.8
archives of bone and joint surgery abjs,Q3,1.6
archives of budo journal of innovative agonology,Q3,2
archives of cardiovascular diseases,Q2,2.9
archives of civil and mechanical engineering,Q1,4.9
archives of civil engineering,Q4,0.9
archives of clinical infectious diseases,Q4,0.6
archives of clinical neuropsychology,Q2,2.5
archives of computational methods in engineering,Q1,12.9
archives of control sciences,Q3,0.8
archives of dermatological research,Q2,2.5
archives of disease in childhood,Q1,3.4
archives of disease in childhood education and practice edition,Q4,0.6
archives of disease in childhood fetal and neonatal edition,Q1,3.5
archives of electrical engineering,Q4,0.6
archives of endocrinology metabolism,Q4,1.8
archives of environmental contamination and toxicology,Q4,2.1
archives of environmental occupational health,Q4,1.2
archives of environmental protection,Q4,1.8
archives of epilepsy,Q4,0.4
archives of foundry engineering,Q4,0.8
archives of gerontology and geriatrics,Q2,4.7
archives of gynecology and obstetrics,Q2,2.6
archives of hellenic medicine,Q4,0.2
archives of insect biochemistry and physiology,Q2,2
archives of iranian medicine,Q2,1.2
archives of mechanics,Q4,0.6
archives of medical research,Q2,3.6
archives of medical science,Q1,3.6
archives of metallurgy and materials,Q4,0.8
archives of microbiology,Q3,3.4
archives of mining sciences,Q3,1.3
archives of natural history,Q4,0.2
archives of neuroscience,Q4,0.5
archives of oral biology,Q2,2.3
archives of orofacial science,Q4,0.3
archives of orthopaedic and trauma surgery,Q2,2.2
archives of osteoporosis,Q2,2.7
archives of pathology laboratory medicine,Q2,3.3
archives of pediatric infectious diseases,Q4,0.4
archives of pharmacal research,Q1,8.2
archives of physical medicine and rehabilitation,Q1,4
archives of physiology and biochemistry,Q2,3.2
archives of physiotherapy,Q1,3.1
archives of phytopathology and plant protection,Q3,1.2
archives of plastic surgery aps,Q3,1.4
archives of psychiatric nursing,Q2,2.5
archives of psychiatry and psychotherapy,Q4,0.5
archives of public health,Q1,3.4
archives of rehabilitation,Q4,0.4
archives of rehabilitation research and clinical translation,Q2,2
archives of rheumatology,Q4,1.3
archives of sexual behavior,Q1,2.6
archives of suicide research,Q2,2.2
archives of thermodynamics,Q4,1.3
archives of toxicology,Q1,10.9
archives of trauma research,Q4,0.3
archives of virology,Q3,2.5
archives of womens mental health,Q2,3.2
archivio italiano di urologia e andrologia,Q3,1.4
archivio storico italiano,Q3,0.2
archivo espanol de arqueologia,,0.3
archivo espanol de arte,,0.3
archivos argentinos de pediatria,Q4,0.5
archivos de bronconeumologia,Q1,8.7
archivos de cardiologia de mexico,Q4,0.7
archivos de medicina,Q4,0.1
archivos espanoles de urologia,Q4,1.2
archivos latinoamericanos de nutricion,Q4,0.3
archivum,,<0.1
archivum immunologiae et therapiae experimentalis,Q3,3.2
archivum mathematicum,Q3,0.5
archiwa biblioteki i muzea koscielne,Q3,0.1
archnet ijar international journal of architectural research,,1.7
arctic,Q4,1
arctic antarctic and alpine research,Q3,2
arctic anthropology,Q3,0.7
arctic science,Q2,2.8
ardea,Q2,1.2
ardeola international journal of ornithology,Q3,1.1
ardin arte diseno e ingenieria,,0.1
area,Q2,2.4
area abierta,Q4,0.1
area development and policy,Q2,2.4
areas revista internacional de ciencias sociales,Q4,0.2
arenal revista de historia de las mujeres,Q4,<0.1
arethusa,,0.2
argentinian journal of applied linguistics,Q4,0.1
argument computation,Q4,1.7
argumenta,Q3,0.3
argumenta oeconomica,Q4,0.7
argumentation,Q1,2.2
argumentation and advocacy,Q3,0.7
argumentation et analyse du discours,,0.2
argumentos de razon tecnica,Q3,0.4
argumentos revista de filosofia,,<0.1
arheologia,,0.2
arheoloski vestnik,,0.9
arhiv za higijenu rada i toksikologiju archives of industrial hygiene and toxicology,Q3,1.7
arid ecosystems,Q4,0.6
arid land research and management,Q4,1.8
ariel a review of international english literature,,0.2
aries journal for the study of western esotericism,,1.2
arion a journal of humanities and the classics,,0.1
aristonothos scritti per il mediterraneo antico,Q4,<0.1
arizona quarterly,,0.2
arkiv for matematik,Q3,0.7
arkivoc,Q4,0.6
armed forces society,Q3,1.3
armenian journal of mathematics,Q3,0.7
arms armour,,0.2
aro the scientific journal of koya university,Q3,1.1
arp rheumatology,Q4,1.3
arq,,0.1
arq architectural research quarterly,,0.2
arqueologia,,0.5
arqueologia de la arquitectura,,0.1
arqueologia iberoamericana,,0.4
arqueologia y territorio medieval,,0.2
arquitecturas del sur,,0.3
arquitetura revista,,0.1
arquivo brasileiro de medicina veterinaria e zootecnia,Q4,0.5
arquivo maaravi revista digital de estudos judaicos da ufmg,,<0.1
arquivos brasileiros de cardiologia,Q3,2.3
arquivos brasileiros de oftalmologia,Q4,1
arquivos de neuro psiquiatria,Q3,1.9
arrancada,Q4,<0.1
array,Q1,5.3
arrhythmia electrophysiology review,Q2,4.3
ars adriatica,,0.1
ars bilduma,,<0.1
ars brevis,,<0.1
ars humanitas journal of arts and humanities,,0.2
ars judaica the bar ilan journal of jewish art,,<0.1
ars mathematica contemporanea,Q2,0.8
ars orientalis,,0.2
ars pharmaceutica,Q4,0.7
art and interpretation,,0.1
art bulletin,,0.5
art design communication in higher education,,0.5
art documentation,,<0.1
art history,,0.4
art in america,,<0.1
art journal,,0.4
art perception,,1
art sanat,,0.2
art style,,0.1
art therapy,Q3,1.6
artcultura revista de historia cultura e arte,,0.1
arte individuo y sociedad,,0.6
arte y ciudad revista de investigacion,,<0.1
arte y politicas de identidad,,0.2
arterial hypertension,Q4,0.9
arteriosclerosis thrombosis and vascular biology,Q1,8.8
artery research,Q3,1.6
arteterapia papeles de arteterapia y educacion artistica para la inclusion social,Q4,0.6
arthritis care research,Q1,4.1
arthritis research therapy,Q1,5.4
arthritis rheumatology,Q1,9.9
arthroplasty,Q1,4.8
arthroplasty today,Q2,2.1
arthropod plant interactions,Q2,1.7
arthropod structure development,Q2,1.4
arthropod systematics phylogeny,Q2,2
arthropoda selecta,Q3,0.8
arthroscopy techniques,Q3,1.5
arthroscopy the journal of arthroscopic and related surgery,Q1,6.9
arthroskopie,Q4,0.4
arthur miller journal,,0.1
arthuriana,,0.1
arti musices,,0.1
artibus asiae,,0.1
artifara revista de lenguas y literaturas ibericas y latinoamericanas,,0.1
artificial cells nanomedicine and biotechnology,Q1,5.6
artificial intelligence,Q2,4.7
artificial intelligence and law,Q1,5.3
artificial intelligence chemistry,Q1,6.3
artificial intelligence for the earth systems,Q2,4.5
artificial intelligence in agriculture,Q1,16.1
artificial intelligence in geosciences,Q1,5.4
artificial intelligence in medicine,Q1,7.8
artificial intelligence in the life sciences,Q2,5.1
artificial intelligence review,Q1,18.8
artificial intelligence surgery,Q1,3.9
artificial life,Q3,1.8
artificial life and robotics,Q4,0.8
artificial organs,Q2,2.2
artificial satellites journal of planetary geodesy,Q4,0.7
artmargins,,0.2
artnodes,,0.5
arts,,0.5
arts and humanities in higher education,Q4,0.6
arts and the market,Q4,1.1
arts health,Q3,1.5
arts in psychotherapy,Q2,1.7
arts of asia,,<0.1
arya atherosclerosis,Q4,0.8
arys antiguedad religiones y sociedades,Q3,0.1
asaio journal,Q2,2.2
asce asme journal of risk and uncertainty in engineering systems part a civil engineering,Q2,2.9
asce asme journal of risk and uncertainty in engineering systems part b mechanical engineering,Q3,1.5
aschkenas zeitschrift fuer geschichte und kultur der juden,,0.1
asclepio revista de historia de la medicina y de la ciencia,Q4,0.2
ashrae journal,Q4,0.7
asia and the global economy,Q2,2.5
asia europe journal,Q2,1.8
asia marketing journal,Q4,0.8
asia pacific allergy,Q2,2.8
asia pacific business review,Q3,2.4
asia pacific economic history review,Q3,0.5
asia pacific education researcher,Q1,4.5
asia pacific education review,Q2,2.2
asia pacific financial markets,Q2,2.3
asia pacific journal japan focus,Q4,0.3
asia pacific journal of accounting economics,Q2,2.1
asia pacific journal of anthropology,Q3,0.5
asia pacific journal of atmospheric sciences,Q3,2.3
asia pacific journal of business administration,Q1,5.6
asia pacific journal of chemical engineering,Q3,1.7
asia pacific journal of clinical nutrition,Q4,1.6
asia pacific journal of clinical oncology,Q3,2.1
asia pacific journal of counselling and psychotherapy,Q4,0.8
asia pacific journal of education,Q1,4.1
asia pacific journal of environmental law,Q2,0.8
asia pacific journal of financial studies,Q3,1.4
asia pacific journal of health management,Q4,0.6
asia pacific journal of human resources,Q1,4.7
asia pacific journal of innovation and entrepreneurship,Q2,4.1
asia pacific journal of management,Q1,9.7
asia pacific journal of marketing and logistics,Q2,5.5
asia pacific journal of ocean law and policy,Q2,0.9
asia pacific journal of oncology nursing,Q1,3.3
asia pacific journal of operational research,Q4,1.3
asia pacific journal of ophthalmology,Q1,7
asia pacific journal of public administration,Q1,4.1
asia pacific journal of public health,Q4,0.9
asia pacific journal of regional science,Q2,1.9
asia pacific journal of social work and development,Q2,1.5
asia pacific journal of sports medicine arthroscopy rehabilitation and technology,Q3,1.7
asia pacific journal of teacher education,Q1,2.9
asia pacific journal of tourism research,Q1,5.2
asia pacific language variation,Q2,1.4
asia pacific law review,Q1,2.4
asia pacific management accounting journal,Q4,0.4
asia pacific management review,Q1,7.5
asia pacific psychiatry,Q2,3.8
asia pacific review,Q4,0.6
asia pacific scholar,Q4,0.5
asia pacific science education,Q2,1.6
asia pacific translation and intercultural studies,Q3,0.9
asia pacific viewpoint,Q1,1.6
asia policy,Q2,0.9
asia the pacific policy studies,Q1,1.6
asian academy of management journal,Q4,0.9
asian academy of management journal of accounting and finance,Q4,0.9
asian affairs,Q2,0.7
asian american journal of psychology,Q1,2.1
asian and african studies,,0.1
asian and pacific migration journal,Q3,1.2
asian bioethics review,Q2,1.8
asian biomedicine,Q4,1.4
asian biotechnology and development review,Q4,0.2
asian business management,Q2,3.3
asian cardiovascular thoracic annals,Q4,0.7
asian case research journal,Q4,<0.1
asian cinema,,0.2
asian development review,Q3,1.4
asian diasporic visual cultures and the americas,,0.1
asian economic journal,Q3,0.8
asian economic papers,Q4,0.7
asian economic policy review,Q1,4.8
asian education and development studies,Q2,1.9
asian englishes,Q2,1.2
asian ethnicity,Q3,0.7
asian ethnology,,0.3
asian european journal of mathematics,Q3,0.5
asian geographer,Q1,2.9
asian herpetological research,Q1,2.2
asian journal of accounting and governance,Q4,0.1
asian journal of agriculture and biology,Q1,5.8
asian journal of agriculture and development,Q4,0.8
asian journal of andrology,Q2,3
asian journal of applied economics,Q4,0.6
asian journal of atmospheric environment,Q3,2.7
asian journal of business and accounting,Q4,0.9
asian journal of business ethics,Q2,1.6
asian journal of communication,Q2,2.1
asian journal of comparative politics,Q3,1.1
asian journal of control,Q3,2
asian journal of criminology,Q2,1.8
asian journal of endoscopic surgery,Q4,1.1
asian journal of international law,Q1,2.2
asian journal of law and economics,Q3,0.5
asian journal of law and society,Q1,1.5
asian journal of management cases,Q4,0.4
asian journal of mathematics,Q3,0.6
asian journal of middle eastern and islamic studies,Q2,0.8
asian journal of organic chemistry,Q2,2.3
asian journal of pharmaceutical research and health care,Q4,0.3
asian journal of pharmaceutical sciences,Q1,12.6
asian journal of pharmaceutics,Q4,0.3
asian journal of philosophy,,0.6
asian journal of political science,Q3,1
asian journal of psychiatry,Q1,4.9
asian journal of shipping and logistics,Q3,3.1
asian journal of social health and behavior,Q2,1.7
asian journal of social psychology,Q4,1.2
asian journal of social science,Q2,1
asian journal of surgery,Q1,5.2
asian journal of technology innovation,Q2,1.9
asian journal of transfusion science,Q4,0.7
asian journal of urology,Q2,2.7
asian journal of water environment and pollution,Q4,0.7
asian journal of womens studies,Q2,1.8
asian journal of wto international health law and policy,Q3,0.5
asian languages and linguistics,Q4,<0.1
asian music,,0.2
asian myrmecology,Q3,0.9
asian nursing research,Q1,2.9
asian oncology nursing,Q4,0.4
asian pacific economic literature,Q3,1.1
asian pacific journal of allergy and immunology,Q3,2.1
asian pacific journal of reproduction,Q4,1.1
asian pacific journal of second and foreign language education,Q1,3.3
asian pacific journal of tropical biomedicine,Q3,1.9
asian pacific journal of tropical medicine,Q3,1.8
asian perspective,Q3,1
asian perspectives the journal of archaeology for asia and the pacific,,1.1
asian philosophy,,0.5
asian politics policy,Q3,0.9
asian population studies,Q3,1.5
asian review of accounting,Q2,3.3
asian review of world histories,Q3,0.2
asian social work and policy review,Q4,0.8
asian spine journal,Q2,2.7
asian studies azijske studije,,0.6
asian studies review,Q2,1.1
asian survey,Q1,1.9
asian theatre journal,,0.5
asian transport studies,Q4,1.9
asian women,Q3,0.7
asianetwork exchange a journal for asian studies in the liberal arts,,<0.1
asiascape digital asia,Q3,0.6
asiatic iium journal of english language and literature,,0.3
aslib journal of information management,Q1,3.5
asme journal of heat and mass transfer,Q3,2
asme open journal of engineering,Q2,2
asn neuro,Q2,4.4
aspasia,Q1,0.5
aspects of molecular medicine,Q3,3.4
asr chiang mai university journal of social sciences and humanities,Q3,0.5
assay and drug development technologies,Q3,1.8
assessing writing,Q1,7.6
assessment,Q2,3
assessment evaluation in higher education,Q1,6.9
assessment for effective intervention,Q3,0.9
assessment in education principles policy practice,Q1,2.9
assistenza infermieristica e ricerca,Q4,0.9
assistive technology,Q1,2.7
asta advances in statistical analysis,Q2,1.6
asterion philosophie histoire des idees pensee politique,,0.1
asterisque,Q3,0.5
asthma allergy immunology,Q4,0.4
astin bulletin the journal of the international actuarial association,Q2,1.7
astrobiology,Q2,2.3
astrodynamics,Q1,8.1
astrolabio nueva epoca,Q4,0.2
astronomical journal,Q1,5.8
astronomische nachrichten,Q4,1
astronomy and astrophysics review,Q1,20.1
astronomy and computing,Q2,2.6
astronomy astrophysics,Q1,6.1
astronomy geophysics,Q4,0.5
astronomy letters a journal of astronomy and space astrophysics,Q4,0.9
astronomy reports,Q4,0.8
astroparticle physics,Q1,4.9
astrophysical bulletin,Q4,1
astrophysical journal,Q1,5.7
astrophysical journal letters,Q1,11.1
astrophysical journal supplement series,Q1,7.7
astrophysics,Q4,0.9
astrophysics and space science,Q3,2.1
asymptotic analysis,Q3,1
at automatisierungstechnik,Q4,0.9
ata journal of legal tax research,Q4,0.8
atalanta revista de las letras barrocas,,0.4
atalante revista de estudios cinematograficos,,<0.1
atelie geografico,Q4,0.3
atelier,,<0.1
atelier du centre de recherches historiques,Q4,<0.1
ateliers de l ethique the ethics forum,Q4,<0.1
atenas,Q4,0.1
atencion primaria,Q2,1.6
atenea,,0.2
athenaeum studi periodici di letteratura e storia dell antichita,,0.1
athenea digital,Q4,0.4
atherosclerosis,Q1,7.1
atherosclerosis plus,Q2,3.4
atla alternatives to laboratory animals,Q3,3
atlantic economic journal,Q4,0.4
atlantic geology,Q2,1.3
atlantic journal of communication,Q3,1
atlantic law journal,Q4,0.1
atlantic studies global currents,Q1,0.5
atlantis critical studies in gender culture social justice,Q4,0.3
atlantis journal of the spanish association of anglo american studies,Q4,0.2
atmosfera,Q4,1
atmosphere,Q3,2.6
atmosphere korea,Q4,0.6
atmosphere ocean,Q3,1.5
atmospheric and oceanic optics,Q4,0.7
atmospheric and oceanic science letters,Q2,3.4
atmospheric chemistry and physics,Q1,5.7
atmospheric environment,Q2,3.8
atmospheric environment x,Q2,3.4
atmospheric measurement techniques,Q2,3.7
atmospheric pollution research,Q2,3.9
atmospheric research,Q2,4.5
atmospheric science letters,Q3,2.4
atom indonesia,Q3,1.2
atomic data and nuclear data tables,Q1,3.5
atomic energy,Q4,0.3
atomic spectroscopy,Q2,2.9
atomization and sprays,Q3,1
atoms,Q4,1.5
atoz novas praticas em informacao e conhecimento,Q4,0.1
atp magazine,Q4,0.2
ats scholar,Q3,1.9
attachment human development,Q3,1.9
attention perception psychophysics,Q3,2
atti accademia peloritana dei pericolanti classe di scienze fisiche matematiche e naturali,Q4,0.5
atw international journal for nuclear power,Q4,0.1
auc geographica,Q3,0.9
audiology and neurotology,Q3,1.4
audiology research,Q2,1.7
auditing a journal of practice theory,Q1,3.7
auditory and vestibular research,Q4,0.3
aufklarung revista de filosofia,,<0.1
augenheilkunde up2date,Q4,0.1
augmentative and alternative communication,Q2,2.3
augustinian studies,Q2,0.4
aula abierta,Q3,1
aula de encuentro,Q4,0.3
aula orientalis,,0.3
auris nasus larynx,Q2,1.8
ausart,,0.1
auster,,<0.1
austral comunicacion,Q3,0.9
austral ecology,Q3,1.6
austral entomology,Q3,1.2
austral journal of veterinary sciences,Q4,0.5
australasian accounting business and finance journal,Q3,1
australasian agribusiness review,Q4,0.8
australasian catholic record,,0.3
australasian dispute resolution journal,Q3,0.3
australasian drama studies,,0.2
australasian emergency care,Q1,2.7
australasian journal of combinatorics,Q3,0.5
australasian journal of dermatology,Q3,1.6
australasian journal of early childhood,Q3,1.3
australasian journal of educational technology,Q1,6.3
australasian journal of environmental management,Q3,2.4
australasian journal of information systems,Q4,1.4
australasian journal of logic,Q2,0.9
australasian journal of philosophy,,0.9
australasian journal of regional studies,Q4,0.1
australasian journal of special and inclusive education,Q2,1.7
australasian journal of water resources,Q3,2.3
australasian journal on ageing,Q3,1.8
australasian marketing journal,Q1,8.4
australasian orthodontic journal,Q3,1.5
australasian parliamentary review,Q4,0.5
australasian plant disease notes,Q4,0.6
australasian plant pathology,Q3,1.2
australasian psychiatry,Q3,1.7
australian accounting review,Q2,2.8
australian and new zealand journal of art,,0.2
australian and new zealand journal of family therapy,Q4,0.8
australian and new zealand journal of psychiatry,Q1,4.1
australian and new zealand journal of public health,Q2,2.9
australian archaeology,Q3,0.8
australian business law review,Q4,0.2
australian community psychologist,Q4,<0.1
australian critical care,Q1,3.6
australian dental journal,Q1,3.3
australian economic papers,Q3,1.3
australian economic review,Q3,0.9
australian educational researcher,Q1,3
australian endodontic journal,Q3,1.7
australian farm business management journal,Q4,0.3
australian feminist law journal,Q2,1.1
australian feminist studies,Q3,1.2
australian forestry,Q2,2
australian geographer,Q2,2.2
australian geomechanics journal,Q4,0.3
australian health review,Q4,1.3
australian historical studies,Q2,0.4
australian humanities review,,0.4
australian intellectual property journal,Q4,0.1
australian journal of administrative law,Q3,0.5
australian journal of adult learning,Q4,0.4
australian journal of advanced nursing,Q3,1.7
australian journal of agricultural and resource economics,Q2,2.4
australian journal of anthropology,Q3,0.7
australian journal of botany,Q3,1.3
australian journal of career development,Q2,2.8
australian journal of chemistry,Q4,1.1
australian journal of civil engineering,Q3,1.8
australian journal of competition and consumer law,Q4,<0.1
australian journal of earth sciences,Q3,1.8
australian journal of education,Q2,1.7
australian journal of emergency management,Q4,1.4
australian journal of english education,Q4,0.2
australian journal of environmental education,Q2,1.9
australian journal of forensic sciences,Q4,1
australian journal of french studies,,<0.1
australian journal of general practice,Q2,2
australian journal of grape and wine research,Q1,3.3
australian journal of indigenous education,Q3,0.8
australian journal of international affairs,Q1,3.2
australian journal of language and literacy,Q2,1.7
australian journal of learning difficulties,Q4,1.1
australian journal of linguistics,Q2,1.4
australian journal of management,Q2,3.1
australian journal of mechanical engineering,Q4,1.2
australian journal of otolaryngology,Q4,0.4
australian journal of political science,Q2,1.8
australian journal of politics and history,Q2,0.4
australian journal of primary health,Q4,1.4
australian journal of psychology,Q3,1.6
australian journal of public administration,Q2,2.5
australian journal of rural health,Q2,2.4
australian journal of social issues,Q2,1.8
australian journal of structural engineering,Q3,1.3
australian journal of teacher education,Q4,0.6
australian journal of zoology,Q3,1.2
australian journalism review,Q3,1.3
australian law journal,Q4,0.2
australian literary studies,,0.1
australian mammalogy,Q2,1.4
australian new zealand journal of obstetrics gynaecology,Q3,1.5
australian new zealand journal of statistics,Q4,0.5
australian occupational therapy journal,Q2,2.1
australian planner,Q4,1.2
australian prescriber,Q2,4.3
australian psychologist,Q2,1.9
australian review of applied linguistics,Q3,0.7
australian social work,Q1,2.3
australian systematic botany,Q3,1.8
australian tax review,Q4,0.1
australian universities review,Q4,0.4
australian veterinary journal,Q2,1.6
austrian history yearbook,Q1,0.7
austrian journal of clinical endocrinology and metabolism,Q4,0.1
austrian journal of earth sciences,Q3,1.3
austrian journal of forest science,Q4,0.6
austrian journal of statistics,Q3,0.8
austrian studies,,0.1
aut aut,,<0.1
autex research journal,Q3,1.4
autism,Q1,5.7
autism developmental language impairments,Q1,2.8
autism in adulthood,Q1,4.2
autism research,Q1,3.9
autoimmunity,Q2,4.3
autoimmunity reviews,Q1,9.8
automated software engineering,Q2,3.9
automatic control and computer sciences,Q4,0.5
automatic documentation and mathematical linguistics,Q4,0.4
automatica,Q1,6.2
automatika,Q3,1.6
automation,Q2,2.9
automation and remote control,Q4,0.5
automation in construction,Q1,12.6
automotive innovation,Q1,7.6
autonomic neuroscience basic clinical,Q3,2.7
autonomous agents and multi agent systems,Q2,2.4
autonomous robots,Q1,6
autophagy,Q1,18.6
avances,Q4,0.2
avances de investigacion en educacion matematica,Q3,0.9
avances del cesor,Q3,0.1
avances en biomedicina,Q4,<0.1
avances en ciencias e ingenieria,,N/A
avances en psicologia latinoamericana,Q4,0.3
avant,,0.2
avant scene opera,,<0.1
avian biology research,Q3,0.8
avian conservation and ecology,Q2,1.3
avian diseases,Q3,1.3
avian pathology,Q1,2.7
avian research,Q1,2.2
aviation,Q2,2.2
avicenna,Q1,3.1
avicenna journal of phytomedicine,Q3,3
avs quantum science,Q3,3.2
awwa water science,Q3,1.9
axioms,Q2,1.5
ayer,Q2,0.4
ayna klinik psikoloji dergisi ayna clinical psychology journal,Q4,0.2
azafea revista de filosofia,,0.1
azania archaeological research in africa,,1.4
azerbaijan journal of mathematics,Q3,0.6
b e journal of economic analysis policy,Q4,0.7
b e journal of macroeconomics,Q4,0.3
b e journal of theoretical economics,Q4,0.5
b ent,Q4,0.2
babel litteratures plurielles,,<0.1
babel revue internationale de la traduction international journal of translation,Q3,0.6
bach,,0.1
bagh e nazar,,0.2
baghdad science journal,Q3,1.4
bahrain medical bulletin,Q4,0.4
bajo palabra journal of philosophy,,0.3
balcanica,,0.2
balgarsko e spisanie za arheologia bulgarian e journal of archaeology,,0.4
bali medical journal,Q4,0.1
balint journal,Q4,0.1
balkan arast rma enstitusu dergisi journal of balkan research institute jbri,Q4,0.1
balkan journal of medical genetics,Q4,1
balkan journal of philosophy,,0.2
balkan medical journal,Q1,4.5
balkanistic forum,,0.1
balneo and prm research journal,,N/A
baltic forestry,Q3,1.1
baltic journal of art history,,0.1
baltic journal of economic studies,Q4,0.5
baltic journal of economics,Q4,0.6
baltic journal of english language literature and culture,,0.3
baltic journal of health and physical activity,Q3,1.3
baltic journal of management,Q3,2.9
baltic journal of modern computing,Q4,0.7
baltic journal of road and bridge engineering,Q4,0.9
baltic region,Q2,0.9
baltica,Q2,1.1
bamboo and silk,,0.3
banach journal of mathematical analysis,Q1,1.3
bandung,Q3,0.5
bangladesh journal of botany,Q4,0.4
bangladesh journal of medical science,Q3,0.8
bangladesh journal of otorhinolaryngology,Q4,<0.1
bangladesh journal of pharmacology,Q4,0.7
bangladesh journal of plant taxonomy,Q4,0.7
banks and bank systems,Q3,1.3
barataria revista castellano manchega de ciencias sociales,Q4,0.2
bariatric surgical practice and patient care,Q4,0.1
basic and applied ecology,Q1,4.2
basic and applied social psychology,Q4,1.1
basic and clinical andrology,Q2,2.3
basic and clinical neuroscience,Q4,1.1
basic clinical pharmacology toxicology,Q2,3.6
basic income studies,Q3,1.3
basic research in cardiology,Q1,9.2
basiliade revista de filosofia,,<0.1
basin research,Q2,2.8
batteries basel,Q1,6.3
batteries supercaps,Q2,4.5
battery energy,Q1,11.1
bauingenieur,Q4,0.7
bauphysik,Q4,0.3
bautechnik,Q4,0.6
bayesian analysis,Q1,3
bba advances,Q1,4.5
bdj open,Q1,3.1
behavior analysis in practice,Q3,1.9
behavior and social issues,Q3,1.1
behavior genetics,Q2,2.4
behavior modification,Q2,2.2
behavior research methods,Q1,5
behavior therapy,Q1,4.4
behavioral and brain functions,Q2,2.9
behavioral and brain sciences,Q1,8.2
behavioral disorders,Q3,1.2
behavioral ecology,Q1,2.2
behavioral ecology and sociobiology,Q1,2
behavioral interventions,Q4,0.9
behavioral medicine,Q4,1.2
behavioral neuroscience,Q3,1.9
behavioral psychology psicologia conductual,Q3,1.3
behavioral research in accounting,Q3,1.8
behavioral sciences,Q1,3.2
behavioral sciences of terrorism and political aggression,Q2,1.5
behavioral sciences the law,Q1,1.9
behavioral sleep medicine,Q3,2
behaviour,Q2,1.3
behaviour information technology,Q1,4.2
behaviour research and therapy,Q1,4.3
behavioural and cognitive psychotherapy,Q2,2.3
behavioural brain research,Q2,2.9
behavioural neurology,Q1,4
behavioural pharmacology,Q4,1.4
behavioural processes,Q2,1.6
behavioural public policy,Q2,2.9
beilstein journal of nanotechnology,Q2,3.5
beilstein journal of organic chemistry,Q2,2.7
beitrage zur algebra und geometrie contributions to algebra and geometry,Q4,0.4
beitrage zur geschichte der deutschen sprache und literatur,,0.2
belgian journal of zoology,Q3,1.1
belitung nursing journal,Q2,2.1
belleten,Q2,0.4
belphegor,,0.1
ben jonson journal,,0.3
benchmarking an international journal,Q2,4.8
beneficial microbes,Q2,3.5
beni suef university journal of basic and applied sciences,Q2,3.1
bereavement journal of grief and responses to death,Q3,0.9
berichte uber landwirtschaft,Q4,0.3
berichte zur wissenschaftsgeschichte,Q3,0.4
berkeley review of education,Q4,0.2
berliner journal fur soziologie,Q3,1.2
berliner und munchener tierarztliche wochenschrift,Q4,0.6
bernoulli,Q2,1.8
best practice research clinical anaesthesiology,Q2,3.3
best practice research clinical endocrinology metabolism,Q1,6.9
best practice research clinical gastroenterology,Q1,5.2
best practice research clinical haematology,Q2,3.4
best practice research clinical obstetrics gynaecology,Q1,5.9
best practice research in clinical rheumatology,Q1,7
beton und stahlbetonbau,Q4,1
betriebswirtschaftliche forschung und praxis,Q4,0.2
beverage plant research,Q2,3.5
beverages,Q3,3
bewegungstherapie und gesundheitssport,Q4,0.3
beyoglu eye journal,Q4,0.9
beyond behavior,Q4,0.8
beytulhikme an international journal of philosophy,,0.1
bezmialem science,Q3,0.5
bible translator,,0.3
biblica,,0.2
biblical annals,,0.4
biblical interpretation a journal of contemporary approaches,,0.2
biblical theology bulletin,,0.2
biblio 3w barcelona,Q4,0.3
biblios revista de bibliotecologia y ciencias de la informacion,Q4,0.2
bibliotecas anales de investigacion,Q4,0.2
bibliotecas revista de la escuela de bibliotecologia documentacion e informacion,Q4,0.1
bibliothek forschung und praxis,Q4,0.1
bibliotheque d humanisme et renaissance,,<0.1
biblische zeitschrift,,0.3
biblos revista da faculdade de letras da universidade de coimbra,,<0.1
bid textos universitaris de biblioteconomia i documentacio,Q3,0.8
big data,Q2,2
big data and cognitive computing,Q1,5.3
big data mining and analytics,Q1,6.1
big data research,Q1,4.6
big data society,Q1,7.8
big earth data,Q2,3.6
bijdragen tot de taal land en volkenkunde,Q3,0.5
bilig,Q3,0.4
bilimname,,0.1
bilingual research journal,Q2,1.4
bilingualism language and cognition,Q1,2.4
bio algorithms and med systems,Q2,2.5
bio based and applied economics,Q2,1.9
bio design and manufacturing,Q1,7.9
bio medical materials and engineering,Q4,1.3
bio protocol,Q3,1.3
bioacoustics the international journal of animal sound and its recording,Q1,2.1
bioactive carbohydrates and dietary fibre,Q2,3.3
bioactive materials,Q1,23.6
bioagro,Q4,0.6
bioanalysis,Q3,2.1
bioarchaeology international,Q1,1.8
biocatalysis and agricultural biotechnology,Q2,4.6
biocatalysis and biotransformation,Q4,1.5
biocell,Q3,1.8
biochar,Q1,15.1
biochemia medica,Q3,2.1
biochemical and biophysical research communications,Q3,2.5
biochemical engineering journal,Q2,3.6
biochemical genetics,Q3,1.9
biochemical journal,Q2,3.9
biochemical pharmacology,Q1,6.5
biochemical society transactions,Q2,4.4
biochemical systematics and ecology,Q3,2.2
biochemistry,Q3,2.7
biochemistry and biophysics reports,Q3,3.3
biochemistry and cell biology,Q4,2.2
biochemistry and molecular biology education,Q3,1
biochemistry moscow,Q4,2.1
biochemistry moscow supplement series a membrane and cell biology,Q4,0.6
biochemistry moscow supplement series b biomedical chemistry,Q4,0.4
biochemistry research international,Q2,2.9
biochimica et biophysica acta bioenergetics,Q3,2.6
biochimica et biophysica acta biomembranes,Q3,2.4
biochimica et biophysica acta gene regulatory mechanisms,Q2,3.6
biochimica et biophysica acta general subjects,Q2,2.9
biochimica et biophysica acta molecular and cell biology of lipids,Q1,3.8
biochimica et biophysica acta molecular basis of disease,Q1,5
biochimica et biophysica acta molecular cell research,Q2,4.3
biochimica et biophysica acta proteins and proteomics,Q3,2.2
biochimica et biophysica acta reviews on cancer,Q1,11.2
biochimie,Q3,3.4
biochip journal,Q1,6.7
bioconjugate chemistry,Q1,4.5
biocontrol,Q1,2.5
biocontrol science and technology,Q3,1.1
biocybernetics and biomedical engineering,Q2,4.9
biodata mining,Q1,7.9
biodegradation,Q2,4.2
biodemography and social biology,Q3,1.4
biodesign research,Q1,7.2
biodiversity and conservation,Q1,3.7
biodiversity data journal,Q3,1.3
biodiversity informatics,Q1,3.6
biodrugs,Q1,8.5
bioelectricity,Q4,1.5
bioelectrochemistry,Q1,4.9
bioelectromagnetics,Q3,1.6
bioelectronic medicine,Q1,6.8
bioenergy research,Q3,3.3
bioengineering basel,Q2,4.4
bioengineering translational medicine,Q1,6.2
bioessays,Q1,3.3
bioethics,Q2,2.3
biofabrication,Q1,8.2
biofactors,Q1,5.2
biofilm,Q1,6.7
biofouling,Q2,2.5
biofuel research journal brj,Q2,7.5
biofuels bioproducts biorefining biofpr,Q2,3.8
biofuels uk,Q3,2.9
biogeochemistry,Q1,4.3
biogeosciences,Q1,4.5
biogeotechnics,Q1,15.9
biogerontology,Q1,5.3
biography an interdisciplinary quarterly,,0.2
bioimpacts,Q3,2.5
bioinformatics,Q1,5.5
bioinformatics advances,Q2,2.6
bioinformatics and biology insights,Q3,2
bioinorganic chemistry and applications,Q1,4.1
bioinspiration biomimetics,Q1,3.5
bioinspired biomimetic and nanobiomaterials,Q4,1.7
biointerphases,Q4,1.8
bioinvasions records,Q3,1.5
biolaw journal rivista di biodiritto,Q3,0.4
biolinguistics,,1.8
biologia,Q3,1.7
biologia futura,Q2,2.1
biologia plantarum,Q4,0.9
biological agriculture horticulture,Q2,1.9
biological bulletin,Q3,1.1
biological chemistry,Q3,2.5
biological conservation,Q1,5.1
biological control,Q1,4
biological cybernetics,Q3,2
biological invasions,Q2,2.7
biological journal of the linnean society,Q4,1.6
biological pharmaceutical bulletin,Q3,1.8
biological procedures online,Q1,4.9
biological psychiatry,Q1,10.3
biological psychiatry cognitive neuroscience and neuroimaging,Q1,4.9
biological psychiatry global open science,Q1,4
biological psychology,Q1,3.3
biological research,Q1,5.4
biological research for nursing,Q2,2
biological reviews,Q1,10.9
biological rhythm research,Q3,1
biological theory,Q1,2
biological trace element research,Q2,4.3
biologicals,Q3,2.1
biologicheskie membrany,Q4,0.1
biologics targets therapy,Q2,4.5
biology and environment proceedings of the royal irish academy,Q4,0.5
biology and fertility of soils,Q1,6.8
biology basel,Q1,4.3
biology bulletin,Q4,0.6
biology direct,Q1,5.5
biology letters,Q2,2.7
biology methods protocols,Q3,2.4
biology of reproduction,Q2,3.2
biology of sex differences,Q1,5.3
biology of sport,Q1,6.4
biology of the cell,Q3,2.7
biology open,Q3,1.8
biology philosophy,Q1,1.3
biomacromolecules,Q1,5.9
biomarker insights,Q3,1.9
biomarker research,Q1,14.6
biomarkers,Q3,2.2
biomarkers in medicine,Q3,2.1
biomass bioenergy,Q1,7
biomass conversion and biorefinery,Q2,4.3
biomass switzerland,Q1,6.1
biomaterials,Q1,13.6
biomaterials advances,Q1,6.7
biomaterials research,Q1,9.8
biomaterials science,Q2,6.1
biomechanics,Q3,1.4
biomechanics and modeling in mechanobiology,Q2,3
biomed research international,Q3,2.9
biomedica,Q4,0.7
biomedical and biotechnology research journal,Q4,1
biomedical and environmental sciences,Q1,4.5
biomedical chromatography,Q3,1.7
biomedical engineering,Q4,0.3
biomedical engineering and computational biology,Q3,2.9
biomedical engineering applications basis communications,Q4,1
biomedical engineering biomedizinische technik,Q4,1.3
biomedical engineering letters,Q2,3.4
biomedical engineering online,Q2,4.6
biomedical human kinetics,Q4,1.4
biomedical journal,Q1,6.3
biomedical materials,Q2,3.9
biomedical microdevices,Q2,4.4
biomedical optics express,Q2,3.2
biomedical papers olomouc,Q4,0.8
biomedical physics engineering express,Q3,2
biomedical reports,Q3,2.5
biomedical research and therapy,Q4,0.6
biomedical research tokyo,Q4,1.5
biomedical signal processing and control,Q2,5.7
biomedical technology,Q1,16.4
biomedicine taiwan,Q1,3
biomedicines,Q2,4.5
biomedinformatics,Q1,3.6
biometals,Q2,4
biometrical journal,Q1,2.1
biometrics,Q2,1.6
biometrika,Q1,2.8
biomicrofluidics,Q2,2.7
biomimetic intelligence and robotics,Q1,8.6
biomimetics,Q1,4.2
biomolecular concepts,Q3,3.2
biomolecular nmr assignments,Q4,0.5
biomolecules,Q1,5.6
biomolecules and biomedicine,Q3,2.8
biomolecules therapeutics,Q1,4.9
bionanoscience,Q3,4
bioorganic chemistry,Q1,5.1
bioorganic medicinal chemistry,Q1,3.5
bioorganic medicinal chemistry letters,Q2,2.3
biopharm international,Q4,0.6
biopharmaceutics drug disposition,Q3,2.2
biophysica,Q4,1.8
biophysical chemistry,Q3,2.3
biophysical journal,Q2,3.7
biophysical reports,Q3,2.6
biophysical reviews,Q1,5
biophysics and physicobiology,Q4,1.4
biophysics reviews,Q1,4.5
biopolymers,Q2,2.9
biopreservation and biobanking,Q3,1.7
bioprocess and biosystems engineering,Q2,4.3
biopsychosocial medicine,Q2,2.1
biopsychosocial science and medicine,,N/A
bioremediation journal,Q4,1.7
bioresource technology,Q1,8.2
bioresource technology reports,Q1,5
bioresources,Q2,2.2
bioresources and bioprocessing,Q1,6.3
biorheology,Q3,2.3
biosafety and health,Q2,2.8
bioscience,Q1,9.5
bioscience biotechnology and biochemistry,Q4,1.5
bioscience journal,Q3,0.6
bioscience of microbiota food and health,Q3,2.1
bioscience reports,Q2,4.5
bioscience trends,Q1,4.9
bioscope south asian screen studies,,0.4
biosemiotics,Q1,1.6
biosensors basel,Q1,6.2
biosensors bioelectronics,Q1,11.8
biosocieties,Q4,1.2
biostatistics,Q1,2.1
biosurface and biotribology,Q4,1.7
biosystems,Q2,2.1
biosystems diversity,Q4,1.3
biosystems engineering,Q1,7.8
biota neotropica,Q4,1.2
biotech,Q2,3.6
biotechnic histochemistry,Q4,1.4
biotechniques,Q3,2.6
biotechnologie agronomie societe et environnement,Q3,0.9
biotechnology advances,Q1,14.1
biotechnology and applied biochemistry,Q3,2.5
biotechnology and bioengineering,Q2,3.9
biotechnology and bioprocess engineering,Q3,2.8
biotechnology and genetic engineering reviews,Q3,2.4
biotechnology biotechnological equipment,Q4,1.4
biotechnology for biofuels and bioproducts,Q1,6
biotechnology journal,Q2,3.7
biotechnology law report,Q4,0.3
biotechnology letters,Q3,2.5
biotechnology progress,Q3,2.8
biotecnia,Q4,0.7
biotropica,Q3,1.9
bipolar disorders,Q1,3.9
bird conservation international,Q1,1.9
bird study,Q2,1.3
birds,Q1,1.7
birth defects research,Q3,2
birth issues in perinatal care,Q2,2.3
bit numerical mathematics,Q2,1.6
bitacora urbano territorial,Q4,0.3
biznes informatika business informatics,Q4,0.4
bja education,Q2,2.7
bja open,Q1,3.5
bjc reports,Q2,3.8
bjgp open,Q2,2.4
bjog an international journal of obstetrics and gynaecology,Q1,4.8
bjpsych advances,Q4,1.3
bjpsych bulletin,Q2,2.9
bjpsych international,Q3,1.9
bjpsych open,Q1,4
bjr case reports,Q4,0.6
bjr open,Q2,3.5
bjs british journal of surgery,Q1,9.4
bjs open,Q1,4.9
bju international,Q1,4.1
bjui compass,Q3,2
black camera,,0.1
black scholar,Q4,0.4
black theology,,0.2
bladder cancer,Q2,2.2
bleeding thrombosis and vascular biology,Q4,0.5
blockchain research and applications,Q1,6.5
blood,Q1,23.9
blood advances,Q1,7.7
blood and lymphatic cancer targets and therapy,Q2,3.2
blood cancer discovery,Q1,12.2
blood cancer journal,Q1,13.8
blood cells molecules and diseases,Q3,2.1
blood coagulation fibrinolysis,Q4,1
blood pressure,Q2,2.8
blood pressure monitoring,Q4,1
blood purification,Q2,2.2
blood research,Q2,3.7
blood reviews,Q1,7.2
blood science,Q2,3.6
blood transfusion,Q2,2.7
blue green systems,Q2,3.2
blumea,Q4,0.5
bmb reports,Q2,4.1
bmc anesthesiology,Q2,3.2
bmc bioinformatics,Q1,4.4
bmc biology,Q1,5.4
bmc biotechnology,Q2,4.8
bmc cancer,Q2,4.1
bmc cardiovascular disorders,Q2,3.1
bmc chemistry,Q2,5.1
bmc complementary medicine and therapies,Q1,4.4
bmc digital health,Q2,3.2
bmc ecology and evolution,Q2,2.7
bmc emergency medicine,Q2,3.1
bmc endocrine disorders,Q2,3.7
bmc gastroenterology,Q2,3.2
bmc genomic data,Q3,2.5
bmc genomics,Q2,3.9
bmc geriatrics,Q1,4.5
bmc global and public health,Q1,5.1
bmc health services research,Q2,3.3
bmc immunology,Q3,2.9
bmc infectious diseases,Q2,3.2
bmc medical education,Q1,4.2
bmc medical ethics,Q1,3.8
bmc medical genomics,Q2,2.6
bmc medical imaging,Q1,3.9
bmc medical informatics and decision making,Q2,5.5
bmc medical research methodology,Q2,3.7
bmc medicine,Q1,8.7
bmc microbiology,Q1,5.4
bmc molecular and cell biology,Q3,3
bmc musculoskeletal disorders,Q2,2.8
bmc nephrology,Q2,2.9
bmc neurology,Q3,2.6
bmc neuroscience,Q2,3.3
bmc nursing,Q1,5.2
bmc nutrition,Q3,2.7
bmc ophthalmology,Q3,2.1
bmc oral health,Q1,3.8
bmc palliative care,Q1,3.7
bmc pediatrics,Q2,2.3
bmc pharmacology toxicology,Q2,3.5
bmc plant biology,Q1,5.6
bmc pregnancy and childbirth,Q1,3.1
bmc primary care,Q1,2.9
bmc psychiatry,Q1,4.6
bmc psychology,Q1,4.6
bmc public health,Q1,4.4
bmc pulmonary medicine,Q2,3.1
bmc research notes,Q2,1.7
bmc rheumatology,Q2,3.1
bmc sports science medicine and rehabilitation,Q1,3.4
bmc surgery,Q2,2.4
bmc urology,Q2,2.3
bmc veterinary research,Q1,3.1
bmc womens health,Q1,3.3
bmc zoology,Q1,2.2
bme frontiers,Q1,9.1
bmemat,Q1,17.2
bmgn the low countries historical review,Q1,0.5
bmj british medical journal,Q1,55.1
bmj case reports,Q4,0.4
bmj evidence based medicine,Q1,10.8
bmj global health,Q1,5.8
bmj health care informatics,Q1,6.2
bmj innovations,Q3,1.6
bmj leader,Q2,2.4
bmj medicine,Q1,9.3
bmj mental health,Q1,6.6
bmj military health,Q2,1.7
bmj neurology open,Q3,2.6
bmj nutrition prevention health,Q3,2.6
bmj open,Q2,2.5
bmj open diabetes research care,Q2,4.4
bmj open gastroenterology,Q3,2.6
bmj open ophthalmology,Q2,2.7
bmj open quality,Q2,2.1
bmj open respiratory research,Q2,4
bmj open sport exercise medicine,Q1,3.2
bmj paediatrics open,Q1,2.6
bmj public health,Q3,1.7
bmj quality safety,Q1,6.8
bmj sexual reproductive health,Q1,3.2
bmj supportive palliative care,Q2,2.5
bmj surgery interventions health technologies,Q1,2.8
bms bulletin of sociological methodology bulletin de methodologie sociologique,Q4,0.3
body image,Q1,6
body movement and dance in psychotherapy,Q4,0.9
body society,Q3,1.5
bogoslovni vestnik theological quarterly ephemerides theologicae,,0.4
bogoslovska smotra ephemerides theologicae zagrabienses,,0.1
bois et forets des tropiques,Q3,1.1
boletim de ciencias geodesicas,Q4,0.7
boletim de estudos classicos,,0.1
boletim de industria animal,Q4,<0.1
boletim do arquivo da universidade de coimbra,Q3,0.1
boletim do instituto de pesca,Q3,0.8
boletim sociedade paranaense de matematica,Q3,0.6
boletin academico revista de investigacion y arquitectura contemporanea,,<0.1
boletin americanista,Q4,<0.1
boletin antropologico,Q4,<0.1
boletin de arte,,<0.1
boletin de arte uma,,<0.1
boletin de ciencias de la tierra,Q4,0.4
boletin de geologia,Q4,0.4
boletin de la asociacion de geografos espanoles,Q3,0.9
boletin de la asociacion internacional de derecho cooperativo international association of cooperative law journal,Q3,0.5
boletin de la real academia espanola,,0.2
boletin de la sociedad argentina de botanica,Q4,0.6
boletin de la sociedad espanola de ceramica y vidrio,Q2,2.7
boletin de la sociedad geologica mexicana,Q4,0.4
boletin de la sociedad matematica mexicana,Q2,0.9
boletin de literatura oral,,0.5
boletin de matematicas,Q4,0.2
boletin de pediatria,Q4,<0.1
boletin del archivo general de la nacion,Q4,<0.1
boletin del grupo espanol del carbon,Q4,0.1
boletin del museo chileno de arte precolombino,,0.8
boletin geografico,Q4,<0.1
boletin geologico y minero,Q4,0.4
boletin goiano de geografia,Q4,0.1
boletin latinoamericano y del caribe de plantas medicinales y aromaticas,Q4,0.8
boletin medico del hospital infantil de mexico,Q4,0.7
bollettino della societa paleontologica italiana,Q1,2.2
bollettino della unione matematica italiana,Q3,0.7
bollettino di storia delle scienze matematiche,Q4,0.2
bollettino filosofico,,<0.1
bone,Q2,3.9
bone joint journal,Q1,4.8
bone joint open,Q1,3.3
bone joint research,Q1,5.5
bone marrow transplantation,Q1,5.1
bone reports,Q3,3.1
bone research,Q1,20.1
book collector,,0.1
book history,Q2,0.4
bookbird a journal of international childrens literature,,0.3
borderline personality disorder and emotion dysregulation,Q2,3.2
bordon revista de pedagogia,Q3,0.9
boreal environment research,Q4,1.5
boreas,Q3,2.3
borsa istanbul review,Q1,5.7
bosniaca journal of the national and university library of bosnia and herzegovina,Q4,0.1
bosque,Q4,0.7
boston university law review,Q1,1.5
botanica marina,Q3,1.6
botanica serbica,Q4,1
botanical journal of the linnean society,Q2,2.1
botanical review,Q1,5.4
botanical sciences,Q3,1.1
botanical studies,Q2,3.3
botany,Q3,1.4
botany letters,Q3,1.2
bothalia,Q4,1
bottom line,Q1,4.5
boundary 2 an international journal of literature and culture,Q2,0.7
boundary layer meteorology,Q3,2.6
boundary value problems,Q1,2.3
boyhood studies an interdisciplinary journal,Q3,0.5
brac barcelona research art creation,,0.1
brachytherapy,Q3,1.7
bradleya,Q4,0.7
bragantia,Q2,1.8
brain,Q1,12.6
brain and behavior,Q2,2.8
brain and cognition,Q3,2.1
brain and language,Q1,2.4
brain and spine,Q3,2.7
brain behavior and evolution,Q3,1.2
brain behavior and immunity,Q1,7.5
brain behavior immunity health,Q2,3.8
brain broad research in artificial intelligence and neuroscience,Q4,0.6
brain circulation,Q1,5.2
brain communications,Q1,4.5
brain computer interfaces,Q3,2.6
brain connectivity,Q3,2.3
brain development,Q3,1.7
brain hemorrhages,Q3,2
brain imaging and behavior,Q2,2.8
brain impairment,Q3,1.5
brain informatics,Q1,8.3
brain injury,Q3,1.5
brain mechanisms,,N/A
brain pathology,Q1,5
brain research,Q3,3.2
brain research bulletin,Q2,4.5
brain sciences,Q2,3.4
brain stimulation,Q1,9.7
brain structure function,Q1,3
brain topography,Q1,5.3
brain tumor pathology,Q2,2.2
brain x,Q1,6.4
bratislava law review,Q3,0.5
bratislava medical journal,Q2,1.4
brazilian administration review,Q4,0.9
brazilian archives of biology and technology,Q3,1
brazilian journal of analytical chemistry,Q4,1
brazilian journal of anesthesiology,Q2,2.2
brazilian journal of botany,Q3,1.7
brazilian journal of cardiovascular surgery,Q3,1.4
brazilian journal of chemical engineering,Q3,1.7
brazilian journal of geology,Q4,1.1
brazilian journal of hygiene and animal sanity,Q4,<0.1
brazilian journal of infectious diseases,Q3,2
brazilian journal of medical and biological research,Q2,1.9
brazilian journal of microbiology,Q4,2.1
brazilian journal of motor behavior,Q4,0.5
brazilian journal of operations production management,Q3,1.6
brazilian journal of otorhinolaryngology,Q2,1.8
brazilian journal of pharmaceutical sciences,Q4,0.9
brazilian journal of physical therapy,Q1,3.6
brazilian journal of physics,Q2,1.8
brazilian journal of poultry science,Q3,1.3
brazilian journal of probability and statistics,Q4,0.6
brazilian journal of psychiatry,Q2,2.9
brazilian journalism research,Q4,0.5
brazilian neurosurgery arquivos brasileiros de neurocirurgia,Q4,0.2
brazilian oral research,Q3,1.4
breast,Q1,5.2
breast cancer,Q1,3.7
breast cancer basic and clinical research,Q3,2.2
breast cancer research,Q1,6.2
breast cancer research and treatment,Q2,3.3
breast cancer targets and therapy,Q2,3.6
breast care,Q2,2.3
breast journal,Q2,2.4
breastfeeding medicine,Q2,2.1
breathe,Q1,4.5
breeding science,Q2,1.7
bresil s,Q4,<0.1
brewing science,Q4,0.7
brics law journal,Q2,0.7
bridge structures,Q4,0.9
briefings in bioinformatics,Q1,7.3
briefings in functional genomics,Q2,3.2
brills annual of afroasiatic languages and linguistics,,0.4
britain and the world,Q3,0.2
britannia,Q2,0.4
british accounting review,Q1,8
british and american studies,,<0.1
british catholic history,Q3,0.1
british columbia medical journal,Q3,0.7
british dental journal,Q2,2.7
british educational research journal,Q1,3.3
british food journal,Q1,4.4
british journal for the history of mathematics,Q4,0.4
british journal for the history of philosophy,,0.6
british journal for the history of science,Q2,0.9
british journal for the philosophy of science,Q1,3.1
british journal of aesthetics,,0.9
british journal of american legal studies,Q4,0.2
british journal of anaesthesia,Q1,10.3
british journal of biomedical science,Q1,11.9
british journal of canadian studies,,0.2
british journal of cancer,Q1,7.8
british journal of clinical pharmacology,Q2,3
british journal of clinical psychology,Q2,2.3
british journal of criminology,Q1,2.5
british journal of dermatology,Q1,8.2
british journal of developmental psychology,Q3,1.8
british journal of diabetes,Q4,0.4
british journal of educational psychology,Q1,4.5
british journal of educational studies,Q1,2.5
british journal of educational technology,Q1,13
british journal of general practice,Q1,5.1
british journal of guidance counselling,Q3,1.5
british journal of haematology,Q2,3.6
british journal of health psychology,Q1,3.1
british journal of hospital medicine,Q2,1.7
british journal of industrial relations,Q2,1.8
british journal of learning disabilities,Q2,1.6
british journal of management,Q1,6.5
british journal of mathematical statistical psychology,Q1,1.9
british journal of middle eastern studies,Q1,0.8
british journal of music education,Q3,1
british journal of music therapy,Q4,1
british journal of neurosurgery,Q4,0.8
british journal of nutrition,Q2,3.1
british journal of occupational therapy,Q3,1.5
british journal of ophthalmology,Q1,4.5
british journal of oral maxillofacial surgery,Q2,2
british journal of pain,Q2,2.8
british journal of pharmacology,Q1,7.5
british journal of political science,Q1,4.6
british journal of politics international relations,Q2,2.4
british journal of psychiatry,Q1,8.5
british journal of psychology,Q1,3.6
british journal of psychotherapy,Q4,0.5
british journal of radiology,Q2,3.4
british journal of religious education,Q3,1.1
british journal of social psychology,Q1,3.8
british journal of social work,Q1,2.2
british journal of sociology,Q1,2.6
british journal of sociology of education,Q2,2.1
british journal of special education,Q3,1.2
british journal of sports medicine,Q1,15.5
british journal of visual impairment,Q4,1
british journalism review,Q4,0.1
british medical bulletin,Q1,7.5
british politics,Q3,1.3
british poultry science,Q3,1.7
brittonia,Q4,0.7
brock education a journal of educational research and practice,Q3,0.9
brodogradnja,Q1,4.7
bronte studies,,0.3
brookings papers on economic activity,Q1,3.2
brq business research quarterly,Q2,3.2
brumal research journal on the fantastic,,0.5
bruniana campanelliana,,<0.1
bruno pini mathematical analysis seminar,Q3,0.6
brussels studies,Q4,0.1
bryologist,Q3,1.3
bsaa arte,,0.2
bsgf earth sciences bulletin,Q3,1.7
buddhist christian studies,,0.1
buddhist studies review,,0.2
buffalo bulletin,Q4,0.3
buffalo law review,Q3,0.4
building acoustics,Q2,1.7
building and environment,Q1,8.4
building research and information,Q2,3.5
building services engineering research technology,Q3,1.7
building simulation,Q1,6.9
buildings,Q2,3.4
buildings cities,Q1,3.7
buildings landscapes journal of the vernacular architecture forum,,0.3
built environment project and asset management,Q2,2.9
bulgarian astronomical journal,Q4,0.9
bulgarian historical review revue bulgare d histoire,Q3,0.1
bulgarian journal of agricultural science,Q4,0.4
bulgarski ezik i literatura bulgarian language and literature,,<0.1
bulletin de l academie nationale de medecine,Q4,0.3
bulletin de la societe linneenne de lyon,Q4,0.1
bulletin de la societe mathematique de france,Q3,0.5
bulletin de la societe prehistorique francaise,,0.5
bulletin des sciences mathematiques,Q1,1.5
bulletin du cancer,Q4,1.1
bulletin du centre de recherche du chateau de versailles,Q4,<0.1
bulletin hispanique,,0.1
bulletin knob,,<0.1
bulletin mathematique de la societe des sciences mathematiques de roumanie,Q4,0.3
bulletin monumental,,0.1
bulletin of chemical reaction engineering and catalysis,Q3,1.6
bulletin of computational applied mathematics,Q4,<0.1
bulletin of contemporary hispanic studies,,<0.1
bulletin of earthquake engineering,Q1,4.2
bulletin of economic research,Q3,1.2
bulletin of engineering geology and the environment,Q1,4.9
bulletin of entomological research,Q2,1.7
bulletin of environmental contamination and toxicology,Q4,1.9
bulletin of experimental biology and medicine,Q4,0.7
bulletin of geography physical geography series,Q4,0.9
bulletin of geography socio economic series,Q3,0.9
bulletin of geophysics and oceanography,Q3,1.3
bulletin of geosciences,Q2,1.5
bulletin of glaciological research,Q4,0.6
bulletin of hispanic studies,,0.2
bulletin of indonesian economic studies,Q1,3.4
bulletin of insectology,Q4,0.5
bulletin of irkutsk state university series mathematics,Q3,0.6
bulletin of latin american research,Q3,0.6
bulletin of marine science,Q3,1
bulletin of materials science,Q4,2.1
bulletin of mathematical analysis and applications,Q4,0.4
bulletin of mathematical biology,Q2,2.3
bulletin of mathematical sciences,Q1,6.5
bulletin of medieval canon law new series,,<0.1
bulletin of russian state medical university,Q4,0.1
bulletin of spanish studies,,0.2
bulletin of symbolic logic,Q1,1
bulletin of the american mathematical society,Q1,1.8
bulletin of the american meteorological society,Q1,6.9
bulletin of the american museum of natural history,Q1,3.7
bulletin of the american society of overseas research,,0.8
bulletin of the american society of papyrologists,,0.3
bulletin of the atomic scientists,Q2,2.3
bulletin of the australian mathematical society,Q3,0.6
bulletin of the belgian mathematical society simon stevin,Q3,0.7
bulletin of the brazilian mathematical society,Q2,0.9
bulletin of the chemical society of ethiopia,Q3,2.6
bulletin of the chemical society of japan,Q2,4
bulletin of the comediantes,,0.8
bulletin of the council for research in music education,,0.6
bulletin of the european association for theoretical computer science,Q4,0.2
bulletin of the european association of fish pathologists,Q3,0.9
bulletin of the geological society of denmark,Q3,1.5
bulletin of the geological society of finland,Q1,2.3
bulletin of the german historical institute,Q4,<0.1
bulletin of the history of archaeology,,1
bulletin of the history of medicine,Q2,0.7
bulletin of the hospital for joint diseases,Q4,0.5
bulletin of the institute of classical studies,,0.1
bulletin of the institute of history and philology academia sinica,Q4,<0.1
bulletin of the institute of mathematics academia sinica new series,Q4,0.1
bulletin of the iranian mathematical society,Q1,1.2
bulletin of the john rylands library,,0.1
bulletin of the karaganda university mathematics series,Q3,0.7
bulletin of the korean chemical society,Q2,3.1
bulletin of the korean mathematical society,Q4,0.4
bulletin of the lebedev physics institute,Q4,0.6
bulletin of the london mathematical society,Q2,1
bulletin of the malaysian mathematical sciences society,Q1,1.2
bulletin of the menninger clinic,Q1,1.2
bulletin of the mineral research and exploration,Q4,1.1
bulletin of the new zealand society for earthquake engineering,Q4,0.6
bulletin of the peabody museum of natural history,Q1,8.1
bulletin of the polish academy of sciences technical sciences,Q3,1.1
bulletin of the school of oriental and african studies,,0.4
bulletin of the section of logic,Q3,0.6
bulletin of the seismological society of america,Q2,3.1
bulletin of the south ural state university series mathematical modelling programming computer software,Q4,0.1
bulletin of the technical committee on learning technology,Q4,0.6
bulletin of the tomsk polytechnic university geo assets engineering,Q4,0.5
bulletin of the university of karaganda physics,Q4,0.4
bulletin of the world health organization,Q1,6.9
bulletin of tokyo dental college,Q4,0.8
bulletin of university of agricultural sciences and veterinary medicine cluj napoca food science and technology,Q4,0.9
bulletin of volcanology,Q2,2.8
bundesgesundheitsblatt gesundheitsforschung gesundheitsschutz,Q3,1.6
bunseki kagaku,Q4,0.2
burlington magazine,,0.2
burns,Q2,2.6
burns trauma,Q1,11
business and human rights journal,Q1,2.3
business and politics,Q2,2.2
business and professional communication quarterly,Q2,2.1
business and society review,Q3,2.3
business ethics quarterly,Q1,4.3
business ethics the environment responsibility,Q1,5.3
business history,Q1,1.5
business history review,Q2,1
business horizons,Q1,9.4
business information systems engineering,Q1,12.2
business management and economics engineering,Q2,1.9
business process management journal,Q1,5.2
business professional ethics journal,Q4,0.4
business society,Q2,3.8
business strategy and development,Q1,5.7
business strategy and the environment,Q1,13.2
business systems research journal,Q3,1.9
bylye gody,Q2,0.3
byu studies quarterly,,0.1
byulleten sibirskoy meditsiny,Q4,0.1
byzantine and modern greek studies,,0.3
byzantinische zeitschrift,,0.2
byzantinoslavica revue internationale des etudes byzantines,,0.1
c en global enterprise,Q1,10.2
c journal of carbon research,Q2,4.3
ca a cancer journal for clinicians,Q1,685.2
caai transactions on intelligence technology,Q2,5.1
cabas,Q4,0.2
cabi agriculture and bioscience,Q1,3.7
cabi one health,Q2,2.9
cabi reviews,Q2,2
cadernos brasileiros de terapia ocupacional brazilian journal of occupational therapy,Q4,0.9
cadernos de dereito actual,Q4,0.1
cadernos de estudos linguisticos,,0.3
cadernos de fraseoloxia galega,,<0.1
cadernos de geografia,Q4,0.5
cadernos de historia,Q4,<0.1
cadernos de letras da uff,,<0.1
cadernos de saude publica,Q3,2.1
cadernos de traducao,,0.4
cadernos do arquivo municipal,Q4,<0.1
cadernos gestao publica e cidadania,Q4,0.4
cadmo,Q4,0.3
cahiers agricultures,Q3,1.2
cahiers balkaniques,,<0.1
cahiers d etudes africaines,Q4,<0.1
cahiers d etudes du religieux recherches interdisciplinaires,,<0.1
cahiers d histoire russe est europeenne caucasienne et centrasiatique,Q3,0.2
cahiers de biologie marine,Q4,0.4
cahiers de civilisation espagnole contemporaine de 1808 au temps present,Q4,<0.1
cahiers de civilisation medievale,,0.3
cahiers de droit,Q4,0.1
cahiers de narratologie,,0.1
cahiers de nutrition et de dietetique,Q4,0.3
cahiers des ameriques latines,Q4,<0.1
cahiers des etudes anciennes,,<0.1
cahiers du monde russe,Q3,0.2
cahiers elisabethains,,0.1
cahiers mondes anciens,,0.1
cahiers victoriens edouardiens,,0.1
caietele echinox,,<0.1
cailiao gongcheng journal of materials engineering,Q4,0.6
calcified tissue international,Q2,3.5
calcolo,Q1,1.4
calculus of variations and partial differential equations,Q1,2.1
caldasia,Q4,0.5
calico journal,Q2,1.7
calidad de vida y salud,Q4,0.1
california agriculture,Q3,1.4
california archaeology,,0.4
california fish and wildlife journal,Q4,0.4
california history,Q2,0.3
california law review,Q1,2.2
california management review,Q1,6.1
caligrama revista de estudos romanicos,,0.1
caliope journal of the society for renaissance and baroque hispanic poetry,,0.1
callaloo,,<0.1
calle 14 revista de investigacion en el campo del arte,,0.2
calphad computer coupling of phase diagrams and thermochemistry,Q2,2.2
cambio rivista sulle trasformazioni sociali,Q4,0.2
cambrian medieval celtic studies,,0.2
cambridge archaeological journal,,1.7
cambridge classical journal,,0.3
cambridge international law journal,Q2,1
cambridge journal of anthropology,Q3,0.8
cambridge journal of economics,Q2,1.9
cambridge journal of education,Q2,1.9
cambridge journal of postcolonial literary inquiry,,0.6
cambridge journal of regions economy and society,Q1,6.4
cambridge law journal,Q2,0.7
cambridge opera journal,,0.1
cambridge prisms coastal futures,Q1,8.5
cambridge prisms extinction,Q1,6
cambridge prisms global mental health,Q1,3.9
cambridge prisms plastics,Q1,5.3
cambridge quarterly,,0.2
cambridge quarterly of healthcare ethics,Q2,2.3
cambridge review of international affairs,Q3,1.4
camera obscura,,0.2
camino real estudios de las hispanidades norteamericanas,,<0.1
campbell systematic reviews,Q1,3.8
campus virtuales,Q4,0.5
canadian association of radiologists journal journal de l association canadienne des radiologistes,Q1,4
canadian entomologist,Q3,1
canadian ethnic studies etudes ethniques au canada,Q3,0.6
canadian family physician,Q1,3.8
canadian foreign policy,Q3,1.3
canadian geographies geographies canadiennes,Q3,1.1
canadian geotechnical journal,Q1,4.3
canadian geriatrics journal,Q4,1.8
canadian historical review,Q2,0.4
canadian journal american and caribbean studies,,0.5
canadian journal for the scholarship of teaching and learning,Q4,0.5
canadian journal for the study of adult education,Q4,0.2
canadian journal of addiction,Q4,1
canadian journal of administrative sciences revue canadienne des sciences de l administration,Q4,1
canadian journal of african studies,Q2,1.1
canadian journal of agricultural economics revue canadienne d agroeconomie,Q2,2.2
canadian journal of anesthesia journal canadien d anesthesie,Q1,3.6
canadian journal of animal science,Q3,1.1
canadian journal of applied linguistics,,0.6
canadian journal of behavioural science revue canadienne des sciences du comportement,Q3,0.9
canadian journal of bioethics revue canadienne de bioethique,Q4,0.5
canadian journal of cardiology,Q1,5.7
canadian journal of career development,Q4,0.7
canadian journal of chemical engineering,Q3,2.2
canadian journal of chemistry,Q4,1
canadian journal of civil engineering,Q3,1.7
canadian journal of communication,Q4,0.5
canadian journal of criminology and criminal justice,Q4,0.8
canadian journal of development studies revue canadienne d etudes du developpement,Q4,1
canadian journal of diabetes,Q3,2.7
canadian journal of dietetic practice and research,Q4,0.9
canadian journal of earth sciences,Q3,1.6
canadian journal of economics revue canadienne d economique,Q3,0.9
canadian journal of educational administration and policy,Q3,1
canadian journal of emergency medicine,Q2,1.7
canadian journal of experimental psychology revue canadienne de psychologie experimentale,Q4,1.3
canadian journal of family and youth,Q4,0.3
canadian journal of film studies revue canadienne d etudes cinematographiques,,0.1
canadian journal of fisheries and aquatic sciences,Q2,2.5
canadian journal of forest research,Q2,2.3
canadian journal of gastroenterology and hepatology,Q3,2.5
canadian journal of health history,Q3,0.4
canadian journal of higher education,Q3,0.8
canadian journal of hospital pharmacy,Q4,1.3
canadian journal of human sexuality,Q4,0.8
canadian journal of infectious diseases medical microbiology,Q3,2.4
canadian journal of information and library science revue canadienne des sciences de l information et de bibliotheconomie,Q3,0.7
canadian journal of kidney health and disease,Q3,1.6
canadian journal of law and society la revue canadienne droit et societe,Q3,0.4
canadian journal of law jurisprudence,Q2,0.6
canadian journal of linguistics revue canadienne de linguistique,,0.5
canadian journal of mathematics journal canadien de mathematiques,Q3,0.6
canadian journal of microbiology,Q3,2.4
canadian journal of mineralogy and petrology,Q3,1.3
canadian journal of neurological sciences,Q3,1.9
canadian journal of nonprofit and social economy research,Q4,0.5
canadian journal of nursing research,Q2,2.4
canadian journal of occupational therapy revue canadienne d ergotherapie,Q2,2.3
canadian journal of ophthalmology journal canadien d ophtalmologie,Q2,2.3
canadian journal of pain revue canadienne de la douleur,Q2,3.2
canadian journal of philosophy,,0.8
canadian journal of physics,Q3,1.2
canadian journal of physiology and pharmacology,Q3,1.8
canadian journal of plant pathology,Q3,1.8
canadian journal of plant science,Q2,1.7
canadian journal of political science revue canadienne de science politique,Q3,1.4
canadian journal of program evaluation,Q3,0.8
canadian journal of psychiatry revue canadienne de psychiatrie,Q1,4.4
canadian journal of public health revue canadienne de sante publique,Q3,2
canadian journal of remote sensing,Q3,2.1
canadian journal of respiratory critical care and sleep medicine,Q4,0.7
canadian journal of respiratory therapy,Q3,1.8
canadian journal of rural medicine,Q3,0.8
canadian journal of school psychology,Q4,1.4
canadian journal of science mathematics and technology education,Q3,0.9
canadian journal of soil science,Q4,1.7
canadian journal of speech language pathology and audiology,Q4,0.2
canadian journal of statistics revue canadienne de statistique,Q3,1
canadian journal of surgery,Q2,2
canadian journal of urology,Q4,1.1
canadian journal of veterinary research revue canadienne de recherche veterinaire,Q3,1.1
canadian journal of women and the law,Q3,0.3
canadian journal of zoology,Q2,1.4
canadian journal on aging la revue canadienne du vieillissement,Q3,1.3
canadian literature,,0.1
canadian liver journal,Q4,1.5
canadian mathematical bulletin bulletin canadien de mathematiques,Q3,0.5
canadian medical association journal,Q1,8.6
canadian metallurgical quarterly,Q3,1.7
canadian modern language review revue canadienne des langues vivantes,Q3,0.9
canadian pharmacists journal,Q3,2.4
canadian political science review,Q4,0.2
canadian psychology psychologie canadienne,Q2,2.4
canadian public administration administration publique du canada,Q3,1.2
canadian public policy analyse de politiques,Q3,1.4
canadian respiratory journal,Q3,2.1
canadian review of american studies,,0.1
canadian review of sociology revue canadienne de sociologie,Q3,1.4
canadian slavonic papers,Q3,1.1
canadian society of forensic science journal,Q4,0.4
canadian studies in population,Q4,0.9
canadian theatre review,,0.1
canadian veterinary journal revue veterinaire canadienne,Q3,0.9
canadian water resources journal,Q3,2.4
canadian yearbook of international law,Q3,0.3
cancer,Q1,5.6
cancer and metastasis reviews,Q1,12.7
cancer biology medicine,Q1,12.4
cancer biology therapy,Q1,5.7
cancer biomarkers,Q4,1.8
cancer biotherapy and radiopharmaceuticals,Q3,1.7
cancer causes control,Q2,2.2
cancer cell,Q1,56.1
cancer cell international,Q1,7
cancer chemotherapy and pharmacology,Q3,2.5
cancer communications,Q1,28.4
cancer control,Q2,3.1
cancer cytopathology,Q2,2.9
cancer discovery,Q1,29.5
cancer drug resistance,Q1,7.6
cancer epidemiology,Q2,3
cancer epidemiology biomarkers prevention,Q1,3.7
cancer gene therapy,Q1,6.4
cancer genetics,Q1,11
cancer genomics proteomics,Q2,2.6
cancer imaging,Q1,4.8
cancer immunology immunotherapy,Q1,5.8
cancer immunology research,Q1,7.9
cancer informatics,Q3,2.1
cancer innovation,Q2,4.1
cancer investigation,Q3,2.2
cancer journal,Q3,2.1
cancer letters,Q1,11.8
cancer management and research,Q3,2.6
cancer medicine,Q2,3.5
cancer metabolism,Q1,5.9
cancer nanotechnology,Q1,5.8
cancer nursing,Q1,2.6
cancer pathogenesis and therapy,Q1,5.9
cancer prevention research,Q2,3.4
cancer radiotherapie,Q4,1.3
cancer reports,Q3,2.5
cancer research,Q1,22.6
cancer research and treatment,Q2,4.2
cancer research communications,Q2,4
cancer science,Q2,4.9
cancer treatment and research communications,Q2,3.5
cancer treatment reviews,Q1,10.6
cancers,Q2,4.8
candollea,Q4,0.7
cannabis,Q4,1.5
cannabis and cannabinoid research,Q3,2.5
capillarity,Q2,6.7
capital and class,Q3,0.9
capital markets law journal,Q2,0.8
capitale culturale studies on the value of cultural heritage,,0.1
capjournal,Q4,0.1
caplletra,,0.2
caracol,,0.1
caraka tani journal of sustainable agriculture,Q3,1.2
caravelle,,0.1
carbohydrate polymer technologies and applications,Q1,7.6
carbohydrate polymers,Q1,13.2
carbohydrate research,Q1,3.4
carbon,Q1,12.7
carbon and hydrogen,,N/A
carbon balance and management,Q1,7
carbon capture science technology,Q1,10.2
carbon energy,Q1,21.4
carbon letters,Q2,6.2
carbon management,Q2,3.5
carbon neutrality,Q1,11.2
carbon neutralization,Q1,21.5
carbon resources conversion,Q1,10.9
carbon trends,Q2,5.8
carbonates and evaporites,Q1,2
carcinogenesis,Q2,3.8
cardiac failure review,Q1,12.2
cardio oncology,Q2,3.4
cardiogenetics,Q4,1.1
cardiology,Q3,1.9
cardiology and therapy,Q2,3.2
cardiology clinics,Q3,1.4
cardiology discovery,Q4,0.9
cardiology in review,Q2,3.2
cardiology in the young,Q4,0.8
cardiology journal,Q3,1.9
cardiology plus,Q2,2.4
cardiology research,Q4,1.3
cardiology research and practice,Q3,2.1
cardiorenal medicine,Q2,3.2
cardiothoracic surgeon,Q3,1.5
cardiovascular and interventional radiology,Q2,3.4
cardiovascular diabetology,Q1,15.6
cardiovascular diagnosis and therapy,Q3,2.2
cardiovascular digital health journal,Q2,3.6
cardiovascular drugs and therapy,Q2,3.5
cardiovascular endocrinology metabolism,Q3,1.4
cardiovascular engineering and technology,Q2,2.4
cardiovascular innovations and applications,Q2,2.6
cardiovascular intervention and therapeutics,Q1,5.5
cardiovascular journal of africa,Q4,0.7
cardiovascular pathology,Q3,2
cardiovascular research,Q1,12.5
cardiovascular revascularization medicine,Q3,2.3
cardiovascular therapeutics,Q2,2.8
cardiovascular toxicology,Q2,3.3
cardiovascular ultrasound,Q3,2
career development and transition for exceptional individuals,Q2,1.7
career development international,Q2,3.1
career development quarterly,Q3,2
caribbean journal of science,Q4,0.4
caries research,Q2,2.5
carnets geol,Q3,0.8
carpathian journal of earth and environmental sciences,Q4,0.9
carpathian journal of food science and technology,Q4,0.6
carpathian journal of mathematics,Q1,1.4
carpathian mathematical publications,Q1,1.3
cartagine studi e ricerche,,0.1
cartaphilus,,0.1
carte di viaggio,,0.2
carte romanze,,0.1
cartilage,Q2,2.6
cartographic journal,Q3,0.7
cartographica,Q3,0.7
cartography and geographic information science,Q2,2.7
case reports in cardiology,Q4,0.5
case reports in dentistry,Q4,0.9
case reports in dermatology,Q4,0.7
case reports in endocrinology,Q4,0.8
case reports in gastroenterology,Q4,0.7
case reports in gastrointestinal medicine,Q4,0.6
case reports in hematology,Q4,0.7
case reports in immunology,Q4,0.9
case reports in infectious diseases,Q4,0.8
case reports in medicine,Q3,1
case reports in nephrology and dialysis,Q4,1
case reports in neurological medicine,Q4,0.7
case reports in neurology,Q4,0.4
case reports in obstetrics and gynecology,Q4,0.8
case reports in oncological medicine,Q4,0.6
case reports in oncology,Q4,0.7
case reports in ophthalmological medicine,Q4,0.8
case reports in ophthalmology,Q4,0.6
case reports in orthopedics,Q4,0.4
case reports in otolaryngology,Q4,0.6
case reports in pathology,Q4,0.4
case reports in pediatrics,Q4,0.5
case reports in perinatal medicine,Q4,0.2
case reports in plastic surgery and hand surgery,Q4,0.6
case reports in surgery,Q4,0.6
case reports in womens health,Q4,0.9
case studies in construction materials,Q1,6.9
case studies in sport and exercise psychology,Q4,0.9
case studies in sport and performance psychology,,N/A
case studies in the environment,Q3,1.2
case studies in thermal engineering,Q1,6.6
case studies on transport policy,Q3,3.3
casopis za ekonomiju i trzisne komunikacije,Q4,0.2
casopis za suvremenu povijest,Q3,0.1
caspian journal of internal medicine,Q2,1.2
castanea,Q4,0.3
catalan journal of communication cultural studies,Q3,0.9
catalan journal of linguistics,,0.6
cataloging classification quarterly,Q3,0.9
catalysis communications,Q2,5.5
catalysis in industry,Q4,0.9
catalysis letters,Q3,2.5
catalysis reviews science and engineering,Q1,8.2
catalysis science technology,Q2,4
catalysis surveys from asia,Q3,2.5
catalysis today,Q2,5.1
catalysts,Q2,4.5
catedral tomada revista de critica literaria latinoamericana journal of latin american literary criticism,,0.1
categories and general algebraic structures with applications,Q4,0.4
catena,Q1,6.6
catheterization and cardiovascular interventions,Q3,1.9
catholic biblical quarterly,,0.3
catholic historical review,Q3,0.1
catholic social science review,,0.1
catholic university law review,Q4,0.1
catrina the international journal of environmental sciences,Q4,1.6
caucasus survey,Q2,0.7
cauce revista internacional de filologia comunicacion y sus didacticas,,<0.1
cauriensia revista anual de ciencias eclesiasticas,,0.3
cbe life sciences education,Q1,3.6
ccf transactions on high performance computing,Q3,1.4
ccf transactions on pervasive computing and interaction,Q4,1.5
ccs chemistry,Q1,9.2
cea critic,,0.1
ceas aeronautical journal,Q2,2.4
ceas space journal,Q3,1.8
cedille revista de estudios franceses,,0.1
celebrity studies,Q2,1.1
celehis revista del centro de letras hispanoamericanas,,0.1
celestial mechanics dynamical astronomy,Q3,1.5
celestinesca,,1.2
cell,Q1,45.1
cell adhesion migration,Q2,4.3
cell and bioscience,Q1,6.5
cell and tissue banking,Q3,2.3
cell and tissue research,Q3,3.1
cell biochemistry and biophysics,Q2,3
cell biochemistry and function,Q2,3.5
cell biology and toxicology,Q1,5.7
cell biology international,Q3,3.5
cell calcium,Q1,4.9
cell chemical biology,Q1,9
cell communication and signaling,Q1,11.6
cell cycle,Q3,3.9
cell death and differentiation,Q1,13.6
cell death discovery,Q1,10.4
cell death disease,Q1,12.2
cell discovery,Q1,16.9
cell division,Q2,4.9
cell genomics,Q1,8.4
cell host microbe,Q1,23.2
cell insight,Q1,6.4
cell journal,Q4,2
cell metabolism,Q1,37
cell proliferation,Q1,7.6
cell regeneration,Q1,5.6
cell reports,Q1,7.7
cell reports medicine,Q1,14
cell reports methods,Q1,5.8
cell reports physical science,Q1,6.9
cell reports sustainability,Q1,7.5
cell research,Q1,31.1
cell stem cell,Q1,23.3
cell stress,Q3,3.4
cell stress chaperones,Q2,4.1
cell structure and function,Q4,1.8
cell surface,Q1,9.3
cell systems,Q1,7.5
cell transplantation,Q2,3.7
cells,Q2,6
cells development,Q2,2.5
cells tissues organs,Q2,2.2
cellular and molecular bioengineering,Q2,3.5
cellular and molecular gastroenterology and hepatology,Q1,8.2
cellular and molecular life sciences,Q1,6.5
cellular and molecular neurobiology,Q1,7.4
cellular immunology,Q3,3.3
cellular microbiology,Q3,2.6
cellular molecular biology letters,Q1,12.2
cellular molecular immunology,Q1,23.9
cellular oncology,Q1,5.6
cellular physiology and biochemistry,Q3,2.5
cellular polymers,Q3,2.1
cellular reprogramming,Q2,2.7
cellular signalling,Q2,4.7
cellulose,Q1,4.6
cellulose chemistry and technology,Q3,1.1
cement,Q2,3.1
cement and concrete research,Q1,14
cement concrete composites,Q1,14.4
cement wapno beton,Q4,0.7
cen case reports,Q4,1
centaurus,Q3,0.3
central and eastern european migration review,Q3,1.3
central asian survey,Q1,1.6
central asiatic journal,,0.1
central bank review,Q2,1.7
central europe,Q3,0.2
central european business review,Q4,1.3
central european forestry journal,Q2,2.1
central european history,Q1,0.6
central european journal of communication,Q3,0.7
central european journal of economic modelling and econometrics,Q4,0.1
central european journal of energetic materials,Q4,0.5
central european journal of immunology,Q4,1.5
central european journal of operations research,Q2,2.6
central european journal of public health,Q4,0.9
central european journal of urology,Q3,1.7
central european management journal,Q3,2.8
central european public administration review,Q3,1
cepal review,Q4,0.6
cephalalgia,Q1,5.8
ceramics art and perception,,<0.1
ceramics international,Q1,6
ceramics silikaty,Q4,0.9
ceramics switzerland,Q2,2.8
cercles revista d historia cultural,Q3,0.1
cereal chemistry,Q3,2.4
cereal research communications,Q2,2.3
cerebellum,Q3,3.1
cerebral circulation cognition and behavior,Q2,3.2
cerebral cortex,Q3,3
cerebrovascular diseases,Q3,1.8
cerebrovascular diseases extra,Q3,2.1
cerne,Q3,1.6
ces transactions on electrical machines and systems,Q2,3.3
cesifo economic studies,Q4,0.7
ceska a slovenska neurologie a neurochirurgie,Q4,0.3
ceska gynekologie czech gynaecology,Q4,0.7
ceska literatura,,0.1
ceskoslovenska psychologie,Q4,0.6
ceylon journal of science,Q3,0.8
ceylon medical journal,Q4,0.2
chalcogenide letters,Q4,1.6
challenges in sustainability,Q3,3.4
champ penal penal field,Q3,0.3
change over time an international journal of conservation and the built environment,,0.1
changing english studies in culture and education,Q3,0.9
changing societies personalities,Q4,0.5
channels,Q2,5
chaos,Q1,3.3
chaos solitons fractals,Q1,5.7
chasqui revista de literatura latinoamericana,,0.1
chasqui revista latinoamericana de comunicacion,Q4,0.2
chaucer review,,0.2
check list,Q4,0.6
chelonian conservation and biology,Q3,1
chem,Q1,19.1
chem bio engineering,Q1,8.4
chem bio informatics journal,Q4,1
chem catalysis,Q1,10.7
chembiochem,Q3,2.8
chembioeng reviews,Q1,8.2
chemcatchem,Q2,4.1
chemelectrochem,Q2,5.2
chemengineering,Q2,3.7
chemical and biochemical engineering quarterly,Q4,1.3
chemical and biological technologies in agriculture,Q1,5.8
chemical and process engineering new frontiers,Q4,0.7
chemical biology drug design,Q3,3.3
chemical biology letters,Q1,5.6
chemical biomedical imaging,Q1,6.7
chemical bulletin of kazakh national university,Q4,0.4
chemical communications,Q2,4.3
chemical data collections,Q3,2.4
chemical engineering and processing process intensification,Q2,4.2
chemical engineering communications,Q3,2.2
chemical engineering journal,Q1,12.5
chemical engineering journal advances,Q1,6.9
chemical engineering progress,Q4,0.3
chemical engineering research design,Q2,4
chemical engineering science,Q2,5.1
chemical engineering technology,Q3,2
chemical geology,Q1,3.6
chemical industry chemical engineering quarterly,Q4,1.5
chemical journal of chinese universities chinese,Q4,0.5
chemical papers,Q3,2.7
chemical pharmaceutical bulletin,Q3,1.5
chemical physics,Q2,2.8
chemical physics impact,Q2,5.3
chemical physics letters,Q2,2.9
chemical physics reviews,Q1,6.2
chemical product and process modeling,Q3,1.6
chemical record,Q1,8.9
chemical research in chinese universities,Q2,4.7
chemical research in toxicology,Q2,4.1
chemical reviews,Q1,64.2
chemical science,Q1,8.1
chemical senses,Q2,2.6
chemical society reviews,Q1,48.3
chemical thermodynamics and thermal analysis,Q3,1.9
chemicke listy,Q4,0.4
chemico biological interactions,Q1,5.2
chemie in unserer zeit,Q4,0.5
chemie ingenieur technik,Q3,1.6
chemija,Q4,1
chemistry a european journal,Q2,3.6
chemistry africa a journal of the tunisian chemical society,Q3,2.4
chemistry an asian journal,Q2,3.2
chemistry and ecology,Q2,3.2
chemistry and physics of lipids,Q2,3
chemistry and technology of fuels and oils,Q3,0.8
chemistry biodiversity,Q3,2.9
chemistry chemical technology,Q3,1.4
chemistry didactics ecology metrology,Q3,0.9
chemistry education research and practice,Q1,2.6
chemistry for sustainable development,Q4,0.3
chemistry industry,Q4,0.3
chemistry journal of moldova,Q4,0.5
chemistry letters,Q4,1.1
chemistry methods,Q2,3.7
chemistry of heterocyclic compounds,Q3,1.2
chemistry of materials,Q1,7.1
chemistry of natural compounds,Q3,1.1
chemistry switzerland,Q3,2.6
chemistry teacher international,Q3,1.1
chemistryopen,Q2,3
chemistryselect,Q3,2.3
chemkon,Q4,0.4
chemmedchem,Q2,3.5
chemnanomat,Q3,2.6
chemoecology,Q4,1.4
chemometrics and intelligent laboratory systems,Q1,3.8
chemosensors,Q2,4.4
chemotherapy,Q4,1.4
chemphotochem,Q3,3
chemphyschem,Q2,2.4
chemphysmater,Q2,5.3
chempluschem,Q2,3.1
chemsuschem,Q2,5.9
chemsystemschem,Q3,2.5
chemtexts,Q1,7.8
chest,Q1,9.8
chest critical care,Q2,2.7
chiang mai journal of science,Q3,1
chicago review,,0.1
child abuse neglect,Q1,3.7
child abuse review,Q2,1.4
child and adolescent mental health,Q1,4.4
child and adolescent psychiatric clinics of north america,Q3,1.5
child and adolescent psychiatry and mental health,Q1,4.9
child and adolescent social work journal,Q2,1.7
child care health and development,Q2,2.1
child care in practice,Q3,1.1
child development,Q1,3.6
child development perspectives,Q1,5.2
child family behavior therapy,Q4,0.8
child family social work,Q2,1.5
child indicators research,Q1,2
child language teaching therapy,Q2,1.7
child maltreatment,Q1,3.1
child neuropsychology,Q3,1.8
child psychiatry human development,Q2,2.5
child welfare,Q4,0.5
child youth care forum,Q3,1.8
child youth services,Q4,0.8
childhood a global journal of child research,Q2,1.7
childhood and philosophy,Q4,0.5
childhood in the past,Q1,0.5
childhood obesity,Q3,1.5
children and youth services review,Q1,2.1
children basel,Q1,2.6
children schools,Q3,1.2
children society,Q2,1.7
childrens geographies,Q2,2.4
childrens health care,Q4,1
childrens literature,,0.1
childrens literature association quarterly,,0.1
childrens literature in education,,0.7
childs nervous system,Q3,1.3
chilean journal of agricultural animal sciences,Q4,0.6
chilean journal of agricultural research,Q2,1.7
chilean journal of statistics,Q2,1.5
chimia,Q3,1.4
china agricultural economic review,Q1,4.4
china an international journal,Q2,0.7
china and asia,Q3,0.2
china cdc weekly,Q1,3.5
china communications,Q3,2.8
china economic journal,Q2,2.1
china economic quarterly international,Q1,3.3
china economic review,Q1,5.9
china finance review international,Q1,10.8
china foundry,Q2,2.9
china geology,Q1,5.1
china information,Q1,1.9
china international strategy review,Q3,1.2
china journal,Q1,4.2
china journal of accounting research,Q1,5.4
china journal of social work,Q3,1.1
china ocean engineering,Q2,2.4
china perspectives,Q1,1.4
china petroleum processing petrochemical technology,Q4,0.4
china population and development studies,Q1,2.6
china quarterly,Q1,3.4
china quarterly of international strategic studies,Q4,0.4
china report,Q2,0.7
china review an interdisciplinary journal on greater china,Q1,1.5
china surface engineering,Q4,1.1
china world economy,Q1,2.9
chinese annals of mathematics series b,Q3,0.7
chinese archaeology,,0.1
chinese chemical letters,Q1,9.5
chinese clinical oncology,Q3,2.7
chinese economy,Q3,0.8
chinese geographical science,Q2,4
chinese herbal medicines,Q1,11.2
chinese historical review,Q3,0.1
chinese journal of academic radiology,Q4,0.9
chinese journal of aeronautics,Q1,6.9
chinese journal of analytical chemistry,Q4,1.4
chinese journal of applied linguistics,Q3,0.9
chinese journal of cancer research,Q1,6.7
chinese journal of catalysis,Q1,17.2
chinese journal of chemical engineering,Q2,3.5
chinese journal of chemical physics,Q4,1
chinese journal of chemistry,Q2,5.7
chinese journal of chromatography,Q4,1.4
chinese journal of communication,Q2,2
chinese journal of comparative law,Q2,0.6
chinese journal of dental research,Q3,1.3
chinese journal of electrical engineering,Q2,4
chinese journal of electronics,Q2,4.5
chinese journal of environmental law,Q2,0.6
chinese journal of geophysics chinese edition,Q3,1.4
chinese journal of inorganic chemistry,Q4,0.7
chinese journal of integrative medicine,Q2,3.1
chinese journal of international law,Q1,1.9
chinese journal of international politics,Q1,4.1
chinese journal of lasers zhongguo jiguang,Q3,2
chinese journal of liquid crystals and displays,Q4,0.7
chinese journal of mechanical engineering,Q1,5.1
chinese journal of natural medicines,Q1,7.5
chinese journal of organic chemistry,Q3,2.2
chinese journal of physics,Q1,5.3
chinese journal of physiology,Q2,2.8
chinese journal of polymer science,Q2,4.6
chinese journal of population resources and environment,Q2,4.7
chinese journal of sociology,Q1,2.5
chinese journal of structural chemistry,Q1,10.5
chinese journal of traumatology,Q2,2.5
chinese journal of urban and environmental studies,Q3,1.2
chinese language and discourse,Q3,0.6
chinese literature and thought today,,0.1
chinese management studies,Q3,2.7
chinese medical journal,Q1,9.1
chinese medical journal pulmonary and critical care medicine,Q1,7.9
chinese medicine,Q1,7.4
chinese medicine and culture,Q3,0.4
chinese neurosurgical journal,Q3,1.7
chinese optics,Q4,1
chinese optics letters,Q3,2.5
chinese physics b,Q3,1.6
chinese physics c,Q2,3
chinese physics letters,Q1,4.7
chinese political science review,Q1,5.1
chinese public administration review,Q3,1.5
chinese science bulletin chinese,Q3,1.2
chinese semiotic studies,,0.7
chinese sociological review,Q3,1.5
chinese space science and technology,Q4,1.1
chinese studies in history,Q3,0.2
chip,Q1,8.6
chirality,Q2,2.4
chiropractic manual therapies,Q1,2.4
chirurgia,Q3,1.1
chirurgia italy,Q4,0.1
chirurgie,Q4,0.7
choreographic practices,,0.2
christian bioethics,,0.3
christian education journal,Q4,0.3
christian higher education,Q4,0.5
chromatographia,Q4,1.6
chromatography,Q4,1.5
chromosoma,Q3,2.5
chromosome research,Q2,2.6
chronic illness,Q2,1.4
chronic obstructive pulmonary diseases journal of the copd foundation,Q2,2.7
chronic respiratory disease,Q2,2.9
chronica nova,Q3,0.2
chronobiology international,Q2,2.5
chung wai literary quarterly,,<0.1
chungara revista de antropologia chilena,Q4,0.4
church history,Q2,0.4
church history and religious culture,,0.1
chuzhdoezikovo obuchenie foreign language teaching,,0.2
cian revista de historia de las universidades,Q4,0.2
cic cuadernos de informacion y comunicacion,Q4,0.3
ciencia animal brasileira,Q4,0.7
ciencia e agrotecnologia,Q3,1.3
ciencia e ingenieria,Q4,0.2
ciencia e tecnica vitivinicola,Q4,1.4
ciencia ergo sum,Q4,0.2
ciencia florestal,Q3,1.1
ciencia juridica,Q4,0.1
ciencia politica,Q4,0.1
ciencia rural,Q4,0.8
ciencia saude coletiva,Q3,1.6
ciencias agronomicas,Q4,<0.1
ciencias marinas,Q3,1.1
cienciauat,Q4,0.6
cim journal,Q4,0.9
cimexus,Q4,<0.1
cin computers informatics nursing,Q2,2.3
cineaste,,0.1
cineforum,,0.1
cinej cinema journal,,0.2
cinema journal of philosophy and the moving image,,<0.1
cinemas,,<0.1
cinemas d amerique latine,,<0.1
cinta de moebio,,0.2
circuit,,0.1
circuit world,Q4,0.9
circuits systems and signal processing,Q3,2.5
circular economy,Q1,10.9
circulation,Q1,41.3
circulation arrhythmia and electrophysiology,Q1,9.3
circulation cardiovascular imaging,Q1,9.1
circulation cardiovascular interventions,Q1,7.2
circulation cardiovascular quality and outcomes,Q1,6.9
circulation genomic and precision medicine,Q1,6.1
circulation heart failure,Q1,8.3
circulation journal,Q1,5.8
circulation reports,Q3,2.3
circulation research,Q1,18
circulo de linguistica aplicada a la comunicacion,Q3,0.6
ciriec espana revista de economia publica social y cooperativa,Q3,1.3
cirp annals manufacturing technology,Q2,5
cirp journal of manufacturing science and technology,Q2,5.6
cirugia cardiovascular,Q4,0.2
cirugia espanola,Q3,1.5
cirugia y cirujanos,Q4,0.8
cis iron and steel review,Q4,0.9
cities,Q1,7
cities health,Q3,1.9
citizen science theory and practice,Q1,2.3
citizenship studies,Q3,1.2
city,Q3,2.1
city and environment interactions,Q1,5.3
city community,Q1,2.7
city society,Q1,1.8
cityscape,Q4,0.9
ciudad paz ando,Q4,0.1
ciudad y territorio estudios territoriales cytet,Q4,0.7
ciudades revista del instituto universitario de urbanistica de la universidad de valladolid,Q4,0.4
civil and environmental engineering,Q3,2.3
civil and environmental engineering reports,Q4,0.7
civil engineering and environmental systems,Q3,1.7
civil engineering infrastructures journal ceij,Q3,1.8
civil engineering journal stavebni obzor,Q4,0.6
civil engineering journal tehran,Q1,4.9
civil justice quarterly,Q3,0.3
civil szemle,Q3,0.8
civil war history,Q2,0.4
civil wars,Q2,1.7
civileng,Q2,2.8
cjc open,Q3,2.1
cladistics,Q1,8.9
claridades revista de filosofia,,0.1
classical and quantum gravity,Q1,3.9
classical antiquity,,0.5
classical journal,,0.1
classical philology,,0.8
classical quarterly,,0.2
classical receptions journal,,0.4
classical review,,3
classical world,,0.3
classroom discourse,Q2,2.4
clay minerals,Q2,2.1
clays and clay minerals,Q2,2.8
clcweb comparative literature and culture,,0.2
clean energy,Q2,5
clean soil air water,Q2,2
clean technologies,Q1,5.9
clean technologies and environmental policy,Q2,5.1
cleaner and responsible consumption,Q1,6.1
cleaner energy systems,Q2,5.9
cleaner engineering and technology,Q1,7.3
cleaner environmental systems,Q1,5.3
cleaner logistics and supply chain,Q1,6.6
cleaner materials,Q1,12.7
cleaner production letters,Q2,5
cleaner waste systems,Q2,5.2
cleft palate craniofacial journal,Q3,1.7
cleveland clinic journal of medicine,Q1,5.2
climacteric,Q1,3.9
climate,Q2,4
climate and development,Q1,4
climate change economics,Q2,1.7
climate dynamics,Q2,4
climate law,Q2,1.2
climate of the past,Q2,3.8
climate policy,Q1,5.5
climate research,Q3,2.2
climate resilience and sustainability,Q2,4
climate risk management,Q1,5.5
climate services,Q1,5.4
climatic change,Q1,5.2
clinica chimica acta,Q1,4.1
clinica e investigacion en arteriosclerosis,Q3,1.9
clinica e investigacion en ginecologia y obstetricia,Q4,0.2
clinica y salud,Q3,1.8
clinical advances in hematology oncology,Q4,2
clinical advances in periodontics,Q3,1.3
clinical anatomy,Q1,2.4
clinical and applied thrombosis hemostasis,Q3,2.1
clinical and experimental allergy,Q1,5
clinical and experimental dental research,Q2,2.4
clinical and experimental dermatology,Q2,2.8
clinical and experimental emergency medicine,Q1,3.4
clinical and experimental gastroenterology,Q3,2.6
clinical and experimental health sciences,Q4,0.5
clinical and experimental hepatology,Q3,2
clinical and experimental hypertension,Q1,6.8
clinical and experimental immunology,Q2,3.9
clinical and experimental medicine,Q2,4.5
clinical and experimental nephrology,Q2,2.4
clinical and experimental obstetrics gynecology,Q4,0.9
clinical and experimental ophthalmology,Q1,5.1
clinical and experimental optometry,Q3,1.6
clinical and experimental otorhinolaryngology,Q1,2.8
clinical and experimental pediatrics,Q1,3.9
clinical and experimental pharmacology and physiology,Q3,2.5
clinical and experimental reproductive medicine cerm,Q3,1.6
clinical and experimental rheumatology,Q2,3.2
clinical and experimental vaccine research,Q4,1.4
clinical and investigative medicine,Q4,0.9
clinical and investigative orthodontics,Q4,0.7
clinical and molecular hepatology,Q1,21.7
clinical and translational allergy,Q2,4.2
clinical and translational discovery,Q2,3.1
clinical and translational gastroenterology,Q2,3.6
clinical and translational imaging,Q3,1.4
clinical and translational medicine,Q1,7.9
clinical and translational neuroscience,Q3,2
clinical and translational radiation oncology,Q1,3.6
clinical autonomic research,Q1,4.6
clinical biochemistry,Q2,2.3
clinical biomechanics,Q3,1.8
clinical breast cancer,Q3,2.7
clinical cancer research,Q1,10.9
clinical cardiology,Q2,2.8
clinical case reports,Q3,0.6
clinical case studies,Q4,0.7
clinical chemistry,Q1,8.3
clinical chemistry and laboratory medicine,Q1,4.4
clinical child and family psychology review,Q1,7.9
clinical child psychology and psychiatry,Q3,1.8
clinical colorectal cancer,Q3,2.7
clinical cosmetic and investigational dentistry,Q3,1.8
clinical cosmetic and investigational dermatology,Q2,2.5
clinical diabetology,Q4,0.8
clinical drug investigation,Q2,3.1
clinical dysmorphology,Q4,0.6
clinical eeg and neuroscience,Q2,2.1
clinical endocrinology,Q3,2.8
clinical endoscopy,Q2,3.4
clinical epidemiology,Q1,4.3
clinical epidemiology and global health,Q3,1.9
clinical epigenetics,Q1,5.7
clinical epileptology,Q4,1.1
clinical experimental metastasis,Q2,3.7
clinical gastroenterology and hepatology,Q1,16.2
clinical genetics,Q3,2.1
clinical genitourinary cancer,Q2,2.4
clinical gerontologist,Q2,2.3
clinical hemorheology and microcirculation,Q3,1.7
clinical hypertension,Q1,6.2
clinical imaging,Q3,2.2
clinical immunology,Q2,4.1
clinical implant dentistry and related research,Q1,3.9
clinical infectious diseases,Q1,8.3
clinical interventions in aging,Q2,4.1
clinical journal of gastroenterology,Q4,0.8
clinical journal of oncology nursing,Q4,0.9
clinical journal of pain,Q2,3.2
clinical journal of sport medicine,Q2,2.1
clinical journal of the american society of nephrology,Q1,7
clinical kidney journal,Q1,5.3
clinical laboratory,Q4,0.7
clinical lactation,Q4,0.2
clinical linguistics phonetics,Q2,1.1
clinical lung cancer,Q2,3.9
clinical lymphoma myeloma leukemia,Q1,4.1
clinical medicine,Q1,3.9
clinical medicine insights arthritis and musculoskeletal disorders,Q3,1.2
clinical medicine insights cardiology,Q3,2
clinical medicine insights case reports,Q3,0.6
clinical medicine insights endocrinology and diabetes,Q3,2.5
clinical medicine insights oncology,Q3,2.6
clinical medicine insights pediatrics,Q3,1.7
clinical medicine research,Q2,1.2
clinical microbiology and infection,Q1,8.7
clinical microbiology reviews,Q1,20.7
clinical nephrology,Q4,0.8
clinical neurology and neurosurgery,Q2,1.9
clinical neuropathology,Q4,0.7
clinical neuropharmacology,Q4,1.2
clinical neurophysiology,Q2,3.4
clinical neurophysiology practice,Q3,2.3
clinical neuropsychiatry,Q2,3.8
clinical neuropsychologist,Q2,2.6
clinical neuroradiology,Q2,3.2
clinical nuclear medicine,Q1,9.6
clinical nurse specialist,Q4,1
clinical nursing research,Q3,1.5
clinical nutrition,Q1,7.9
clinical nutrition espen,Q2,3.4
clinical obesity,Q3,2.4
clinical obstetrics and gynecology,Q3,1.5
clinical oncology,Q3,2.5
clinical ophthalmology,Q2,2.5
clinical optometry,Q2,2.4
clinical oral implants research,Q1,5.9
clinical oral investigations,Q1,3.6
clinical orthopaedics and related research,Q1,4.3
clinical otolaryngology,Q2,1.9
clinical parkinsonism related disorders,Q3,2.7
clinical pathology,Q2,2.2
clinical pediatric endocrinology,Q4,1
clinical pediatrics,Q4,0.8
clinical pharmacokinetics,Q2,4
clinical pharmacology advances and applications,Q3,2.1
clinical pharmacology in drug development,Q3,1.7
clinical pharmacology therapeutics,Q1,4.9
clinical physiology and functional imaging,Q4,1.7
clinical practice in pediatric psychology,Q4,1.1
clinical proteomics,Q1,4.3
clinical psychological science,Q1,5.1
clinical psychologist,Q2,2
clinical psychology and special education,Q4,0.5
clinical psychology in europe,Q2,2.8
clinical psychology psychotherapy,Q2,2.9
clinical psychology review,Q1,11.2
clinical psychology science and practice,Q1,7.8
clinical psychopharmacology and neuroscience,Q2,3.4
clinical radiology,Q3,2
clinical rehabilitation,Q1,2.9
clinical research in cardiology,Q2,3.4
clinical respiratory journal,Q3,2.2
clinical reviews in allergy immunology,Q1,11.5
clinical reviews in bone and mineral metabolism,Q1,5.7
clinical rheumatology,Q3,2.7
clinical science,Q1,7.3
clinical simulation in nursing,Q2,2.4
clinical social work journal,Q3,1.1
clinical spine surgery,Q3,1.9
clinical supervisor,Q3,1.6
clinical teacher,Q3,1.7
clinical therapeutics,Q2,3.7
clinical toxicology,Q2,3.6
clinical translational immunology,Q3,3.4
clinical translational metabolism,Q4,1.6
clinical translational oncology,Q3,2.7
clinical transplantation,Q2,1.8
clinical trials,Q3,2.4
clinicoeconomics and outcomes research,Q2,2.6
clinics,Q2,2.4
clinics and practice,Q1,2.8
clinics and research in hepatology and gastroenterology,Q3,2.6
clinics in chest medicine,Q2,3.6
clinics in colon and rectal surgery,Q3,1.6
clinics in dermatology,Q1,3.5
clinics in geriatric medicine,Q3,2.1
clinics in laboratory medicine,Q3,1.9
clinics in liver disease,Q2,2.9
clinics in orthopedic surgery,Q2,2.5
clinics in perinatology,Q1,3.7
clinics in plastic surgery,Q2,1.9
clinics in podiatric medicine and surgery,Q4,0.7
clinics in shoulder and elbow,Q2,2.5
clinics in sports medicine,Q3,1.3
clio america,Q4,0.4
cliometrica,Q1,1.7
clocks sleep,Q2,3.2
clothing and textiles research journal,Q2,1.2
clothing cultures,,0.1
cluster computing the journal of networks software tools and applications,Q1,5.5
cmc computers materials continua,Q3,2.4
cmes computer modeling in engineering sciences,Q1,2.9
cns drugs,Q1,7
cns neurological disorders drug targets,Q2,3.3
cns neuroscience therapeutics,Q1,6.6
cns spectrums,Q1,4.6
co herencia,,0.2
coaching an international journal of theory research and practice,Q2,2.7
coastal engineering,Q1,5.6
coastal engineering journal,Q2,3.2
coastal management,Q4,1.7
coatings,Q2,3.4
coatingstech,Q4,0.1
cochlear implants international,Q3,1.4
cochrane database of systematic reviews,Q1,11.1
codas,Q4,0.9
codesign international journal of cocreation in design and the arts,,2.4
codex aquilarensis,,0.1
codrul cosminului,Q3,0.1
cogent arts humanities,,1
cogent business management,Q2,3.5
cogent economics finance,Q2,2.6
cogent education,Q1,2.7
cogent engineering,Q2,2.7
cogent food agriculture,Q2,3.1
cogent psychology,Q3,1.4
cogent social sciences,Q1,2
cognitextes,Q4,0.3
cognition,Q1,3.1
cognition and instruction,Q3,2
cognition emotion,Q2,2.2
cognition technology work,Q2,2.8
cognitive affective behavioral neuroscience,Q1,3.6
cognitive and behavioral neurology,Q3,1.5
cognitive and behavioral practice,Q1,3.2
cognitive behaviour therapist,Q2,2.8
cognitive behaviour therapy,Q1,3.4
cognitive computation,Q1,7.4
cognitive computation and systems,Q3,2.2
cognitive development,Q3,1.9
cognitive linguistic studies,Q3,0.6
cognitive linguistics,Q2,1.8
cognitive neurodynamics,Q2,4.5
cognitive neuropsychiatry,Q4,1.2
cognitive neuropsychology,Q3,1.8
cognitive neuroscience,Q4,1.3
cognitive processing,Q4,1.5
cognitive psychology,Q2,2.8
cognitive research principles and implications,Q1,3.6
cognitive science,Q2,2.5
cognitive semantics,Q2,1.2
cognitive studies etudes cognitives,,0.6
cognitive systems research,Q2,2.9
cognitive therapy and research,Q2,2.3
coke and chemistry,Q4,0.6
cold regions science and technology,Q1,4.9
cold spring harbor perspectives in biology,Q1,8.5
cold spring harbor perspectives in medicine,Q2,4.9
cold war history,Q1,0.6
coleopterists bulletin,Q3,1
collabra psychology,Q2,2.6
collagen and leather,Q1,10.1
collectanea christiana orientalia,,0.1
collectanea mathematica,Q2,0.9
collectanea philologica,,<0.1
collection and curation,Q3,1.3
collection management,Q4,0.4
collectivus revista de ciencias sociales,Q4,0.1
college composition and communication,,0.5
college english,,0.2
college literature,,0.4
college research libraries,Q2,1.6
college undergraduate libraries,Q3,0.9
collegian,Q2,2.2
collnet journal of scientometrics and information management,Q3,0.6
colloid and interface science communications,Q1,6.7
colloid and polymer science,Q3,2.9
colloid journal,Q4,1.6
colloids and interfaces,Q2,3.8
colloids and surfaces a physicochemical and engineering aspects,Q2,5.4
colloids and surfaces b biointerfaces,Q1,5.9
colloquia germanica,,0.1
colloquia humanistica,,0.1
colloquium mathematicum,Q4,0.3
colmena revista de la universidad autonoma del estado de mexico,,0.1
colombia internacional,Q3,0.6
colombia medica,Q2,1.4
colombian applied linguistics journal,Q3,0.5
colonial latin american review,Q1,0.6
coloproctology,Q4,0.2
coloquio letras,,<0.1
color research and application,Q3,2
coloration technology,Q2,2.6
colorectal cancer,Q4,0.8
colorectal disease,Q2,2.3
columbia journal of law and social problems,Q3,0.3
columbia journal of transnational law,Q2,1.3
columbia law review,Q1,3.1
combinatorial chemistry high throughput screening,Q3,1.7
combinatorial theory,Q1,1.4
combinatorica,Q1,1.3
combinatorics and number theory,Q4,0.1
combinatorics probability and computing,Q2,0.9
combustion and flame,Q1,5.9
combustion explosion and shock waves,Q4,0.6
combustion science and technology,Q3,1.6
combustion theory and modelling,Q3,1.6
comechingonia,,0.4
comedia performance,,0.1
comics grid journal of comics scholarship,,0.1
comitatus a journal of medieval and renaissance studies,,0.1
commentarii mathematici helvetici,Q1,2.1
comments on inorganic chemistry,Q1,4.1
common knowledge,,0.1
common market law review,Q1,2.2
commonwealth comparative politics,Q3,1.3
commonwealth journal of local governance,Q4,0.5
communicable diseases intelligence,Q4,1.4
communicare journal for communication sciences in southern africa,Q3,0.8
communicatio south african journal for communication theory and research,Q4,0.5
communication and critical cultural studies,Q1,1.6
communication and the public,Q2,1.9
communication culture critique,Q3,1.4
communication disorders quarterly,Q4,0.7
communication education,Q2,2.2
communication law and policy,Q2,0.8
communication methods and measures,Q1,5.8
communication monographs,Q2,2
communication quarterly,Q3,1.3
communication reports,Q3,1.4
communication research,Q1,4.9
communication research and practice,Q2,1.9
communication research reports,Q2,1.7
communication review,Q2,1.8
communication sciences and disorders csd,Q4,0.6
communication society spain,Q2,1.6
communication sport,Q1,2.5
communication studies,Q3,1.4
communication teacher,Q3,0.6
communication theory,Q1,7.5
communication today,Q3,0.9
communications biology,Q1,5.8
communications chemistry,Q1,6.9
communications earth environment,Q1,9.3
communications engineering,Q1,7
communications european journal of communication research,Q2,2.3
communications faculty of sciences university of ankara series a1 mathematics and statistics,Q2,0.8
communications for statistical applications and methods,Q3,0.9
communications in algebra,Q3,0.6
communications in analysis and geometry,Q2,0.8
communications in analysis and mechanics,Q1,1.9
communications in applied and industrial mathematics,Q1,1.3
communications in applied mathematics and computational science,Q4,0.3
communications in combinatorics and optimization,Q2,0.8
communications in computational physics,Q1,3.2
communications in contemporary mathematics,Q1,1.2
communications in information and systems,Q4,0.8
communications in information literacy,Q3,1.1
communications in mathematical biology and neuroscience,Q4,1
communications in mathematical physics,Q1,2.9
communications in mathematical sciences,Q2,1.3
communications in mathematics and applications,Q4,0.3
communications in mathematics and statistics,Q2,1
communications in nonlinear science and numerical simulation,Q1,3.8
communications in number theory and physics,Q1,1.5
communications in partial differential equations,Q1,1.8
communications in soil science and plant analysis,Q2,1.7
communications in statistics simulation and computation,Q3,0.9
communications in statistics theory and methods,Q3,0.9
communications in theoretical physics,Q1,3.5
communications in transportation research,Q1,12.7
communications materials,Q1,9.1
communications medicine,Q1,7.4
communications of the acm,Q1,7.1
communications of the association for information systems,Q3,2.6
communications of the korean mathematical society,Q4,0.4
communications on analysis and computation,Q1,1.4
communications on applied mathematics and computation,Q2,1.5
communications on pure and applied analysis,Q2,0.8
communications on pure and applied mathematics,Q1,3.5
communications physics,Q1,5.5
communications psychology,Q1,6.4
communio viatorum,,<0.1
communiquer,Q4,<0.1
communist and post communist studies,Q3,0.9
communitas,Q4,0.5
community college journal of research and practice,Q3,0.7
community college review,Q2,1.8
community dental health,Q3,1.3
community dentistry and oral epidemiology,Q2,2.9
community development,Q2,2.3
community development journal,Q3,1.4
community ecology,Q3,1.6
community health equity research policy,Q2,2.2
community mental health journal,Q3,2.1
community work family,Q2,1.8
company and securities law journal,Q4,0.1
comparatist,,0.2
comparative american studies,,0.1
comparative and continental philosophy,,0.4
comparative and international law journal of southern africa cilsa,Q4,0.1
comparative biochemistry and physiology a molecular integrative physiology,Q1,2.4
comparative biochemistry and physiology b biochemistry molecular biology,Q1,2.5
comparative biochemistry and physiology c toxicology pharmacology,Q1,4.4
comparative biochemistry and physiology d genomics proteomics,Q2,2.9
comparative cognition behavior reviews,Q4,0.9
comparative critical studies,,0.4
comparative cytogenetics,Q3,0.9
comparative drama,,0.1
comparative economic research central and eastern europe,Q4,0.5
comparative economic studies,Q2,1.9
comparative education,Q1,4.3
comparative education review,Q1,2.6
comparative european politics,Q2,2.2
comparative exercise physiology,Q4,0.6
comparative immunology microbiology and infectious diseases,Q1,2.5
comparative immunology reports,Q2,2.4
comparative legal history,Q3,0.5
comparative literature,,0.3
comparative literature east west,,0.2
comparative literature studies,,0.3
comparative migration studies,Q1,3.3
comparative parasitology,Q4,0.6
comparative philosophy an international journal of constructive engagement of distinct approaches toward world philosophy,,0.4
comparative political studies,Q1,3.7
comparative politics,Q2,2.1
comparative population studies,Q2,2.3
comparative sociology,Q3,0.7
comparative southeast european studies,Q2,0.8
comparative studies in society and history,Q1,1.4
comparative studies of south asia africa and the middle east,Q1,1.3
compare a journal of comparative and international education,Q2,2.1
compel the international journal for computation and mathematics in electrical and electronic engineering,Q3,1
competition change,Q1,3.6
competitiveness review,Q2,3.9
complementary medicine research,Q4,1
complementary therapies in clinical practice,Q2,3.4
complementary therapies in medicine,Q1,4
complex analysis and operator theory,Q2,1
complex intelligent systems,Q2,4.5
complex manifolds,Q3,0.7
complex system modeling and simulation,Q1,3.5
complex systems,Q4,0.4
complex variables and elliptic equations,Q3,0.6
complexity,Q2,1.6
complutense journal of english studies,,0.6
complutum,,0.7
composite interfaces,Q3,2.7
composite structures,Q1,7.8
composites and advanced materials,Q3,3.4
composites communications,Q1,8.6
composites mechanics computations applications,Q4,0.8
composites part a applied science and manufacturing,Q1,8.2
composites part b engineering,Q1,14
composites part c open access,Q2,7
composites research,Q4,0.4
composites science and technology,Q1,9.9
composites theory and practice,Q4,0.6
compositio mathematica,Q1,1.8
compost science utilization,Q4,1.2
compounds,Q2,3.6
comprehensive child and adolescent nursing building evidence for practice,Q3,1.5
comprehensive physiology,Q1,6.3
comprehensive plant biology,,N/A
comprehensive psychiatry,Q1,4.8
comprehensive psychoneuroendocrinology,Q2,2.7
comprehensive reviews in food science and food safety,Q1,15.6
comptabilite controle audit,Q4,0.3
comptes rendus biologies,Q4,0.8
comptes rendus chimie,Q4,1.3
comptes rendus de l academie bulgare des sciences,Q4,0.4
comptes rendus geoscience,Q3,1.9
comptes rendus mathematique,Q3,0.7
comptes rendus mecanique,Q4,1.1
comptes rendus palevol,Q3,1.2
comptes rendus physique,Q3,1.7
computability the journal of the association cie,Q3,1
computacion y sistemas,Q4,0.8
computation,Q2,2.6
computational and mathematical methods,Q2,1.5
computational and mathematical organization theory,Q3,1.3
computational and structural biotechnology journal,Q2,4.8
computational and theoretical chemistry,Q3,2.9
computational applied mathematics,Q1,2.3
computational biology and chemistry,Q1,3.4
computational complexity,Q3,0.7
computational condensed matter,Q2,4
computational economics,Q2,2.1
computational geometry theory and applications,Q3,0.7
computational geosciences,Q3,2.1
computational intelligence,Q3,1.9
computational linguistics,Q1,13.4
computational management science,Q3,1.6
computational materials science,Q2,3.7
computational mathematics and mathematical physics,Q4,0.7
computational mechanics,Q1,4.5
computational methods and function theory,Q3,0.7
computational methods for differential equations,Q2,1.3
computational methods in applied mathematics,Q2,1.2
computational optimization and applications,Q1,2.5
computational particle mechanics,Q1,3.4
computational statistics,Q2,1.3
computational statistics data analysis,Q2,1.7
computational thermal sciences,Q4,1.2
computational toxicology,Q2,3.1
computational urban science,Q2,3.7
computational visual media,Q1,8.3
computer,Q3,2.2
computer aided civil and infrastructure engineering,Q1,9.2
computer aided design,Q2,3.2
computer aided geometric design,Q2,1.7
computer animation and virtual worlds,Q2,3.4
computer applications in engineering education,Q2,2.7
computer assisted language learning,Q1,8.7
computer assisted surgery,Q2,2.3
computer communications,Q2,4.2
computer graphics forum,Q2,2.6
computer journal,Q3,1.6
computer law security review,Q1,4.7
computer methods and programs in biomedicine,Q1,6.4
computer methods in applied mechanics and engineering,Q1,7.6
computer methods in biomechanics and biomedical engineering,Q3,1.9
computer methods in biomechanics and biomedical engineering imaging and visualization,Q3,1.9
computer music journal,Q4,0.2
computer networks,Q2,4.7
computer optics,Q4,1.1
computer physics communications,Q1,3.9
computer science agh,Q4,0.4
computer science and information systems,Q4,1.4
computer science education,Q2,2.1
computer science journal of moldova,Q4,0.5
computer science review,Q1,17.5
computer speech and language,Q3,3
computer standards interfaces,Q1,4.6
computer supported cooperative work the journal of collaborative computing and work practices,Q3,2.3
computer vision and image understanding,Q2,3.6
computerized medical imaging and graphics,Q1,5.5
computers,Q2,5.2
computers and composition,Q1,4.4
computers and concrete,Q1,4.4
computers and education artificial intelligence,Q1,23.4
computers and education open,Q1,12.3
computers and electronics in agriculture,Q1,10.3
computers and geotechnics,Q1,7.1
computers chemical engineering,Q2,4.9
computers education,Q1,13.2
computers education x reality,Q1,5.9
computers electrical engineering,Q1,5.5
computers environment and urban systems,Q1,8.9
computers fluids,Q2,3
computers geosciences,Q1,4.1
computers graphics uk,Q2,2.7
computers in human behavior,Q1,12.2
computers in human behavior reports,Q1,5.5
computers in industry,Q1,10
computers in the schools,Q1,2.7
computers industrial engineering,Q1,7.3
computers mathematics with applications,Q1,2.7
computers operations research,Q1,4.6
computers security,Q1,6.8
computers structures,Q1,5.6
computing,Q2,3.6
computing and informatics,Q4,1
computing in science engineering,Q3,2.9
comunicacio revista de recerca i d analisi,Q4,0.1
comunicacion y hombre,Q4,0.1
comunicacion y medios,Q4,0.4
comunicacion y sociedad guadalajara,Q4,0.4
comunicacoes,Q4,<0.1
comunicazione filosofica,,<0.1
comunidad y salud,Q4,<0.1
con a de animacion,,0.1
con textos kantianos international journal of philosophy,,0.1
concentric literary and cultural studies,,0.1
concentric studies in linguistics,,0.3
concepts in magnetic resonance part a,Q4,0.4
concrete operators,Q4,0.3
concurrency and computation practice experience,Q2,2.2
condensed matter,Q4,1.5
condensed matter physics,Q4,0.9
confins revue franco bresilienne de geographie revista franco brasileira de geografia,Q4,0.2
conflict and health,Q1,6.4
conflict management and peace science,Q2,1.5
conflict resolution quarterly,Q2,1.3
conflict security development,Q3,1.3
conflict studies quarterly,Q4,0.5
confluencia revista hispanica de cultura y literatura,,0.1
confluenze rivista di studi iberoamericani,,0.1
conformal geometry and dynamics,Q3,0.6
congenital anomalies,Q3,1.6
congenital heart disease,Q3,2.3
congress the presidency a journal of capital studies,Q4,0.5
conimbriga revista de arqueologia,,0.1
connaissance des arts,,<0.1
connecticut insurance law journal,Q2,0.7
connection science,Q2,3
connectist istanbul university journal of communication sciences,Q4,0.5
connective tissue research,Q3,1.9
consciousness and cognition,Q2,2.5
conservar patrimonio,,0.5
conservation,Q3,1.9
conservation and management of archaeological sites,,1
conservation biology,Q1,5.2
conservation genetics,Q2,2.4
conservation genetics resources,Q4,1
conservation letters,Q1,5.5
conservation physiology,Q2,2.5
conservation science and practice,Q2,2.9
conservation science in cultural heritage,,0.1
conservation society,Q4,1.8
constelaciones,,<0.1
constelaciones revista de teoria critica,,<0.1
constellations an international journal of critical and democratic theory,Q3,1
constitutional political economy,Q2,0.7
constraints,Q3,1.3
construction and building materials,Q1,8.9
construction economics and building,Q3,1.7
construction history international journal of the construction history society,Q3,0.2
construction innovation england,Q1,4.1
construction management and economics,Q2,3.2
construction materials,Q2,2.7
constructions and frames,,1.6
constructive approximation,Q1,1.4
constructive mathematical analysis,Q1,2.9
constructivist foundations,,2.7
consulting psychology journal practice and research,Q4,1.2
consumption and society,Q1,3.1
consumption markets culture,Q3,2.1
contabilidad y negocios,Q4,0.4
contabilidade gestao e governanca,Q4,0.1
contact dermatitis,Q1,4.1
contact lens anterior eye,Q1,4.2
contaduria universidad de antioquia,Q4,0.2
contagion journal of violence mimesis and culture,,0.5
contemporanea,Q2,0.3
contemporanea revista de sociologia da ufscar,Q4,0.2
contemporanea rivista di studi sulla letteratura e sulla comunicazione,,0.1
contemporary accounting research,Q1,4.9
contemporary asia arbitration journal,Q2,0.8
contemporary british history,Q1,0.9
contemporary buddhism,,0.5
contemporary clinical dentistry,Q4,1
contemporary clinical trials,Q3,1.9
contemporary clinical trials communications,Q4,1.5
contemporary diagnostic radiology,Q4,<0.1
contemporary drug problems,Q1,3.3
contemporary economic policy,Q3,1
contemporary economics,Q2,2.1
contemporary educational psychology,Q1,4.4
contemporary educational technology,Q1,6.7
contemporary europe sovremennaya evropa,Q4,0.1
contemporary european history,Q1,0.8
contemporary family therapy,Q3,1.4
contemporary french and francophone studies,,0.2
contemporary french civilization,Q4,0.2
contemporary islam dynamics of muslim life,,0.8
contemporary issues in early childhood,Q2,1.8
contemporary italian politics,Q2,1.9
contemporary literature,,0.3
contemporary mathematics,Q1,1.4
contemporary music review,,0.2
contemporary nurse,Q2,2.2
contemporary pacific,Q4,0.2
contemporary physics,Q1,5
contemporary political theory,Q2,1.7
contemporary politics,Q2,1.9
contemporary pragmatism,,0.4
contemporary problems of ecology,Q4,0.5
contemporary psychoanalysis,Q3,0.4
contemporary review of the middle east,Q2,0.8
contemporary school psychology,Q4,1.4
contemporary security policy,Q1,4.5
contemporary social science,Q1,6.2
contemporary sociology a journal of reviews,Q3,0.8
contemporary south asia,Q2,1
contemporary southeast asia,Q1,2.2
contemporary theatre review,,0.3
contemporary voice of dalit,Q4,0.4
contemporary womens writing,,0.3
contexto,,0.4
contexto revista de la facultad de arquitectura universidad autonoma de nuevo leon,,0.2
contexto revista do programa de pos graduacao em letras,,<0.1
contextos educativos revista de educacion,Q4,0.6
continence,Q3,1.3
continence reports,Q4,0.6
continental philosophy review,,0.7
continental shelf research,Q3,2.3
continuity and change,Q1,0.6
continuum journal of media cultural studies,Q2,1
continuum mechanics and thermodynamics,Q2,3
contraception,Q2,2.5
contraception and reproductive medicine,Q2,2.5
contrastive pragmatics,Q1,2.5
contributions of the astronomical observatory skalnate pleso,Q4,0.6
contributions to discrete mathematics,Q3,0.7
contributions to geophysics and geodesy,Q3,1.8
contributions to indian sociology,Q4,0.2
contributions to mathematics,Q2,0.9
contributions to mineralogy and petrology,Q1,3
contributions to plasma physics,Q4,1.1
contributions to the history of concepts,Q2,0.3
contributions to zoology,Q2,1.8
control engineering and applied informatics,Q4,0.8
control engineering practice,Q1,5.3
control theory and technology,Q3,1.9
convergence the international journal of research into new media technologies,Q1,2.6
convergencia revista de ciencias sociales,Q3,0.8
convivium,,0.2
convivium exchanges and interactions in the arts of the premodern world seminarium kondakovianum series nova,,0.1
cooperation and conflict,Q1,3
coordenadas revista de historia local y regional,Q3,0.1
coordination chemistry reviews,Q1,25.6
copd journal of chronic obstructive pulmonary disease,Q2,2.8
cor et vasa,Q4,0.3
coral reefs,Q1,3.5
cordis revista eletronica de historia social da cidade,Q3,0.1
cormac mccarthy journal,,0.1
cornea,Q2,2.3
cornell hospitality quarterly,Q1,2.7
cornell international law journal,Q3,0.4
cornell law review,Q1,1.5
coronary artery disease,Q3,2.2
corpora,Q2,1.4
corporate board role duties and composition,Q4,0.7
corporate communications,Q3,2.9
corporate governance an international review,Q1,5.4
corporate governance the international journal of business in society,Q2,5.3
corporate reputation review,Q3,2.3
corporate social responsibility and environmental management,Q1,10.1
corpus linguistics and linguistic theory,Q1,2.2
corpus pragmatics,Q2,1.5
corrections,Q3,1.5
correspondances en metabolismes hormones diabetes et nutrition,Q4,<0.1
corrosion,Q3,1.3
corrosion and materials degradation,Q3,2.7
corrosion communications,Q1,10.7
corrosion engineering science and technology,Q3,1.9
corrosion reviews,Q2,3.7
corrosion science,Q1,10.3
corrosion science and technology korea,Q4,1
corsalud,Q4,<0.1
cortex,Q1,3.2
corvinus journal of sociology and social policy,Q4,0.4
cosmetics,Q1,4.1
cosmic research,Q4,0.6
cosmopolitan civil societies an interdisciplinary journal,Q3,0.7
cosmos and history the journal of natural and social philosophy,,0.2
cost effectiveness and resource allocation,Q1,3.1
costume the journal of the costume society,,0.3
counseling and values,Q4,0.8
counseling psychologist,Q2,2.7
counselling psychology quarterly,Q3,1.5
counselling psychotherapy research,Q3,1.5
counselor education and supervision,Q3,1.6
countertext a journal for the study of the post literary,,0.2
couple and family psychology research and practice,Q4,0.8
coupled systems mechanics,Q3,2
covid,Q4,0.9
cpt pharmacometrics systems pharmacology,Q3,2.8
cpu e revista de investigacion educativa,Q4,<0.1
craft research,,0.3
cranio the journal of craniomandibular sleep practice,Q1,5.4
craniomaxillofacial trauma reconstruction,Q4,1
creative industries journal,Q3,0.8
creative nursing,Q2,2.5
creativity and innovation management,Q2,3.9
creativity research journal,Q1,4.8
crescent journal of medical and biological sciences,Q3,0.6
cretaceous research,Q2,1.8
crime and justice a review of research,Q1,4.7
crime delinquency,Q3,1.5
crime law and social change,Q2,1.6
crime media culture,Q2,1.9
crime prevention community safety,Q3,1.3
crime science,Q1,2.2
criminal behaviour and mental health,Q2,1.9
criminal justice and behavior,Q1,2
criminal justice studies,Q4,1.4
criminal law and philosophy,Q2,0.6
criminal law forum,Q2,0.8
criminologie,Q4,0.3
criminology,Q1,5.2
criminology criminal justice,Q2,1.6
criminology public policy,Q1,3.8
crisis the journal of crisis intervention and suicide prevention,Q1,3
crispr journal,Q2,3.6
cristianesimo nella storia,,<0.1
critica letteraria,,<0.1
critica revista hispanoamericana de filosofia,,0.4
critical african studies,Q2,0.9
critical and radical social work,Q4,0.8
critical arts south north cultural and media studies,Q3,0.4
critical asian studies,Q1,2.2
critical care,Q1,11.4
critical care and resuscitation,Q2,3.2
critical care clinics,Q2,3
critical care explorations,Q2,2.9
critical care medicine,Q1,7.5
critical care nurse,Q2,2.3
critical care nursing clinics of north america,Q3,1.2
critical care nursing quarterly,Q4,1.2
critical care research and practice,Q3,1.6
critical criminology,Q3,1.3
critical discourse studies,Q1,2.9
critical education,Q4,0.6
critical finance review,Q3,1.1
critical historical studies,Q1,1
critical horizons,Q3,0.8
critical inquiry,Q1,1.2
critical military studies,Q1,2.5
critical perspectives on accounting,Q1,4.4
critical perspectives on international business,Q3,2.4
critical philosophy of race,Q2,1.3
critical policy studies,Q1,3.7
critical public health,Q2,2.6
critical quarterly,,0.1
critical research on religion,,0.3
critical review,Q2,1.7
critical review of international social and political philosophy,Q3,0.6
critical reviews in analytical chemistry,Q1,7.7
critical reviews in biochemistry and molecular biology,Q1,8.7
critical reviews in biotechnology,Q1,8.7
critical reviews in clinical laboratory sciences,Q1,6.2
critical reviews in environmental science and technology,Q1,12.5
critical reviews in eukaryotic gene expression,Q4,1.5
critical reviews in food science and nutrition,Q1,10.6
critical reviews in immunology,Q4,1.8
critical reviews in microbiology,Q1,7
critical reviews in oncology hematology,Q1,6.2
critical reviews in plant sciences,Q1,7.5
critical reviews in solid state and materials sciences,Q1,12.7
critical reviews in therapeutic drug carrier systems,Q3,2.5
critical reviews in toxicology,Q1,5.6
critical social policy,Q2,1.8
critical sociology,Q2,2
critical studies in education,Q1,2.9
critical studies in fashion beauty,,0.4
critical studies in media communication,Q3,0.9
critical studies in mens fashion,,0.1
critical studies in television,,0.9
critical studies on security,Q2,1.9
critical studies on terrorism,Q2,1.5
critical survey,,0.2
critique,,0.2
critique of anthropology,Q2,1.1
critique studies in contemporary fiction,,0.3
croatian and comparative public administration,Q4,0.2
croatian economic survey,Q4,0.3
croatian journal of education hrvatski casopis za odgoj i obrazovanje,Q4,0.3
croatian journal of forest engineering,Q2,2.3
croatian journal of philosophy,,0.3
croatian medical journal,Q2,2.1
croatian operational research review,Q3,1
croatian yearbook of european law policy,Q3,0.5
croatica chemica acta,Q4,0.9
croatica et slavica iadertina,,<0.1
crohns colitis 360,Q2,3
crop and environment,Q1,8.6
crop breeding and applied biotechnology,Q3,1.3
crop design,Q1,5.2
crop forage turfgrass management,Q3,1
crop journal,Q1,6.7
crop pasture science,Q2,1.8
crop protection,Q1,3.3
crop science,Q2,2.4
crops,Q2,2.1
cross cultural research,Q2,1.7
cross cultural strategic management,Q3,2.4
cross currents,,0.1
crustaceana,Q4,0.6
cryobiology,Q2,2.6
cryogenics,Q2,2.5
cryoletters,Q3,1
cryosphere,Q1,4.9
cryptogamie algologie,Q2,2.3
cryptogamie bryologie,Q4,0.7
cryptogamie mycologie,Q4,1.2
cryptography,Q2,2.4
cryptography and communications discrete structures boolean functions and sequences,Q2,1.3
cryptologia,Q3,0.3
crystal growth design,Q1,3.6
crystal research and technology,Q3,2.1
crystallography reports,Q4,0.5
crystallography reviews,Q2,2.8
crystals,Q2,2.9
crystengcomm,Q2,2.4
csee journal of power and energy systems,Q1,5.6
csiam transactions on applied mathematics,Q3,1.1
ct f ciencia tecnologia y futuro,Q4,0.4
ctad cumhuriyet tarihi arastirmalari dergisi,Q3,0.1
cts clinical and translational science,Q2,4.3
cuaderno activa,Q4,0.1
cuaderno de notas,,<0.1
cuadernos canela,,<0.1
cuadernos de administracion universidad del valle,Q4,0.2
cuadernos de antropologia,Q4,0.1
cuadernos de bioetica,Q4,0.2
cuadernos de desarrollo rural,Q4,0.5
cuadernos de documentacion multimedia,Q4,0.2
cuadernos de economia,Q4,0.4
cuadernos de estudios gallegos,Q3,0.1
cuadernos de filologia clasica estudios griegos e indoeuropeos,,0.1
cuadernos de filologia clasica estudios latinos,,0.1
cuadernos de filologia italiana,,0.2
cuadernos de filosofia latinoamericana,,0.1
cuadernos de gestion,Q3,2.5
cuadernos de historia contemporanea,Q2,0.3
cuadernos de historia del derecho,Q4,<0.1
cuadernos de historia moderna,Q2,0.3
cuadernos de ilustracion y romanticismo,,0.2
cuadernos de investigacion geografica,Q3,1.6
cuadernos de linguistica hispanica,Q4,0.3
cuadernos de literatura,,0.1
cuadernos de literatura del caribe e hispanoamerica,,<0.1
cuadernos de musica artes visuales y artes escenicas,,0.1
cuadernos de neuropsicologia panamerican journal of neuropsychology,Q4,0.3
cuadernos de prehistoria y arqueologia universidad autonoma de madrid,,1.1
cuadernos de proyectos arquitectonicos,,<0.1
cuadernos de relaciones laborales,Q4,0.7
cuadernos de rusistica espanola,,0.2
cuadernos de trabajo social,Q4,0.5
cuadernos de turismo,Q4,0.9
cuadernos de vivienda y urbanismo,Q4,<0.1
cuadernos del cimbage,Q4,0.1
cuadernos del claeh centro latinoamericano de economia humana,Q4,0.1
cuadernos dieciochistas,Q3,0.2
cuadernos electronicos de filosofia del derecho,Q4,0.2
cuadernos europeos de deusto,Q3,0.5
cuadernos geograficos,Q4,0.6
cuadernos hispanoamericanos,,0.1
cuadernos info,Q4,0.5
cuadernos inter c a mbio sobre centroamerica y el caribe,Q4,0.3
cuadernos lirico,,<0.1
cuaj canadian urological association journal,Q3,2
cuaternario y geomorfologia,Q4,0.6
cubo a mathematical journal,Q3,0.6
cuestiones de filosofia,,0.2
cuestiones de sociologia,Q4,0.5
cuhso,Q4,0.2
cukurova medical journal,Q4,0.3
cukurova university faculty of education journal,Q3,0.9
cultura ciencia y deporte,Q4,0.5
cultura cientifica,Q4,0.2
cultura de los cuidados,,0.1
cultura lenguaje y representacion revista de estudios culturales de la universitat jaume i,Q3,0.3
cultura rivista di filosofia letteratura storia,,<0.1
cultura y droga,Q4,0.1
cultura y religion,,0.2
cultural anthropology,Q2,1.6
cultural critique,Q3,0.3
cultural diversity ethnic minority psychology,Q1,2.4
cultural dynamics,Q3,0.5
cultural geographies,Q3,1.2
cultural history,Q1,0.5
cultural social history,Q2,0.4
cultural sociology,Q3,1.5
cultural studies,Q1,1.3
cultural studies critical methodologies,Q2,0.6
cultural studies of science education,Q1,1.9
cultural trends,Q1,1.4
culturales,Q4,0.1
culture agriculture food and environment,Q4,0.9
culture and dialogue,,0.1
culture and education,Q3,0.7
culture and organization,Q4,1.3
culture and religion,,0.3
culture et musees,,0.2
culture health sexuality,Q2,1.6
culture history digital journal,Q2,0.4
culture medicine and psychiatry,Q1,1.9
culture psychology,Q3,1.4
culture theory and critique,,0.5
cumhuriyet ilahiyat dergisi cumhuriyet theology journal,,0.2
curator the museum journal,,0.8
current addiction reports,Q1,4.2
current allergy and asthma reports,Q1,6.3
current allergy clinical immunology,Q4,0.3
current alzheimer research,Q3,2.4
current analytical chemistry,Q4,1.3
current anesthesiology reports,Q3,0.9
current anthropology,Q1,2
current applied physics,Q3,2.8
current atherosclerosis reports,Q1,6.6
current behavioral neuroscience reports,Q3,1.6
current bioinformatics,Q3,1.8
current biology,Q1,7.7
current bladder dysfunction reports,Q4,0.7
current breast cancer reports,Q4,1
current cancer drug targets,Q3,2.5
current cancer therapy reviews,Q4,0.8
current cardiology reports,Q2,4
current cardiology reviews,Q2,2.4
current cardiovascular imaging reports,Q4,0.6
current cardiovascular risk reports,Q3,2
current challenges in thoracic surgery,Q4,0.7
current climate change reports,Q1,12.3
current clinical microbiology reports,Q2,4.6
current computer aided drug design,Q4,1.5
current dermatology reports,Q3,1.4
current developmental disorders reports,Q1,2.9
current developments in nutrition,Q2,4.2
current diabetes reports,Q1,7.2
current diabetes reviews,Q3,2.6
current directions in psychological science,Q1,5.6
current drug delivery,Q2,3.1
current drug metabolism,Q3,2.3
current drug safety,Q4,1.2
current drug targets,Q2,3.5
current drug therapy,Q4,0.7
current emergency and hospital medicine reports,Q4,0.8
current environmental health reports,Q1,7.9
current epidemiology reports,Q1,3.8
current eye research,Q3,1.7
current forestry reports,Q1,11.6
current fungal infection reports,Q2,3.9
current gastroenterology reports,Q2,4.1
current gene therapy,Q2,4.1
current genetic medicine reports,Q4,1
current genetics,Q3,1.9
current genomics,Q2,4
current geriatrics reports,Q4,1.7
current green chemistry,Q3,1.9
current heart failure reports,Q2,3.7
current hematologic malignancy reports,Q2,4
current hepatology reports,Q4,1.4
current herpetology,Q3,1
current history,Q1,3.5
current hiv aids reports,Q1,4.4
current hiv research,Q4,0.8
current hypertension reports,Q1,6.3
current hypertension reviews,Q4,1.1
current infectious disease reports,Q3,2.4
current issues in auditing,Q4,0.7
current issues in criminal justice,Q2,1.9
current issues in language planning,Q2,1.9
current issues in molecular biology,Q2,4.1
current issues in personality psychology,Q4,1
current issues in pharmacy and medical sciences,Q3,0.7
current issues in tourism,Q1,5
current journal of neurology,Q4,0.9
current legal problems,Q1,2.1
current medical imaging,Q4,1.1
current medical research and opinion,Q1,2.8
current medical science,Q3,2
current medicinal chemistry,Q2,3.2
current medicine research and practice,Q4,0.4
current microbiology,Q3,2.8
current microwave chemistry,Q3,2.2
current molecular medicine,Q3,2.8
current molecular pharmacology,Q1,7.2
current nanoscience,Q4,1.9
current neurology and neuroscience reports,Q1,7.4
current neuropharmacology,Q1,6.1
current neurovascular research,Q3,1.7
current nutrition food science,Q4,1.4
current nutrition reports,Q1,8
current obesity reports,Q1,17
current obstetrics and gynecology reports,Q3,1.7
current oncology,Q2,3.6
current oncology reports,Q1,5.2
current ophthalmology reports,Q3,1.5
current opinion in allergy and clinical immunology,Q2,2.8
current opinion in anesthesiology,Q2,2.8
current opinion in behavioral sciences,Q1,4.4
current opinion in biomedical engineering,Q2,3.8
current opinion in biotechnology,Q1,7.8
current opinion in cardiology,Q3,1.9
current opinion in cell biology,Q2,6.2
current opinion in chemical biology,Q1,7.2
current opinion in chemical engineering,Q1,8.6
current opinion in clinical nutrition and metabolic care,Q2,3.8
current opinion in colloid interface science,Q2,7.6
current opinion in critical care,Q2,3.8
current opinion in electrochemistry,Q1,6.5
current opinion in endocrine and metabolic research,Q3,2.1
current opinion in endocrinology diabetes and obesity,Q2,3.5
current opinion in environmental science health,Q1,6.6
current opinion in environmental sustainability,Q1,8.6
current opinion in food science,Q1,8.2
current opinion in gastroenterology,Q2,2.8
current opinion in genetics development,Q1,4.3
current opinion in green and sustainable chemistry,Q1,11
current opinion in hematology,Q2,2.9
current opinion in hiv and aids,Q2,3.4
current opinion in immunology,Q1,5.6
current opinion in infectious diseases,Q1,4.5
current opinion in insect science,Q1,5.5
current opinion in lipidology,Q1,4.5
current opinion in microbiology,Q1,8
current opinion in nephrology and hypertension,Q2,3.1
current opinion in neurobiology,Q1,5.6
current opinion in neurology,Q1,4.7
current opinion in obstetrics gynecology,Q2,2.4
current opinion in oncology,Q3,2.4
current opinion in ophthalmology,Q2,3.1
current opinion in organ transplantation,Q2,2.5
current opinion in otolaryngology head and neck surgery,Q3,1.4
current opinion in pediatrics,Q1,2.8
current opinion in pharmacology,Q1,5.5
current opinion in physiology,Q3,2.3
current opinion in plant biology,Q1,7.3
current opinion in psychiatry,Q1,5.9
current opinion in psychology,Q1,7.4
current opinion in pulmonary medicine,Q2,2.7
current opinion in rheumatology,Q1,5.4
current opinion in solid state materials science,Q1,14.1
current opinion in structural biology,Q1,7.8
current opinion in supportive and palliative care,Q3,2.3
current opinion in systems biology,Q1,4
current opinion in toxicology,Q3,2.4
current opinion in urology,Q2,2.3
current opinion in virology,Q1,5.5
current optics and photonics,Q4,1
current organic chemistry,Q2,2.5
current organic synthesis,Q2,2.6
current organocatalysis,Q4,1.1
current orthopaedic practice,Q4,0.4
current osteoporosis reports,Q1,7.4
current otorhinolaryngology reports,Q3,1.4
current pain and headache reports,Q1,4.8
current pediatric reviews,Q2,2.4
current pediatrics reports,Q2,1.8
current pharmaceutical analysis,Q2,3.6
current pharmaceutical biotechnology,Q2,2.9
current pharmaceutical design,Q2,3.2
current pharmacology reports,Q3,1.8
current physical medicine and rehabilitation reports,Q4,1.1
current plant biology,Q1,5.1
current pollution reports,Q1,9.3
current problems in cancer,Q3,2.4
current problems in cancer case reports,Q4,0.5
current problems in cardiology,Q2,3.7
current problems in diagnostic radiology,Q3,1.4
current problems in pediatric and adolescent health care,Q1,2.5
current problems in surgery,Q1,3.1
current protein peptide science,Q3,2.4
current proteomics,Q4,1.3
current protocols,Q3,2.5
current psychiatry reports,Q1,7.5
current psychiatry research and reviews,Q4,0.6
current psychology,Q2,2.7
current pulmonology reports,Q4,0.8
current radiology reports,Q4,1.2
current radiopharmaceuticals,Q2,2.6
current research in behavioral sciences,Q1,3.2
current research in biotechnology,Q1,6.7
current research in ecological and social psychology,Q1,3.3
current research in environmental sustainability,Q2,4.8
current research in food science,Q1,7.7
current research in insect science,Q1,2.3
current research in microbial sciences,Q1,5.6
current research in neurobiology,Q3,2.9
current research in nutrition and food science,Q4,1.5
current research in parasitology vector borne diseases,Q2,3
current research in physiology,Q3,2.5
current research in social psychology,Q4,0.1
current research in structural biology,Q1,4.2
current research in toxicology,Q1,4.7
current research in translational medicine,Q3,3
current respiratory medicine reviews,Q4,0.3
current reviews in clinical and experimental pharmacology,Q3,2.2
current reviews in musculoskeletal medicine,Q1,5
current rheumatology reports,Q1,4.9
current rheumatology reviews,Q4,1.2
current science,Q3,0.9
current sexual health reports,Q2,3.1
current sleep medicine reports,Q2,3.3
current sociology,Q2,2.1
current sports medicine reports,Q3,1.4
current stem cell reports,Q4,1.6
current stem cell research therapy,Q4,2.1
current surgery reports,Q4,0.9
current therapeutic research clinical and experimental,Q3,3
current topics in medicinal chemistry,Q2,3.6
current traditional medicine,Q4,0.8
current transplantation reports,Q3,1.5
current trauma reports,Q3,2.5
current treatment options in allergy,Q3,1.7
current treatment options in cardiovascular medicine,Q4,1.1
current treatment options in neurology,Q4,1.3
current treatment options in oncology,Q1,5.8
current trends in translation teaching and learning e,Q4,0.2
current tropical medicine reports,Q2,2.4
current urology,Q3,2
current urology reports,Q2,3.2
current vascular pharmacology,Q3,2.4
current womens health reviews,Q4,0.4
current writing text and reception in southern africa,,0.2
current zoology,Q1,2.1
currents in biblical research,,0.4
currents in pharmacy teaching and learning,Q3,1.4
curriculum inquiry,Q3,0.7
curriculum journal,Q2,1.9
curriculum matters,Q4,0.1
curriculum studies in health and physical education,Q2,2.3
curved and layered structures,Q3,1.6
custos e agronegocio on line,Q4,0.2
cutaneous and ocular toxicology,Q3,1.6
cutis,Q2,2.5
cvir endovascular,Q3,2.1
cybergeo european journal of geography,Q4,0.5
cybernetics and information technologies,Q3,1.7
cybernetics and systems,Q2,3.8
cybernetics and systems analysis,Q4,0.7
cyberpsychology behavior and social networking,Q1,4
cyberpsychology journal of psychosocial research on cyberspace,Q1,2.6
cybersecurity,Q2,4.1
cybium,Q4,0.6
cyborg and bionic systems,Q1,20.9
cyprus journal of medical sciences,Q4,0.4
cyprus turkish journal of psychiatry and psychology,Q4,0.5
cyta journal of food,Q3,3
cytogenetic and genome research,Q3,2
cytojournal,Q2,2.2
cytokine,Q2,3.6
cytokine growth factor reviews,Q1,13.4
cytologia,Q4,0.5
cytology and genetics,Q4,0.7
cytometry part a,Q2,2.9
cytometry part b clinical cytometry,Q2,2.9
cytopathology,Q4,1.2
cytoskeleton,Q4,1.6
cytotechnology,Q3,2.2
cytotherapy,Q1,4.5
czech journal of animal science,Q3,1.6
czech journal of food sciences,Q4,1.4
czech journal of genetics and plant breeding,Q2,2.1
czech journal of international relations,Q3,0.8
czech polar reports,Q4,0.7
czech polish historical and pedagogical journal,Q4,<0.1
czechoslovak mathematical journal,Q4,0.4
czytanie literatury lodzkie studia literaturoznawcze,,<0.1
dacoromania,,<0.1
dados revista de ciencias sociais,Q3,1
daedalus,Q2,1.8
daimon revista internacional de filosofia,,0.3
dairy,Q1,3
dalhousie journal of interdisciplinary management,Q4,<0.1
dalton transactions,Q2,3.3
dance chronicle,,0.5
dance magazine,,<0.1
dance research,,0.4
dance research journal,,0.5
danish medical journal,Q3,1.1
dante e l arte,,0.1
danza e ricerca laboratorio di studi scritture visioni,,<0.1
dao a journal of comparative philosophy,,0.7
daphnis zeitschrift fur mittlere deutsche literatur,,<0.1
daru journal of pharmaceutical sciences,Q3,2.8
data,Q2,2.4
data and information management,Q1,8.3
data base for advances in information systems,Q2,1.7
data centric engineering,Q2,3.2
data in brief,Q2,1.9
data intelligence,Q2,3.5
data knowledge engineering,Q2,3.9
data mining and knowledge discovery,Q1,5.5
data policy,Q2,2.6
data science and engineering,Q1,4.1
data science in finance and economics,Q1,2.8
data technologies and applications,Q2,1.6
database the journal of biological databases and curation,Q2,2.7
dds die deutsche schule,Q4,0.5
de arte,,<0.1
de computis revista espanola de historia de la contabilidad,Q4,0.3
de jure law journal,Q3,0.4
de medio aevo,,0.2
dead sea discoveries,,0.3
deafness education international,Q3,1.2
dearq,,0.2
death studies,Q2,2.1
debate universitario,Q4,0.2
debates,,0.1
debates en sociologia,Q4,0.2
debats revista de cultura poder i societat,Q4,0.4
decision,Q4,1.3
decision analysis,Q4,1.4
decision science letters,Q4,0.8
decision sciences,Q2,3.1
decision sciences journal of innovative education,Q2,1.4
decision support systems,Q1,7.5
decision washington,Q3,1.6
decisions in economics and finance,Q4,0.8
deep sea research part i oceanographic research papers,Q2,2.4
deep sea research part ii topical studies in oceanography,Q1,3.3
deep underground science and engineering,Q1,5.3
defence and peace economics,Q2,1.7
defence and security analysis,Q2,1.7
defence science journal,Q3,0.8
defence technology,Q1,6.4
degenerative neurological and neuromuscular disease,Q1,9.9
deleuze and guattari studies,,0.5
deltion of the christian archaeological society,,<0.1
dementia and geriatric cognitive disorders,Q2,2.5
dementia and geriatric cognitive disorders extra,Q4,1.5
dementia international journal of social research and practice,Q2,2.5
democracy security,Q3,1.4
democratic theory an interdisciplinary journal,Q2,1.5
democratization,Q1,3.2
demografie,Q4,0.4
demographic research,Q2,2.3
demography,Q1,3.5
demonstratio mathematica,Q1,1.6
den open,Q4,1.5
dendrobiology,Q2,1.8
dendrochronologia,Q1,3.2
denkmalpflege,,<0.1
dental and medical problems,Q1,4.3
dental cadmos,Q4,0.2
dental hypotheses,Q3,1.6
dental materials,Q1,6.3
dental materials journal,Q3,1.8
dental traumatology,Q1,4.8
dentistry journal,Q1,3.4
dentomaxillofacial radiology,Q1,4
denver law review,Q3,0.5
departures in critical qualitative research,Q3,0.6
dependence modeling,Q3,1.2
depositional record,Q1,2.6
depression and anxiety,Q2,2.7
derecho penal y criminologia,Q4,0.2
derecho pucp,Q3,0.4
derecho y ciencias sociales,Q4,0.1
derechos y libertades,Q3,0.5
dermatitis,Q2,3.4
dermatologic clinics,Q2,3.4
dermatologic surgery,Q2,2.3
dermatologic therapy,Q4,1
dermatologica sinica,Q2,2.7
dermatologie,Q4,0.6
dermatologie in beruf und umwelt,Q4,1
dermatology,Q1,3.6
dermatology and therapy,Q1,4.6
dermatology practical conceptual,Q2,2.4
dermatology reports,Q4,1
dermatology research and practice,Q3,2
dermatopathology,Q3,1.8
derrida today,,0.2
desafios,Q3,0.9
desalination,Q1,9.9
desalination and water treatment,Q2,3.4
desde el jardin de freud revista de psicoanalisis,Q4,<0.1
desenvolvimento e meio ambiente,Q4,0.3
desidoc journal of library information technology,Q3,0.9
design and culture,,0.7
design automation for embedded systems,Q4,0.8
design issues,,0.7
design journal,,1.7
design science,Q3,2.8
design studies,Q1,4.6
designed monomers and polymers,Q3,2.4
designis,Q4,0.1
designs codes and cryptography,Q2,1.2
detritus,Q4,0.8
deturope the central european journal of regional development and tourism,Q4,0.9
deutsch als fremdsprache zeitschrift zur theorie und praxis des faches deutsch als fremdsprache,,0.6
deutsche entomologische zeitschrift,Q2,1.4
deutsche medizinische wochenschrift,Q3,0.7
deutsche sprache,,0.2
deutsche vierteljahrsschrift fur literaturwissenschaft und geistesgeschichte,,0.1
deutsche zeitschrift fur akupunktur,Q4,<0.1
deutsche zeitschrift fur philosophie,,0.2
deutsches arzteblatt international,Q1,8.7
developing economies,Q3,1.3
developing world bioethics,Q3,1.3
development,Q1,4
development and change,Q1,3.3
development and psychopathology,Q1,3.5
development genes and evolution,Q4,1.5
development growth differentiation,Q4,1.5
development in practice,Q3,1.8
development policy review,Q2,2.1
development southern africa,Q3,1.5
developmental and comparative immunology,Q1,2.4
developmental biology,Q3,2.1
developmental cell,Q1,9.2
developmental cognitive neuroscience,Q1,4.6
developmental dynamics,Q2,1.5
developmental medicine and child neurology,Q1,3.7
developmental neurobiology,Q3,2
developmental neuropsychology,Q3,1.6
developmental neurorehabilitation,Q3,1.3
developmental neuroscience,Q3,2.1
developmental psychobiology,Q3,1.9
developmental psychology,Q2,2.7
developmental review,Q1,6
developmental science,Q1,3.2
developments in the built environment,Q1,8.7
developpement durable territoires,Q4,0.2
deviance et societe,Q4,0.3
deviant behavior,Q2,1.7
device,Q1,8.7
devices and methods of measurements,Q4,0.2
diabetes,Q1,9.3
diabetes care,Q1,22.6
diabetes epidemiology and management,Q3,2.2
diabetes mellitus,Q4,0.7
diabetes metabolic syndrome and obesity,Q2,3.5
diabetes metabolic syndrome clinical research reviews,Q2,4.4
diabetes metabolism,Q1,5.8
diabetes metabolism journal,Q1,8.2
diabetes metabolism research and reviews,Q1,8.3
diabetes obesity metabolism,Q1,6.1
diabetes research and clinical practice,Q2,4.6
diabetes stoffwechsel und herz,Q4,0.5
diabetes technology therapeutics,Q1,7.4
diabetes therapy,Q2,4.2
diabetes vascular disease research,Q2,3.1
diabetic medicine,Q3,3.3
diabetologia,Q1,10.4
diabetologie,Q4,0.1
diabetologie und stoffwechsel,Q4,0.7
diabetology,Q3,2.7
diabetology international,Q4,1.1
diabetology metabolic syndrome,Q1,4.9
diachronica,Q2,1.3
diacritics a review of contemporary criticism,,0.2
diagnosis,Q2,1.9
diagnostic and interventional imaging,Q1,11.1
diagnostic and interventional radiology,Q2,2.7
diagnostic and prognostic research,Q1,3.9
diagnostic cytopathology,Q4,0.9
diagnostic microbiology and infectious disease,Q3,1.8
diagnostic pathology,Q1,3.5
diagnostica,Q4,0.8
diagnostics,Q1,3.8
dialectical anthropology,Q2,1.4
dialectologia,,0.2
dialectologia et geolinguistica,Q4,0.4
dialog a journal of theology,,0.1
dialog so vremenem dialogue with time,Q3,0.1
dialogia,Q4,0.1
dialogic pedagogy,Q3,0.9
dialogica,Q4,<0.1
dialogo,Q4,<0.1
dialogo das letras,,0.2
dialogue canadian philosophical review,,0.1
dialogues in clinical neuroscience,Q1,5.1
dialogues in human geography,Q1,10
dialogues in philosophy mental and neuro sciences,,0.3
diametros,,0.5
diamond and related materials,Q1,5.2
diaspora studies,Q4,0.5
diasporas histoire et societes,Q1,0.5
diatom research,Q3,1.4
dicenda cuadernos de filologia hispanica,,0.7
dickens quarterly,,0.7
dickens studies annual,,0.5
dickensian,,0.9
didactica de las ciencias experimentales y sociales,Q4,0.5
didactica lengua y literatura,,0.1
dietetics,Q4,1.8
differences a journal of feminist cultural studies,Q4,0.2
differential and integral equations,Q2,0.9
differential equations,Q2,0.9
differential equations and dynamical systems,Q2,1.2
differential equations applications,Q4,0.4
differential geometry and its applications,Q3,0.7
differentiation,Q1,4
digest journal of nanomaterials and biostructures,Q4,1.2
digest of middle east studies,Q3,0.6
digestion,Q2,3.4
digestive and liver disease,Q1,4.9
digestive diseases,Q3,2.4
digestive diseases and sciences,Q2,2.8
digestive endoscopy,Q1,3.6
digestive surgery,Q3,1.2
digital business,Q1,7.2
digital chemical engineering,Q2,5.4
digital communications and networks,Q1,6.3
digital creativity,,4.3
digital discovery,Q1,7.1
digital education review,Q1,2.7
digital health,Q1,3.9
digital humanities quarterly,,0.5
digital journalism,Q1,5.1
digital library perspectives,Q2,2.3
digital policy regulation and governance,Q1,3.5
digital scholarship in the humanities,Q3,1
digital signal processing,Q2,3.4
digital threats research and practice,Q3,3.1
digital transportation and safety,Q2,3.3
digitar revista digital de arqueologia arquitectura e artes digital journal of archaeology architecture and arts,,0.1
digithum,,0.3
dimensions of critical care nursing,Q3,1.7
dinbilimleri akademik arastirma dergisi journal of academic research in religious sciences,,0.5
diplomacy statecraft,Q2,0.4
diplomatic history,Q1,0.7
diplomatica,Q1,1.2
dirasat hispanicas revista tunecina de estudios hispanicos,,0.1
direccion y organizacion,Q4,0.4
direito e praxis,Q4,0.2
diritti umani e diritto internazionale,Q3,0.3
disabilities,Q3,1.5
disability and health journal,Q1,3
disability and rehabilitation,Q2,2.2
disability and rehabilitation assistive technology,Q2,2.1
disability society,Q1,2.3
disaster medicine and public health preparedness,Q3,1.7
disaster prevention and management,Q3,1.5
disasters,Q1,2.3
discours revue de linguistique psycholinguistique et informatique,Q4,0.2
discourse communication,Q2,1.9
discourse context media,Q1,2.5
discourse processes,Q3,1.7
discourse society,Q2,1.9
discourse studies,Q2,1.9
discourse studies in the cultural politics of education,Q2,2.2
discover applied sciences,Q1,3.8
discover chemical engineering,Q2,3.6
discover computing,Q3,1.9
discover developmental biology,,N/A
discover environment,Q2,4.7
discover food,Q2,3.6
discover life,Q3,1.7
discover materials,Q2,5.8
discover mechanical engineering,Q2,2.9
discover mental health,Q3,2.2
discover nano,Q1,6.7
discover neuroscience,,N/A
discover oncology,Q3,2.8
discover psychology,Q3,1.5
discover public health,Q4,1.3
discover social science and health,Q3,1.5
discover space,Q3,1.8
discover sustainability,Q1,5.2
discovery medicine,Q2,3.2
discrete analysis,Q2,0.8
discrete and continuous dynamical systems,Q2,1.1
discrete and continuous dynamical systems series b,Q2,1.4
discrete and continuous dynamical systems series s,Q2,1.3
discrete applied mathematics,Q3,1.1
discrete computational geometry,Q3,0.7
discrete dynamics in nature and society,Q3,1.4
discrete event dynamic systems theory and applications,Q3,1
discrete mathematics,Q2,1.1
discrete mathematics algorithms and applications,Q4,0.5
discrete mathematics and applications,Q4,0.5
discrete mathematics and theoretical computer science,Q3,0.6
discrete mathematics letters,Q3,0.7
discrete optimization,Q3,0.8
discussiones mathematicae graph theory,Q2,0.8
disease models mechanisms,Q1,3.6
diseases,Q2,3.7
diseases of aquatic organisms,Q3,1.2
diseases of the colon rectum,Q1,3.1
diseases of the esophagus,Q3,2.4
disegnare idee immagini ideas images,,0.1
disegnarecon,,0.5
disp,Q4,0.8
disparidades revista de antropologia,,0.1
displays,Q2,3.9
disputatio philosophical research bulletin,,0.2
dissent,Q3,0.6
dissertationes mathematicae,Q2,1.1
dissolution technologies,Q4,0.9
distance education,Q2,2.2
distinktion journal of social theory,Q2,1.6
distributed and parallel databases,Q3,1.1
distributed computing,Q3,1.5
distributed ledger technologies research and practice,Q3,2.2
diversitas perspectivas en psicologia,Q4,0.2
diversity and distributions,Q1,4.2
diversity basel,Q2,2.3
diving and hyperbaric medicine,Q4,1.3
dix neuf,,0.1
dix septieme siecle,Q4,<0.1
dixi,Q3,0.3
dixit,Q4,0.2
dm disease a month,Q1,5.7
dna and cell biology,Q2,2.6
dna repair,Q2,3.2
dna research,Q2,2.8
dobras,,<0.1
doctor virtualis rivista di storia della filosofia medievale,,<0.1
documenta et instrumenta,Q2,0.3
documenta mathematica,Q2,0.8
documenta ophthalmologica,Q3,2
documentacion de las ciencias de la informacion,Q4,0.2
documentation et bibliotheques,Q4,0.2
documenti e studi sulla tradizione filosofica medievale,,0.4
documenti geografici,Q4,0.1
documents d analisi geografica,Q4,0.5
doklady biochemistry and biophysics,Q4,0.8
doklady chemistry,Q4,0.6
doklady earth sciences,Q4,0.8
doklady mathematics,Q2,0.8
doklady natsionalnoi akademii nauk belarusi,Q4,0.1
doklady physical chemistry,Q4,1.1
doklady physics,Q4,0.3
dolomites research notes on approximation,Q1,1.2
domestic animal endocrinology,Q3,1.7
dose response,Q2,2.8
down beat,,<0.1
downside review,,<0.1
doxa comunicacion,Q3,0.7
doxa cuadernos de filosofia y derecho,,0.4
drama therapy review,,0.5
dreaming,Q4,0.5
dress the journal of the costume society of america,,0.2
drevnyaya rus voprosy medievistiki,,0.1
drewno,Q4,0.7
droit et cultures,Q4,0.1
drone systems and applications,Q2,3.7
drones,Q2,5.2
droplet,Q1,9.1
drug and alcohol dependence,Q1,3.5
drug and alcohol dependence reports,Q1,3.5
drug and alcohol review,Q2,2.9
drug and chemical toxicology,Q3,2.2
drug delivery,Q1,8
drug delivery and translational research,Q1,6.9
drug design development and therapy,Q1,6.1
drug development and industrial pharmacy,Q3,2.6
drug development research,Q2,4.2
drug discoveries and therapeutics,Q4,1.3
drug discovery today,Q1,8.7
drug healthcare and patient safety,Q1,4.3
drug metabolism and disposition,Q2,3.6
drug metabolism and pharmacokinetics,Q3,2.2
drug metabolism reviews,Q1,4.7
drug research,Q3,2.4
drug resistance updates,Q1,22
drug safety,Q1,5.9
drug target insights,Q2,3.7
drug testing and analysis,Q3,2.6
drugs,Q1,14.7
drugs aging,Q2,4.2
drugs education prevention and policy,Q2,2.4
drugs habits and social policy,Q4,1.3
drugs in context,Q3,2.2
drugs in r d,Q3,2.5
drugs real world outcomes,Q3,2
drugs therapy perspectives,Q4,0.6
drustvena istrazivanja,Q4,0.3
drvna industrija,Q3,0.9
drying technology,Q2,3.2
du bois review social science research on race,Q3,1.2
duazary,Q4,0.1
dubai medical journal,Q3,0.9
duke law journal,Q1,2.1
duke mathematical journal,Q1,3.2
dusunen adam journal of psychiatry and neurological sciences,Q4,0.5
dutch crossing journal of low countries studies,Q4,<0.1
dutch journal of applied linguistics,Q2,1.2
duzce medical journal,Q3,0.5
dyes and pigments,Q1,3.9
dyna,Q4,0.6
dynamic games and applications,Q3,1.3
dynamical systems an international journal,Q4,0.7
dynamics,Q3,1.1
dynamics of asymmetric conflict,Q3,0.8
dynamics of atmospheres and oceans,Q3,2
dynamics of partial differential equations,Q2,1.3
dynamis,Q3,0.4
dyslexia,Q2,1.6
dysphagia,Q1,2.3
dystonia,Q4,1.6
e balonmano com,Q3,1.2
e ciencias de la informacion,Q4,0.1
e g quaternary science journal,Q1,2.1
e informatica software engineering journal,Q3,2
e journal of international and comparative labour studies,Q4,0.2
e journal of surface science and nanotechnology,Q4,0.5
e latina revista electronica de estudios latinoamericanos,Q4,<0.1
e learning and digital media,Q2,2.4
e legal history review,Q3,0.3
e m ekonomie a management,Q3,1.5
e mentor,Q4,0.3
e polymers,Q2,3.2
e rph revista electronica de patrimonio historico,,0.3
e scrita revista do curso de letras da uniabeu,,<0.1
e spania revue electronique d etudes hispaniques medievales,,0.1
eai endorsed transactions on scalable information systems,Q4,1
ear and hearing,Q1,3.3
eari educacion artistica revista de investigacion,,0.6
early american literature,,0.1
early american studies an interdisciplinary journal,Q1,0.5
early child development and care,Q2,1.4
early childhood education journal,Q2,1.9
early childhood research quarterly,Q1,2.6
early china,,0.2
early christianity,,0.2
early education and development,Q2,2.1
early human development,Q2,2.1
early intervention in psychiatry,Q3,2.3
early medieval china,,0.1
early medieval europe,,0.4
early modern french studies,Q3,0.1
early modern women an interdisciplinary journal,,0.1
early music,,0.4
early popular visual culture,,0.5
early science and medicine,Q3,0.4
early theatre,,0.3
early years,Q3,1.2
earth,Q2,4
earth and environmental science transactions of the royal society of edinburgh,Q3,1.2
earth and planetary physics,Q2,2.7
earth and planetary science letters,Q1,4.8
earth and space science,Q2,3.3
earth interactions,Q3,1.6
earth moon and planets,Q3,1.3
earth planets and space,Q2,3.3
earth science informatics,Q1,4.2
earth science reviews,Q1,11.3
earth sciences history,Q4,0.2
earth sciences research journal,Q4,1
earth surface dynamics,Q2,3
earth surface processes and landforms,Q2,2.8
earth system dynamics,Q1,6.3
earth system governance,Q1,4.7
earth system science data,Q1,13.6
earth systems and environment,Q1,5
earthquake engineering and engineering vibration,Q2,3.4
earthquake engineering and resilience,Q3,2
earthquake engineering structural dynamics,Q1,4.9
earthquake research advances,Q1,4.6
earthquake science,Q1,3.6
earthquake spectra,Q2,3.9
earthquakes and structures,Q4,1.1
earths future,Q1,8.5
east asia,Q1,1.6
east asian economic review,Q3,0.8
east asian journal on applied mathematics,Q3,1.1
east asian policy,Q2,0.7
east asian pragmatics,Q4,0.3
east asian publishing and society,,0.2
east asian science technology and society an international journal,Q2,0.9
east central europe,Q1,0.5
east european jewish affairs,Q4,<0.1
east european journal of physics,Q3,1.7
east european politics,Q1,1.8
east european politics and societies,Q1,1.3
eastern african literary and cultural studies,,0.2
eastern buddhist,,0.4
eastern economic journal,Q3,0.8
eastern european countryside,Q4,0.1
eastern european economics,Q3,1.2
eastern european holocaust studies,Q2,0.4
eastern european screen studies,,N/A
eastern journal of european studies,Q3,0.6
eastern mediterranean health journal,Q3,1.9
eating and weight disorders studies on anorexia bulimia and obesity,Q2,3.5
eating behaviors,Q2,2.8
eating disorders,Q1,3.5
ebiomedicine,Q1,11.2
ec tax review,Q2,0.8
ecancermedicalscience,Q4,1.5
ecclesial practices,Q4,0.2
ecclesiastical law journal,,0.2
ecclesiology,,0.3
eccos revista cientifica,Q4,<0.1
echo research and practice,Q1,4.4
echocardiography a journal of cardiovascular ultrasound and allied techniques,Q3,1.8
eclinicalmedicine,Q1,12.8
ecnu review of education,Q1,3.2
eco engineering,Q4,0.1
eco environment health,Q1,13.4
eco mont journal on protected mountain areas research,Q4,1.1
ecography,Q1,5.3
ecohealth,Q3,2.3
ecohydrology,Q3,2.2
ecohydrology hydrobiology,Q2,2.8
ecologia aplicada,Q4,0.2
ecological and evolutionary physiology,Q2,1.7
ecological applications,Q1,4.6
ecological chemistry and engineering s chemia i inzynieria ekologiczna s,Q4,1.6
ecological complexity,Q3,1.9
ecological economics,Q1,6.7
ecological engineering,Q1,4.1
ecological entomology,Q2,1.8
ecological frontiers,Q1,4.7
ecological indicators,Q1,8.7
ecological informatics,Q1,8.5
ecological management restoration,Q3,1.8
ecological modelling,Q2,3.5
ecological monographs,Q1,9
ecological processes,Q1,4.8
ecological psychology,Q4,1.4
ecological questions,Q4,1.2
ecological research,Q3,1.7
ecological restoration,Q4,1.3
ecological solutions and evidence,Q2,3.3
ecologies,Q2,2.9
ecology,Q1,4.1
ecology and evolution,Q2,2.6
ecology and society,Q1,4
ecology law quarterly,Q2,0.8
ecology letters,Q1,7.7
ecology of food and nutrition,Q4,1.5
ecology of freshwater fish,Q3,1.6
ecomat,Q1,11.3
econ journal watch,Q3,1
econometric reviews,Q3,1
econometric theory,Q4,0.6
econometrica,Q1,6.2
econometrics,Q3,1.4
econometrics and statistics,Q1,3
econometrics journal,Q1,4.1
economia agraria y recursos naturales,Q4,0.6
economia agro alimentare,Q3,0.7
economia journal of the latin american and caribbean economic association,Q2,1.6
economia politica,Q3,1.4
economia sociedad y territorio,Q4,0.4
economic affairs,Q3,1
economic analysis and policy,Q1,9
economic and environmental geology,Q4,0.5
economic and industrial democracy,Q2,1.8
economic and labour relations review,Q3,1.5
economic and political studies eps,Q1,3.5
economic and social changes facts trends forecast,Q4,0.6
economic and social review,Q3,1.1
economic annals xxi,Q4,0.3
economic anthropology,Q2,1.2
economic botany,Q3,1.9
economic change and restructuring,Q1,3.8
economic computation and economic cybernetics studies and research,Q3,1.1
economic development and cultural change,Q1,1.8
economic development quarterly,Q3,1.4
economic geography,Q1,11
economic geology,Q1,5.1
economic history of developing regions,Q1,0.8
economic history review,Q1,1.6
economic inquiry,Q3,1.5
economic issues,Q2,1.9
economic journal,Q1,3.3
economic journal of emerging markets,Q4,0.4
economic modelling,Q1,5.5
economic notes,Q3,1
economic papers,Q3,1
economic policy,Q1,4.8
economic record,Q3,0.8
economic systems,Q1,3.1
economic systems research,Q1,3.1
economic theory,Q3,1.2
economic theory bulletin,Q4,0.5
economica,Q2,2.1
economics and business letters,Q3,1
economics and business review,Q2,2
economics and culture,Q3,0.9
economics and environment,Q4,1.8
economics and finance letters,Q4,0.7
economics bulletin,Q4,0.3
economics ecology socium,Q2,2.5
economics human biology,Q2,2
economics letters,Q2,2
economics of education review,Q2,2
economics of energy environmental policy,Q3,1.1
economics of governance,Q3,1.2
economics of innovation and new technology,Q2,2.4
economics of transition and institutional change,Q2,1.6
economics of transportation,Q1,3.3
economics philosophy,Q3,1.1
economics politics,Q2,2.2
economics sociology,Q3,1.5
economics the open access open assessment e journal,Q2,1.6
economies,Q2,2.3
economist netherlands,Q2,1.8
economists voice,Q3,0.8
economy and society,Q1,3.8
economy of region,Q3,0.5
ecopsychology,Q2,2.3
ecos estudos contemporaneos da subjetividade,Q4,<0.1
ecoscience,Q4,1
ecosistemas,Q4,0.9
ecosistemas y recursos agropecuarios,Q3,0.6
ecosphere,Q2,3
ecosystem health and sustainability,Q2,3.6
ecosystem services,Q1,7.8
ecosystems,Q2,3.3
ecosystems and people,Q1,4.5
ecotoxicology,Q2,2.7
ecotoxicology and environmental safety,Q1,6.6
ecs advances,Q4,1.9
ecs journal of solid state science and technology,Q3,2.4
ecumenica performance and religion,,0.3
ecumenical review,,0.2
edad media revista de historia,,0.3
edgar allan poe review,,0.2
edinburgh law review,Q3,0.4
edith wharton review,,0.1
edma 0 6 educacion matematica en la infancia,Q3,0.8
edmetic,Q4,0.4
educacao,Q4,0.1
educacao formacao,Q4,0.4
educacao por escrito,Q4,<0.1
educacion fisica y ciencia,Q4,0.1
educacion fisica y deporte,Q4,<0.1
educacion medica,Q4,0.7
educacion xx1,Q1,3.9
educade revista de educacion en contabilidad finanzas y administracion de empresas,Q4,0.3
educar,Q2,1.6
educar em revista,Q4,0.2
educatio siglo xxi,Q3,0.8
education 3 13,Q3,1.2
education and information technologies,Q1,7.2
education and training,Q1,2.6
education and training in autism and developmental disabilities,Q4,0.9
education and treatment of children,Q3,1.4
education and urban society,Q2,1.6
education as change,Q2,1.8
education citizenship and social justice,Q2,1.8
education economics,Q3,1
education et francophonie,Q4,0.1
education finance and policy,Q2,1.6
education for chemical engineers,Q1,4.7
education for health,Q4,0.5
education for information,Q3,0.8
education for primary care,Q4,1.2
education in the knowledge society,Q1,3
education inquiry,Q2,1.9
education policy analysis archives,Q3,1.1
education sciences,Q1,3.5
educational action research,Q3,1.2
educational administration quarterly,Q1,5
educational and developmental psychologist,Q3,1.9
educational and psychological measurement,Q1,4.4
educational assessment,Q1,2.8
educational assessment evaluation and accountability,Q1,2.8
educational evaluation and policy analysis,Q1,2.9
educational forum,Q4,0.6
educational gerontology,Q2,1.7
educational management administration leadership,Q1,3.9
educational measurement issues and practice,Q2,2.2
educational media international,Q2,1.5
educational philosophy and theory,Q2,1.8
educational policy,Q2,2.2
educational psychologist,Q1,10.6
educational psychology,Q1,2.5
educational psychology in practice,Q3,1.6
educational psychology review,Q1,11.9
educational research,Q1,3
educational research and evaluation,Q3,1.3
educational research for policy and practice,Q3,1.2
educational research review,Q1,10.3
educational researcher,Q1,5.5
educational review,Q1,3.8
educational studies,Q2,1.7
educational studies aesa,Q3,1.3
educational studies in mathematics,Q1,2.5
educational technology society,Q1,7.1
educational theory,Q2,1.6
eduweb revista de tecnologia de informacion y comunicacion en educacion,Q4,0.4
ees catalysis,Q1,9.8
eesti ja soome ugri keeleteaduse ajakiri journal of estonian and finno ugric linguistics,,0.4
efood,Q1,5.7
efort open reviews,Q1,4.6
efsa journal,Q2,3.8
ega revista de expresion grafica arquitectonica,,0.3
egastroenterology,Q1,10.5
ege academic review,Q4,0.6
ege revista de expresion grafica en la edificacion,,0.3
egitim ve bilim education and science,Q3,0.8
egyptian heart journal,Q3,1.4
egyptian informatics journal,Q2,4.2
egyptian journal of agronomy,Q2,1.7
egyptian journal of anaesthesia,Q4,0.6
egyptian journal of aquatic research,Q1,3.1
egyptian journal of archaeological and restoration studies,,0.5
egyptian journal of biological pest control,Q1,2.5
egyptian journal of botany,Q3,1.7
egyptian journal of bronchology,Q4,0.6
egyptian journal of chemistry,Q4,1.3
egyptian journal of chest diseases and tuberculosis,Q4,0.4
egyptian journal of critical care medicine,Q4,0.2
egyptian journal of dermatology and venereology,Q4,0.3
egyptian journal of forensic sciences,Q2,1.9
egyptian journal of haematology,Q4,0.1
egyptian journal of internal medicine,Q2,1.2
egyptian journal of medical human genetics,Q4,1.3
egyptian journal of neurology psychiatry and neurosurgery,Q4,1.2
egyptian journal of neurosurgery,Q4,0.7
egyptian journal of otolaryngology,Q4,0.7
egyptian journal of pediatric allergy and immunology,Q4,0.3
egyptian journal of radiology and nuclear medicine,Q4,0.9
egyptian journal of remote sensing and space sciences,Q2,5.1
egyptian journal of soil science,Q3,3
egyptian journal of surgery,Q4,0.2
egyptian journal of veterinary science,Q3,1.4
egyptian liver journal,Q4,1.4
egyptian pediatric association gazette,Q4,0.6
egyptian pharmaceutical journal,Q4,0.9
egyptian rheumatologist,Q4,0.8
egyptian rheumatology and rehabilitation,Q4,1.1
eidola international journal of classical art history,,<0.1
eidos a journal for philosophy of culture,Q3,0.4
eighteenth century fiction,,0.4
eighteenth century life,,0.1
eighteenth century music,,0.1
eighteenth century studies,,0.3
eighteenth century theory and interpretation,,<0.1
eigse a journal of irish studies,,N/A
eikasia revista de filosofia,,0.1
eikasmos quaderni bolognesi di filologia classica,,<0.1
eikon imago,,0.2
einstein sao paulo,Q3,1.1
eire ireland,,0.1
eirene studia graeca et latina,,0.1
eixo e a roda revista de literatura brasileira,,<0.1
ejc paediatric oncology,Q2,2
ejhaem,Q4,1.3
ejnmmi physics,Q2,3.5
ejnmmi radiopharmacy and chemistry,Q1,3.7
ejnmmi reports,Q3,1.7
ejnmmi research,Q2,2.7
ejournal of tax research,Q3,0.3
ejso,Q1,3.5
ejves vascular forum,Q2,1.8
ekoist journal of econometrics and statistics,Q4,0.2
ekonomi politika finans arastirmalari dergisi,Q4,0.3
ekonomia i prawo economics and law,Q4,0.7
ekonomicheskaya politika,Q4,0.6
ekonomicky casopis,Q4,0.6
ekonomika i matematiceskie metody economics and mathematical methods,Q4,0.2
ekonomika poljoprivreda economics of agriculture,Q4,0.8
ekonomista,Q4,0.4
ekonomska misao i praksa economic thought and practice,Q4,0.7
ekonomski pregled,Q4,0.4
ekonomski vjesnik,Q4,0.5
eksperimentalnaya psikhologiya,Q4,0.5
eksploatacja i niezawodnosc maintenance and reliability,Q2,3.3
elastomers and composites,Q4,1
election law journal,Q1,1.5
electoral studies,Q1,2.7
electric power components and systems,Q3,1.9
electric power systems research,Q2,4.3
electrica,Q4,0.7
electrical control and communication engineering,Q4,0.5
electrical engineering,Q3,2.7
electrical engineering electromechanics,Q4,1.4
electrical engineering in japan,Q4,0.4
electricity,Q3,2.7
electricity journal,Q4,2.6
electroanalysis,Q3,2.6
electrocatalysis,Q3,3.2
electrochemical energy reviews,Q1,50.7
electrochemical science advances,Q2,4.7
electrochemical society interface,Q4,2.1
electrochemistry,Q4,1.7
electrochemistry communications,Q2,4.2
electrochimica acta,Q2,5.8
electromagnetic biology and medicine,Q3,1.5
electromagnetics,Q4,0.9
electron,Q1,15.2
electronic commerce research,Q2,4.9
electronic commerce research and applications,Q1,6.8
electronic communications in probability,Q3,0.8
electronic government an international journal,Q3,0.5
electronic journal of applied statistical analysis,Q4,0.5
electronic journal of biotechnology,Q3,3.2
electronic journal of combinatorics,Q2,0.9
electronic journal of differential equations,Q2,0.8
electronic journal of e learning,Q1,3.5
electronic journal of general medicine,Q3,1.1
electronic journal of graph theory and applications,Q3,0.6
electronic journal of information systems in developing countries,Q2,1.6
electronic journal of linear algebra,Q2,0.9
electronic journal of probability,Q3,1.1
electronic journal of qualitative theory of differential equations,Q3,0.7
electronic journal of research in educational psychology,Q4,0.5
electronic journal of statistics,Q2,1.5
electronic journal of structural engineering,Q3,1.4
electronic library,Q2,3
electronic markets,Q1,8.8
electronic materials letters,Q3,3.1
electronic news,Q2,1.7
electronic research archive,Q1,1.2
electronic structure,Q3,2.4
electronic transactions on numerical analysis,Q3,0.9
electronics,Q2,2.9
electronics and communications in japan,Q4,0.4
electronics letters,Q4,1
electrophoresis,Q3,2.6
elektronika ir elektrotechnika,Q4,1.1
elektrotechnik und informationstechnik,Q4,0.6
elektrotehniski vestnik,Q4,0.2
elementa science of the anthropocene,Q2,4.1
elementary school journal,Q3,1.2
elemente der mathematik,Q4,0.4
elements,Q1,3.9
eleuthera,Q4,0.1
elh,,0.2
elia estudios de linguistica inglesa aplicada,Q3,0.5
elife,,N/A
elight,Q1,31.4
elos revista de literatura infantil e xuvenil,,0.1
elt journal,Q1,4
em questao,Q4,0.3
emakeele seltsi aastaraamat the yearbook of the estonian mother tongue society,Q3,0.5
embo journal,Q1,8.4
embo molecular medicine,Q1,7.9
embo reports,Q1,6
emergencias,Q1,5.5
emergency and critical care medicine,Q3,1.1
emergency care journal,Q4,0.4
emergency medicine australasia,Q3,1.5
emergency medicine clinics of north america,Q3,1.6
emergency medicine international,Q3,1.6
emergency medicine journal,Q2,2.8
emergency radiology,Q4,1.2
emergent materials,Q2,4
emerging adulthood,Q2,1.7
emerging contaminants,Q1,8.2
emerging infectious diseases,Q1,7.9
emerging markets finance and trade,Q1,3.3
emerging markets review,Q1,4.4
emerging materials research,Q4,1.3
emerging microbes infections,Q1,7
emerging themes in epidemiology,Q1,5.5
emerging topics in life sciences,Q1,6
emerita,,0.2
emily dickinson journal,,0.1
eminak,Q2,0.3
emirates journal of food and agriculture,Q3,1.3
emission control science and technology,Q4,1.4
emitter international journal of engineering technology,Q4,0.6
emotion,Q1,3.8
emotion review,Q1,3.7
emotion space and society,Q1,2.4
emotional and behavioural difficulties,Q3,1.7
emotions and society,Q2,1.7
emotions history culture society,,0.6
empedocles european journal for the philosophy of communication,,0.2
empiria,Q3,0.6
empirica,Q3,1.4
empirical economics,Q2,1.9
empirical musicology review,,0.3
empirical research in vocational education and training,Q2,2.2
empirical software engineering,Q2,3.4
empirical studies of the arts,Q3,1.5
employee relations,Q2,3.2
employee responsibilities and rights journal,Q2,2.3
ems surveys in mathematical sciences,Q1,3.1
emu austral ornithology,Q2,1.3
en blanco revista de arquitectura,,<0.1
encephale revue de psychiatrie clinique biologique et therapeutique,Q4,1.3
encontros bibli revista eletronica de biblioteconomia e ciencia da informacao,Q3,0.6
encounters in theory and history of education,Q4,0.3
encrucijada americana,Q4,0.1
encrucijadas revista critica de ciencias sociales,Q4,0.3
encuentro revista de investigacion e innovacion en la clase de idiomas,Q4,0.3
endangered species research,Q2,2.6
endeavour,Q3,0.4
endocrine,Q3,3.3
endocrine connections,Q2,3.4
endocrine journal,Q3,2.5
endocrine metabolic immune disorders drug targets,Q3,2
endocrine pathology,Q1,4.6
endocrine practice,Q2,4.4
endocrine related cancer,Q2,4.4
endocrine research,Q4,1.9
endocrine reviews,Q1,23.9
endocrines,Q3,2.2
endocrinologia diabetes y nutricion,Q3,1.9
endocrinology,Q2,3.8
endocrinology and metabolism,Q1,5.1
endocrinology and metabolism clinics of north america,Q2,4.6
endocrinology diabetes and metabolism case reports,Q4,0.9
endocrinology diabetes metabolism,Q2,3.4
endocrinology insights,,N/A
endocrinology research and practice,Q4,0.5
endokrynologia polska,Q3,2.2
endoscopic ultrasound,Q1,4.7
endoscopy,Q1,11.8
endoscopy international open,Q1,2.9
endoxa series filosoficas,,0.1
energetic materials frontiers,Q2,4.7
energies,Q3,3.9
energy,Q1,10.1
energy advances,Q2,6.3
energy and ai,Q1,9.7
energy and buildings,Q1,8
energy and built environment,Q1,10.4
energy and climate change,Q2,5.7
energy conversion and economics,Q2,4.8
energy conversion and management,Q1,11.8
energy conversion and management x,Q1,8.8
energy ecology and environment,Q2,4.2
energy economics,Q1,13.5
energy efficiency,Q2,3.4
energy environment,Q1,5.1
energy environmental materials,Q1,13.8
energy environmental science,Q1,30.5
energy exploration exploitation,Q3,3
energy for sustainable development,Q2,5.2
energy fuels,Q1,6
energy geoscience,Q1,4.7
energy journal,Q1,2.8
energy material advances,Q1,17.4
energy materials,Q1,11.9
energy materials and devices,Q1,9.9
energy nexus,Q1,8.2
energy policy,Q1,9.3
energy reports,Q2,6.6
energy research social science,Q1,7.2
energy reviews,Q1,16.5
energy science engineering,Q3,3.6
energy sources part a recovery utilization and environmental effects,Q3,2.3
energy sources part b economics planning and policy,Q4,2.4
energy storage,Q3,4
energy storage materials,Q1,19.3
energy strategy reviews,Q1,12.1
energy sustainability and society,Q2,5.7
energy systems optimization modeling simulation and economic aspects,Q4,2.7
energy technology,Q3,3.6
energychem,Q1,20.4
eneuro,Q3,2.6
eneurobiologia,Q4,<0.1
enfance,Q4,0.2
enfermedades infecciosas y microbiologia clinica,Q3,2.2
enfermeria clinica,Q3,1.1
enfermeria intensiva,Q3,1.7
enfoque ute,Q4,0.5
eng,Q1,3.5
engaging science technology and society,Q3,0.9
engenharia agricola,Q3,1.9
engenharia sanitaria e ambiental,Q4,0.7
engineer journal of the institution of engineers sri lanka,Q4,0.4
engineering,Q1,12.2
engineering analysis with boundary elements,Q1,3.5
engineering applications of artificial intelligence,Q1,9
engineering applications of computational fluid mechanics,Q1,6.2
engineering computations,Q2,2.1
engineering construction and architectural management,Q1,4.5
engineering economist,Q4,0.9
engineering failure analysis,Q1,7
engineering fracture mechanics,Q1,6.2
engineering geology,Q1,10.3
engineering in life sciences,Q2,4.1
engineering journal american institute of steel construction,Q3,1.3
engineering journal thailand,Q3,1.1
engineering letters,Q3,1.2
engineering management journal,Q3,2.6
engineering microbiology,Q1,6.1
engineering optimization,Q2,2.8
engineering reports,Q2,2.9
engineering research express,Q2,1.8
engineering review,Q3,0.9
engineering science and technology an international journal jestech,Q1,5.8
engineering structures,Q1,7.6
engineering studies,Q1,2.6
engineering technologies and systems,Q4,0.2
engineering transactions,Q4,1.1
engineering with computers,Q1,4.1
english,,0.3
english academy review southern african journal of english studies,,0.3
english for specific purposes,Q1,3
english historical review,Q1,0.6
english in africa,,<0.1
english in education,Q3,1
english language linguistics,Q3,0.9
english language notes,,0.5
english literary renaissance,,0.6
english studies,,0.4
english studies at nbu,,0.1
english studies in africa,,0.3
english teaching and learning,Q2,1.4
english teaching practice and critique,Q2,1.6
english text construction,,0.4
english today,Q3,0.9
english world wide,Q2,1.3
enrahonar quaderns de filosofia,,0.3
ensayos revista de la facultad de educacion de albacete,Q3,0.8
enseignement mathematique,Q2,0.9
ensenanza de las ciencias,Q3,0.9
ent ear nose throat journal,Q4,0.8
ent updates,Q4,<0.1
enterprise information systems,Q2,3.6
enterprise modelling and information systems architectures an international journal,Q1,7.8
enterprise society,Q2,0.9
entertainment computing,Q3,2.4
enthymema international journal of literary criticism literary theory and philosophy of literature,,0.2
entomologia experimentalis et applicata,Q2,1.9
entomologia generalis,Q1,4.3
entomologica americana,Q4,<0.1
entomological news,Q4,0.6
entomological research,Q3,1.3
entomological science,Q3,0.8
entorno geografico,Q4,0.3
entre ciencia e ingenieria,Q4,0.1
entrepalavras,,<0.1
entrepreneurial business and economics review,Q1,4.8
entrepreneurship and regional development,Q1,4.8
entrepreneurship and sustainability issues,Q3,1.5
entrepreneurship research journal,Q3,2.2
entrepreneurship theory and practice,Q1,6.9
entropy,Q2,2.1
enunciacion,Q4,0.3
environment,Q2,3.6
environment and behavior,Q1,4.6
environment and development economics,Q1,3
environment and history,Q1,0.8
environment and planning a economy and space,Q1,4.3
environment and planning b urban analytics and city science,Q1,2.9
environment and planning c politics and space,Q2,1.9
environment and planning d society space,Q1,3.1
environment and planning e nature and space,Q1,3.2
environment and society advances in research,Q3,2.2
environment and urbanization,Q3,2.1
environment and urbanization asia,Q4,0.8
environment development and sustainability,Q2,4.9
environment health,Q1,8.8
environment international,Q1,10.2
environment protection engineering,Q4,0.6
environment systems decisions,Q2,3.7
environmental and climate technologies,Q4,1.8
environmental and ecological statistics,Q1,2.2
environmental and experimental botany,Q1,5.1
environmental and molecular mutagenesis,Q2,2.7
environmental and planning law journal,Q3,0.4
environmental and sustainability indicators,Q1,5.5
environmental archaeology,Q3,1.5
environmental biology of fishes,Q3,1.5
environmental chemistry,Q3,1.8
environmental chemistry and ecotoxicology,Q1,12.3
environmental chemistry letters,Q1,25.2
environmental communication a journal of nature and culture,Q1,3.8
environmental conservation,Q2,2.5
environmental data science,Q3,2.8
environmental development,Q2,4.8
environmental dna,Q1,5.8
environmental earth sciences,Q2,3.3
environmental economics,Q2,2.6
environmental economics and policy studies,Q1,3.6
environmental education research,Q1,3.7
environmental engineering and management journal,Q4,0.8
environmental engineering geoscience,Q4,0.6
environmental engineering research,Q3,3.6
environmental engineering science,Q4,1.7
environmental entomology,Q2,1.8
environmental epidemiology,Q1,4.2
environmental epigenetics,Q1,4.3
environmental ethics,Q4,0.5
environmental evidence,Q1,7
environmental fluid mechanics,Q2,2.6
environmental forensics,Q4,1.6
environmental geochemistry and health,Q1,4.3
environmental geotechnics,Q3,2.5
environmental hazards human and policy dimensions,Q3,2.2
environmental health,Q1,7.3
environmental health and preventive medicine,Q2,2.9
environmental health engineering and management journal,Q4,1.5
environmental health insights,Q1,3.4
environmental health perspectives,Q1,10.9
environmental history,Q1,1
environmental humanities,,2.2
environmental impact assessment review,Q1,12.2
environmental innovation and societal transitions,Q1,6.1
environmental justice,Q4,1.6
environmental management,Q3,3.4
environmental microbiology,Q2,4
environmental microbiology reports,Q3,3.1
environmental microbiome,Q1,6.2
environmental modeling assessment,Q3,2.5
environmental modelling software,Q1,5.2
environmental monitoring and assessment,Q3,3.6
environmental policy and governance,Q2,3.4
environmental politics,Q1,4.6
environmental pollutants and bioavailability,Q2,4
environmental pollution,Q1,7.2
environmental processes an international journal,Q2,5
environmental progress sustainable energy,Q3,2.6
environmental quality management,Q3,2.3
environmental research,Q1,8.2
environmental research climate,Q2,4.6
environmental research communications,Q3,2.7
environmental research ecology,Q2,3
environmental research health,Q2,3
environmental research infrastructure and sustainability,Q2,3.3
environmental research letters,Q1,5.4
environmental resource economics,Q1,3.5
environmental reviews,Q1,6.3
environmental science advances,Q1,6.7
environmental science and ecotechnology,Q1,14.3
environmental science atmospheres,Q3,3.2
environmental science nano,Q2,5.6
environmental science policy,Q2,5.5
environmental science processes impacts,Q2,4.2
environmental science technology,Q1,12.2
environmental science technology letters,Q1,7.3
environmental science water research technology,Q2,3.5
environmental sciences europe,Q1,7.1
environmental socio economic studies,Q4,1.3
environmental sociology,Q3,2.5
environmental sustainability,Q2,4.6
environmental systems research,Q2,5.1
environmental technology,Q3,2.2
environmental technology innovation,Q1,7.3
environmental toxicology and chemistry,Q2,3.6
environmental toxicology and pharmacology,Q1,4.6
environmental values,Q2,1.8
environments,Q2,4.3
environmetrics,Q2,1.7
environnement risques sante,Q4,0.2
enzyme and microbial technology,Q2,3.9
epekeina international journal of ontology history and critics,,<0.1
ephemerides theologicae lovanienses,,0.1
epidemics,Q3,2.4
epidemiologia,Q2,3.2
epidemiologia e servicos de saude,Q4,1.1
epidemiologia prevenzione,Q4,0.8
epidemiologic reviews,Q1,9.6
epidemiologie mikrobiologie imunologie,Q4,0.5
epidemiology,Q1,4.4
epidemiology and health,Q2,2.4
epidemiology and psychiatric sciences,Q1,5.4
epidemiology infection,Q2,2.5
epigenetics,Q2,3.7
epigenetics chromatin,Q1,4.4
epigenetics insights,Q1,4.8
epigenomes,Q2,4.1
epigenomics,Q2,3.1
epijournal de geometrie algebrique,Q2,0.8
epilepsia,Q1,5.6
epilepsia open,Q2,3.4
epilepsy behavior,Q2,2.4
epilepsy behavior reports,Q3,1.9
epilepsy currents,Q1,4.6
epilepsy research,Q3,2.3
epileptic disorders,Q3,2.5
episodes,Q3,1.5
episteme a journal of individual and social epistemology,,1.3
epistemology philosophy of science epistemologiya i filosofiya nauki,,0.3
epitoanyag journal of silicate based and composite materials,Q4,0.5
epj applied metamaterials,Q4,1.5
epj data science,Q1,3.1
epj nuclear sciences technologies,Q2,2.1
epj photovoltaics,Q3,2.6
epj quantum technology,Q1,4.5
epj techniques and instrumentation,Q2,3
epl,Q2,2.1
epma journal,Q1,7
epohi,Q4,<0.1
eptic,Q4,0.1
eqa international journal of environmental quality,Q4,0.7
equality diversity and inclusion,Q1,2.6
equidad desarrollo,Q4,0.2
equilibrium quarterly journal of economics and economic policy,Q1,6.7
equine veterinary education,Q3,1.1
equine veterinary journal,Q1,2.4
equity excellence in education,Q2,1.8
eras,,0.3
erasmo revista de historia bajomedieval y moderna,,0.1
erasmus studies,,0.5
ercim news,Q4,0.2
erde,Q3,1.1
erdkunde,Q3,0.8
ergo an open access journal of philosophy,,1.2
ergodic theory and dynamical systems,Q3,0.7
ergonomics,Q2,2.8
ergonomics in design,Q4,1.1
eria revista cuatrimestral de geografia,Q4,0.1
erj open research,Q1,4.4
erkenntnis,,0.7
ermeneutica letteraria rivista internazionale,,<0.1
ernahrungs umschau,Q4,0.9
erudition and the republic of letters,Q3,0.1
erwerbs obstbau,Q3,1.6
esaim control optimisation and calculus of variations,Q2,1.4
esaim mathematical modelling and numerical analysis,Q1,2
esaim probability and statistics,Q3,1
esc heart failure,Q2,3.8
escience,Q1,52.9
escritura e imagen,,0.1
esercizi filosofici,,<0.1
esic market,Q2,4.1
eskisehir osmangazi universitesi iibf dergisi eskisehir osmangazi university journal of economics and administrative sciences,Q4,0.4
eskiyeni,,0.2
esmo gastrointestinal oncology,Q4,1.7
esmo open,Q1,10.6
esmo real world data and digital oncology,Q3,2.6
esophagus,Q1,5.8
esp today journal of english for specific purposes at tertiary level,Q1,2.4
espace politique,Q4,<0.1
espaces populations societes,Q4,<0.1
espacio abierto,Q4,0.2
espacio tiempo y educacion,Q4,0.1
espacio tiempo y forma serie iii historia medieval,Q3,0.2
espacio tiempo y forma serie vii historia del arte,,0.1
espacios en blanco serie indagaciones,Q4,0.3
espana medieval,,0.7
espes the slovak journal of aesthetics,,0.1
espiral cuadernos del profesorado,Q1,2.9
espiritu,,<0.1
esprit,,0.1
esprit createur,,0.1
esq a journal of nineteenth century american literature and culture,,<0.1
essays in biochemistry,Q1,5.7
essays in criticism,,0.1
essays in french literature and culture,,<0.1
estetika the european journal of aesthetics,,0.4
estoa revista de la facultad de arquitectura y urbanismo de la universidad de cuenca,,0.3
estonian journal of archaeology,,1.1
estonian journal of earth sciences,Q4,0.6
estreno cuadernos del teatro espanol contemporaneo,,0.4
estuaries and coasts,Q2,2.4
estuarine coastal and shelf science,Q1,2.8
estudios atacamenos,Q1,0.5
estudios avanzados,,0.2
estudios centro de estudios avanzados universidad nacional de cordoba,Q4,0.2
estudios de asia y africa,Q3,0.1
estudios de cultura maya,Q4,0.2
estudios de derecho,Q4,0.2
estudios de economia,Q4,0.4
estudios de filosofia,,0.4
estudios de historia de espana,Q3,0.1
estudios de historia moderna y contemporanea de mexico,Q2,0.3
estudios de historia novohispana,Q2,0.3
estudios de linguistica universidad de alicante elua,,0.1
estudios de literatura colombiana,,0.2
estudios de teoria literaria revista digital artes letras humanidades,,0.1
estudios de traduccion,,0.3
estudios del desarrollo social cuba y america latina,Q4,0.1
estudios del habitat,,0.2
estudios demograficos y urbanos,Q4,0.5
estudios eclesiasticos,,0.4
estudios filologicos,Q4,0.1
estudios fronterizos,Q3,0.8
estudios geograficos,Q4,0.4
estudios geologicos madrid,Q3,1
estudios gerenciales,Q4,0.5
estudios historicos,Q4,<0.1
estudios irlandeses,,0.5
estudios romanicos,,0.1
estudios sobre educacion,Q3,1
estudios sociales revista universitaria semestral,Q4,<0.1
estudios socioterritoriales,Q4,0.1
estudos de linguistica galega,,<0.1
estudos de literatura brasileira contemporanea,,<0.1
estudos de religiao,,0.1
estudos historicos,Q3,0.1
estudos ibero americanos,Q2,0.3
estudos kantianos,,<0.1
estudos teologicos,,<0.1
etd educacao tematica digital,Q4,0.1
ethical perspectives,Q4,0.3
ethical theory and moral practice,,1.5
ethics,Q2,2.6
ethics and education,Q3,0.7
ethics and information technology,Q1,5.5
ethics and social welfare,Q3,1
ethics and the environment,,0.2
ethics behavior,Q2,2.3
ethics bioethics,Q4,0.7
ethics global politics,Q3,0.8
ethics international affairs,Q2,1.8
ethics medicine and public health,Q3,1
ethics policy environment,Q4,1.8
ethik in der medizin,Q4,1
ethiopian journal of health development,Q4,0.9
ethiopian journal of health sciences,Q4,1.2
ethnic and racial studies,Q1,2.5
ethnicities,Q2,1.6
ethnicity disease,Q3,1.6
ethnicity health,Q1,2.1
ethnoarchaeology,,1.4
ethnobiology and conservation,Q3,1.6
ethnobiology letters,Q2,1.3
ethnography,Q2,1.2
ethnography and education,Q3,0.9
ethnohistory,Q1,0.5
ethnologia scandinavica,,0.2
ethnomusicology,,0.4
ethnomusicology forum,,0.6
ethnopolitics,Q2,1.8
ethnorema,Q4,0.4
ethnos,Q1,1.8
ethology,Q2,1.3
ethology ecology evolution,Q3,1.1
ethos,Q1,2.1
etic net revista cientifica electronica de educacion y comunicacion en la sociedad del conocimiento,Q4,0.1
etica cine,,<0.1
etica politica,,0.1
etikk i praksis,Q4,0.3
etikonomi,Q4,0.4
etnoantropoloski problemi issues in ethnology and anthropology,Q4,0.3
etnoloska tribina,Q4,0.2
etr d educational technology research and development,Q1,5.6
etransportation,Q1,18.7
etri journal,Q3,2
etudes anglaises,,<0.1
etudes classiques,,0.1
etudes episteme,,<0.1
etudes francaises,,<0.1
etudes germaniques,,<0.1
etudes internationales,Q4,0.2
etudes inuit studies,Q4,0.3
etudes litteraires,,0.1
etudes philosophiques,,0.1
etudes ricoeuriennes ricoeur studies,Q4,0.2
etudes romanes de brno,,0.2
etudes theologiques et religieuses,,<0.1
eugene o neill review,,0.1
euphorion zeitschrift fur literaturgeschichte,,<0.1
euphrosyne revista de filologia classica,,0.1
euphytica,Q2,1.8
euramerica,Q4,0.2
eurasian business review,Q1,4.4
eurasian chemico technological journal,Q3,1.4
eurasian economic review,Q1,3.6
eurasian geography and economics,Q1,2.8
eurasian journal of chemistry,Q4,1
eurasian journal of emergency medicine,Q4,0.4
eurasian journal of mathematical and computer applications,Q4,0.8
eurasian journal of medicine,Q2,1.6
eurasian journal of medicine and oncology,Q2,1.3
eurasian journal of pulmonology,Q4,0.3
eurasian mathematical journal,Q2,1
eurasian mining,Q4,0.6
eurasian soil science,Q4,1.6
eurasip journal on advances in signal processing,Q3,2.2
eurasip journal on audio speech and music processing,Q2,2.7
eurasip journal on image and video processing,Q3,2.3
eurasip journal on information security,Q3,2.1
eurasip journal on wireless communications and networking,Q3,2.5
eure revista latinoamericana de estudios urbano regionales,Q4,0.8
eureka revista cientifica de psicologia,Q4,0.2
euro journal on computational optimization,Q4,1.2
euro journal on decision processes,Q3,3
euro journal on transportation and logistics,Q2,2.9
euro mediterranean journal for environmental integration,Q3,2.4
eurobiotech journal,Q3,1.3
eurochoices,Q2,2.9
eurointervention,Q1,9.2
euromed journal of business,Q2,4.4
europace,Q1,10.2
europe asia studies,Q1,1.5
europe revue litteraire mensuelle,,0.1
european accounting review,Q2,2.2
european actuarial journal,Q2,1.7
european addiction research,Q3,1.8
european annals of allergy and clinical immunology,Q3,2.5
european annals of otorhinolaryngology head and neck diseases,Q2,1.6
european archives of oto rhino laryngology,Q1,2.4
european archives of paediatric dentistry,Q3,1.9
european archives of psychiatry and clinical neuroscience,Q1,3.9
european biophysics journal,Q3,2.3
european burn journal,Q4,1
european business organization law review,Q2,1.3
european business review,Q2,4.6
european cardiology review,Q1,4.6
european cells materials,Q1,3.6
european child adolescent psychiatry,Q1,4.4
european clinical respiratory journal,Q3,1.6
european comic art,,0.2
european company and financial law review,Q2,0.7
european company law,Q2,1
european constitutional law review,Q1,1.7
european convention on human rights law review,Q1,2.3
european countryside,Q2,1.4
european cytokine network,Q4,1.5
european early childhood education research journal,Q2,1.7
european eating disorders review,Q1,3.2
european economic review,Q2,2.3
european education,Q3,1.3
european educational research journal,Q2,2
european endodontic journal,Q2,2.5
european financial management,Q1,4.2
european food research and technology,Q2,4.2
european geriatric medicine,Q2,3.9
european heart journal,Q1,45.3
european heart journal acute cardiovascular care,Q1,7.8
european heart journal cardiovascular imaging,Q1,6.1
european heart journal cardiovascular pharmacotherapy,Q1,8.2
european heart journal case reports,Q4,0.7
european heart journal digital health,Q1,5.3
european heart journal open,Q2,4.3
european heart journal quality of care and clinical outcomes,Q1,5.6
european heart journal supplements,Q2,2.7
european history quarterly,Q2,0.4
european journal for philosophy of science,Q1,1.5
european journal for research on the education and learning of adults,Q3,0.8
european journal for sport and society,Q3,2
european journal of ageing,Q1,3.8
european journal of agronomy,Q1,6.7
european journal of american studies,,0.1
european journal of anaesthesiology,Q1,7.8
european journal of analytic philosophy,Q4,0.7
european journal of anatomy,Q4,0.3
european journal of applied linguistics,Q2,1.4
european journal of applied mathematics,Q2,1.7
european journal of applied physiology,Q2,2.9
european journal of archaeology,,1.2
european journal of biology,Q4,0.9
european journal of breast health,Q3,2.1
european journal of cancer,Q1,7.9
european journal of cancer care,Q3,1.1
european journal of cancer prevention,Q3,2.5
european journal of cardio thoracic surgery,Q1,3.3
european journal of cardiovascular nursing,Q1,5.4
european journal of cell biology,Q2,4.3
european journal of clinical investigation,Q1,4.1
european journal of clinical microbiology infectious diseases,Q2,3.2
european journal of clinical nutrition,Q2,3.2
european journal of clinical pharmacology,Q2,3.5
european journal of combinatorics,Q2,1.1
european journal of communication,Q1,3.2
european journal of comparative economics,Q3,0.9
european journal of comparative law and governance,Q3,0.5
european journal of computational mechanics,Q4,0.5
european journal of contemporary education,Q4,0.5
european journal of contraception and reproductive health care,Q3,2
european journal of control,Q2,2.6
european journal of crime criminal law and criminal justice,Q1,1.5
european journal of criminology,Q1,2.3
european journal of cultural management and policy,,1.9
european journal of cultural studies,Q1,2.1
european journal of dental education,Q1,2.9
european journal of dentistry,Q2,2.2
european journal of dermatology,Q3,1.9
european journal of development research,Q3,1.9
european journal of developmental psychology,Q3,1.8
european journal of drug metabolism and pharmacokinetics,Q3,2.3
european journal of east asian studies,Q3,0.5
european journal of economics and economic policies intervention,Q2,1.8
european journal of education,Q1,5.3
european journal of education and psychology,Q3,1.7
european journal of emergency medicine,Q1,5.4
european journal of endocrinology,Q1,6.7
european journal of engineering education,Q1,3.2
european journal of english studies,Q3,0.5
european journal of entomology,Q2,1.4
european journal of environmental and civil engineering,Q3,2.4
european journal of environmental sciences,Q4,1.4
european journal of epidemiology,Q1,6.6
european journal of family business,Q3,1.7
european journal of finance,Q1,3.8
european journal of forest research,Q1,3.4
european journal of futures research,Q1,2
european journal of gastroenterology hepatology,Q3,2.1
european journal of general practice,Q2,2.7
european journal of geriatrics and gerontology,Q4,0.8
european journal of haematology,Q2,2.6
european journal of health economics,Q1,3.1
european journal of health law,Q2,0.9
european journal of health psychology,Q4,1.1
european journal of heart failure,Q1,10.3
european journal of higher education,Q1,3.2
european journal of histochemistry,Q4,1.9
european journal of horticultural science,Q4,0.6
european journal of hospital pharmacy,Q4,1.5
european journal of human genetics,Q1,4.6
european journal of human movement,Q4,1.2
european journal of humour research,Q3,1
european journal of hybrid imaging,Q3,1.8
european journal of immunology,Q2,4.1
european journal of industrial engineering,Q4,1.5
european journal of industrial relations,Q2,2.1
european journal of inflammation,Q4,1.1
european journal of information systems,Q1,8.1
european journal of innovation management,Q1,7.5
european journal of inorganic chemistry,Q3,1.8
european journal of integrative medicine,Q3,1.3
european journal of internal medicine,Q1,8.1
european journal of international law,Q1,3
european journal of international management,Q4,1
european journal of international relations,Q1,3.7
european journal of international security,Q2,1.7
european journal of investigation in health psychology and education,Q1,3.7
european journal of jewish studies,Q2,0.4
european journal of korean studies,,0.2
european journal of law and economics,Q1,1.5
european journal of legal studies,Q2,0.6
european journal of lipid science and technology,Q3,2.4
european journal of management and business economics,Q1,4.5
european journal of marketing,Q1,5.9
european journal of mass spectrometry,Q4,1.1
european journal of mathematics,Q3,0.7
european journal of mechanics a solids,Q1,4.7
european journal of mechanics b fluids,Q3,2.4
european journal of media art and photography,,0.4
european journal of medical genetics,Q3,2.2
european journal of medical research,Q2,4.8
european journal of medicinal chemistry,Q1,6.7
european journal of medicinal chemistry reports,Q1,6.7
european journal of mental health,Q4,1
european journal of microbiology and immunology,Q2,4.3
european journal of midwifery,Q3,1.5
european journal of migration and law,Q1,1.8
european journal of mineralogy,Q2,2
european journal of neurology,Q1,4.3
european journal of neuroscience,Q3,2.5
european journal of nuclear medicine and molecular imaging,Q1,7.6
european journal of nutrition,Q2,4.5
european journal of obstetrics gynecology and reproductive biology,Q2,2.3
european journal of obstetrics gynecology and reproductive biology x,Q2,2.1
european journal of oncology nursing,Q1,3.6
european journal of operational research,Q1,7
european journal of ophthalmology,Q3,1.3
european journal of oral sciences,Q2,2
european journal of organic chemistry,Q2,2.8
european journal of orthodontics,Q1,4.2
european journal of orthopaedic surgery and traumatology,Q3,1.7
european journal of paediatric dentistry,Q1,3.4
european journal of paediatric neurology,Q1,2.9
european journal of pain,Q1,3.8
european journal of pediatric surgery,Q2,1.8
european journal of pediatric surgery reports,Q4,0.5
european journal of pediatrics,Q1,2.9
european journal of personality,Q1,4.8
european journal of pharmaceutical sciences,Q1,5.1
european journal of pharmaceutics and biopharmaceutics,Q1,5
european journal of pharmacology,Q1,5.7
european journal of philosophy,,0.9
european journal of phycology,Q2,2.2
european journal of physical and rehabilitation medicine,Q1,4
european journal of physics,Q3,0.9
european journal of physiotherapy,Q3,1.2
european journal of plant pathology,Q2,2.1
european journal of plastic surgery,Q4,0.9
european journal of political economy,Q1,3
european journal of political research,Q1,3.9
european journal of political theory,Q3,1.2
european journal of politics and gender,Q1,2.5
european journal of population revue europeenne de demographie,Q1,3.5
european journal of pragmatism and american philosophy,,0.2
european journal of preventive cardiology,Q1,10
european journal of probation,Q3,1
european journal of prosthodontics and restorative dentistry,Q3,1.5
european journal of protistology,Q4,1.9
european journal of psychiatry,Q3,1.5
european journal of psychological assessment,Q2,2.7
european journal of psychology applied to legal context,Q1,6.6
european journal of psychology of education,Q2,3
european journal of psychology open,Q3,0.9
european journal of psychotherapy counselling,Q3,1.5
european journal of psychotraumatology,Q1,4.2
european journal of public health,Q1,5.2
european journal of radiology,Q1,3.9
european journal of radiology open,Q2,3.5
european journal of remote sensing,Q2,3.9
european journal of rheumatology,Q3,1.5
european journal of risk regulation,Q1,2.6
european journal of scandinavian studies,,0.2
european journal of science and theology,,0.3
european journal of social psychology,Q2,2.7
european journal of social security,Q2,2.2
european journal of social theory,Q2,2.4
european journal of social work,Q2,1.5
european journal of sociology archives europeennes de sociologie,Q2,1.8
european journal of soil biology,Q1,3.9
european journal of soil science,Q2,4.3
european journal of special needs education,Q1,2.2
european journal of sport science,Q2,3
european journal of sustainable development,Q4,1
european journal of taxonomy,Q2,1.5
european journal of teacher education,Q1,3.3
european journal of the history of economic thought,Q4,0.4
european journal of therapeutics,Q3,0.7
european journal of tourism hospitality and recreation,Q4,0.7
european journal of tourism research,Q2,3.2
european journal of training and development,Q3,2.9
european journal of transformation studies,Q4,0.1
european journal of translational and clinical medicine,Q4,0.4
european journal of translational myology,Q3,2
european journal of transport and infrastructure research,Q4,1.5
european journal of trauma and emergency surgery,Q2,2.3
european journal of trauma dissociation,Q3,1.9
european journal of vascular and endovascular surgery,Q1,8.5
european journal of wildlife research,Q2,1.8
european journal of womens studies,Q2,1.7
european journal of wood and wood products,Q1,2.7
european journal of work and organizational psychology,Q1,4.4
european journal on artificial intelligence,,N/A
european journal on criminal policy and research,Q1,2.8
european judaism a journal for the new europe,,0.1
european labour law journal,Q2,1.1
european law journal,Q2,1.3
european law review,Q2,0.6
european legacy toward new paradigms,,0.2
european management journal,Q1,7.6
european management review,Q2,3.1
european management studies,Q4,0.5
european neurology,Q3,2
european neuropsychopharmacology,Q1,8.1
european oral research,Q3,1.4
european physical education review,Q1,3.7
european physical journal a,Q2,3
european physical journal applied physics,Q4,1
european physical journal b,Q3,1.9
european physical journal c,Q1,4.9
european physical journal d,Q3,1.8
european physical journal e,Q3,2.6
european physical journal h,Q1,1.5
european physical journal plus,Q2,2.9
european physical journal special topics,Q2,2.5
european planning studies,Q1,3.2
european policy analysis,Q1,3.8
european political science,Q1,3.6
european political science review,Q1,3.4
european polymer journal,Q1,6.8
european poultry science,Q3,1
european psychiatry,Q1,7.9
european psychologist,Q1,4
european public law,Q3,0.5
european radiology,Q1,6
european radiology experimental,Q1,4.7
european research on management and business economics,Q1,6.2
european respiratory journal,Q1,23.8
european respiratory review,Q1,10.8
european review,Q2,0.7
european review of aging and physical activity,Q2,4.7
european review of agricultural economics,Q1,5.1
european review of applied psychology revue europeenne de psychologie appliquee,Q4,1.1
european review of economic history,Q1,1.2
european review of history revue europeenne d histoire,Q1,0.5
european review of international studies,Q4,0.7
european review of private law,Q3,0.5
european review of social psychology,Q1,6.2
european romantic review,,0.2
european science editing,Q2,1.6
european security,Q1,3.3
european social work research,Q3,1.1
european societies,Q1,3.8
european sociological review,Q1,3.3
european spatial research and policy,Q3,0.7
european spine journal,Q1,3.2
european sport management quarterly,Q2,3.2
european stroke journal,Q1,5.2
european surgery acta chirurgica austriaca,Q4,0.9
european surgical research,Q2,2.5
european thyroid journal,Q1,4.9
european transport research review,Q1,5.8
european transport trasporti europei,Q4,1.1
european union politics,Q2,2.3
european urban and regional studies,Q1,4.1
european urology,Q1,29.1
european urology focus,Q1,6.3
european urology oncology,Q1,8.5
european urology open science,Q1,4.3
european zoological journal,Q2,1.9
europes journal of psychology,Q2,2.7
europolity continuity and change in european governance,Q2,0.9
eurosurveillance,Q1,8.3
euskera,,0.6
evaluation,Q2,1.6
evaluation and program planning,Q2,1.9
evaluation review,Q1,3
evaluation the health professions,Q3,1.9
event management,Q3,2
evidence based dentistry,Q2,2.9
evidence based hrm a global forum for empirical scholarship,Q3,1.9
evidence based library and information practice,Q3,1.3
evidence policy,Q2,1.4
evodevo,Q2,2.6
evolution,Q2,3
evolution and human behavior,Q1,2.9
evolution development,Q2,2.4
evolution equations and control theory,Q1,1.2
evolution letters,Q1,4.3
evolution medicine and public health,Q2,2.7
evolution psychiatrique,Q4,0.1
evolutionary and institutional economics review,Q4,0.5
evolutionary anthropology,Q1,3.4
evolutionary applications,Q2,3.2
evolutionary behavioral sciences,Q4,1.1
evolutionary bioinformatics,Q3,1.6
evolutionary biology,Q2,2.6
evolutionary computation,Q1,4.1
evolutionary ecology,Q3,2
evolutionary human sciences,Q1,2.1
evolutionary intelligence,Q2,4.6
evolutionary psychological science,Q3,1.2
evolutionary psychology,Q4,1.4
evolving systems,Q2,3.7
ewha medical journal,Q3,0.9
examples and counterexamples,Q3,0.6
exceptional children,Q1,3.8
exceptionality,Q2,1.9
exchange journal of contemporary christianities in context,,0.3
excli journal,Q1,6.2
exemplaria classica,,<0.1
exemplaria medieval early modern theory,,0.2
exercer la revue francophone de medecine generale,Q4,0.2
exercise and sport sciences reviews,Q1,5.2
exercise immunology review,Q1,4.6
experimed,Q4,0.3
experiment a journal of russian culture,,0.1
experimental aging research,Q3,1.5
experimental agriculture,Q2,2.6
experimental and applied acarology,Q1,2.2
experimental and clinical endocrinology diabetes,Q4,1.8
experimental and clinical psychopharmacology,Q3,1.6
experimental and clinical transplantation,Q4,0.7
experimental and computational multiphase flow,Q1,7.3
experimental and molecular medicine,Q1,17.5
experimental and molecular pathology,Q1,4.1
experimental and therapeutic medicine,Q3,2.2
experimental animals,Q1,2
experimental astronomy,Q2,2.9
experimental biology and medicine,Q2,3.8
experimental brain research,Q3,2.1
experimental cell research,Q2,3.5
experimental dermatology,Q2,3.4
experimental economics,Q2,1.7
experimental eye research,Q2,3.1
experimental gerontology,Q1,5.1
experimental heat transfer,Q2,3.1
experimental hematology,Q2,2.7
experimental hematology oncology,Q1,17.5
experimental lung research,Q3,1.9
experimental mathematics,Q3,0.5
experimental mechanics,Q2,2.9
experimental neurobiology,Q3,2.4
experimental neurology,Q1,4.8
experimental parasitology,Q3,1.8
experimental physiology,Q2,3
experimental psychology,Q4,1.3
experimental techniques,Q3,1.8
experimental thermal and fluid science,Q1,3.5
experiments in fluids,Q2,2.7
expert opinion on biological therapy,Q2,4
expert opinion on drug delivery,Q1,6
expert opinion on drug discovery,Q1,7.3
expert opinion on drug metabolism toxicology,Q1,4.5
expert opinion on drug safety,Q2,3
expert opinion on emerging drugs,Q2,3.8
expert opinion on investigational drugs,Q2,4.3
expert opinion on pharmacotherapy,Q2,3.4
expert opinion on therapeutic patents,Q1,4.7
expert opinion on therapeutic targets,Q1,5.1
expert review of anti infective therapy,Q1,4.6
expert review of anticancer therapy,Q3,3
expert review of cardiovascular therapy,Q2,2.5
expert review of clinical immunology,Q2,4
expert review of clinical pharmacology,Q2,3.6
expert review of endocrinology metabolism,Q3,2.9
expert review of gastroenterology hepatology,Q2,3.3
expert review of hematology,Q2,2.8
expert review of medical devices,Q3,2.8
expert review of molecular diagnostics,Q1,4.3
expert review of neurotherapeutics,Q1,4.3
expert review of ophthalmology,Q4,1.2
expert review of pharmacoeconomics outcomes research,Q3,2.2
expert review of precision medicine and drug development,Q4,1.5
expert review of proteomics,Q2,2.9
expert review of respiratory medicine,Q2,3.3
expert review of vaccines,Q1,5.6
expert reviews in molecular medicine,Q1,6.5
expert systems,Q2,3.4
expert systems with applications,Q1,9.4
explicator,,0.1
exploration,Q1,30.4
exploration geophysics,Q4,0.8
explorations in economic history,Q1,2
explorations in renaissance culture,,0.1
exploratory research in clinical and social pharmacy,Q3,2.6
explore the journal of science and healing,Q2,2.4
expositiones mathematicae,Q2,0.8
expository times,,0.1
exposure and health,Q2,3.5
express polymer letters,Q3,2.4
expressions maghrebines,,0.4
extracellular vesicles and circulating nucleic acids,Q1,8.5
extractive industries and society,Q2,4.5
extrapolation,,0.2
extreme mechanics letters,Q1,4.5
extremes,Q1,1.9
extremophiles,Q4,2.2
eye,Q1,4.4
eye and brain,Q1,3.9
eye and vision,Q1,5.2
eye contact lens science and clinical practice,Q2,2.2
ezhegodnik finno ugorskikh issledovanii yearbook of finno ugric studies,,0.2
f s reports,Q2,2.6
f s reviews,Q2,2.8
f s science,Q3,1.9
f scott fitzgerald review,,<0.1
fabrications the journal of the society of architectural historians australia and new zealand,,0.3
fabula,,0.3
face,Q4,0.8
facets,Q2,2.7
fachsprache journal of professional and scientific communication,,0.4
facial plastic surgery,Q3,1.5
facial plastic surgery aesthetic medicine,Q2,1.8
facial plastic surgery clinics of north america,Q2,1.9
facies,Q2,1.9
facilities,Q3,2.2
facta universitatis series electronics and energetics,Q4,0.9
facta universitatis series mathematics and informatics,Q4,0.3
facta universitatis series mechanical engineering,Q1,10.9
facts views and vision in obgyn,Q3,1.5
faith and philosophy,,0.4
familial cancer,Q3,2.1
families in society the journal of contemporary social services,Q2,1.3
families relationships and societies,Q2,1.5
families systems health,Q3,1.2
family business review,Q1,7.7
family community health,Q2,1.4
family community history,Q2,0.3
family consumer sciences research journal,Q3,1.2
family court review,Q2,0.7
family journal,Q3,1.1
family medicine,Q2,2
family medicine and community health,Q1,4.5
family medicine and primary care review,Q4,0.3
family practice,Q2,1.9
family process,Q1,2.2
family relations,Q1,2
faraday discussions,Q2,3.8
farmaceuticos comunitarios,Q4,0.7
farmacia,Q4,1.6
farmacia hospitalaria,Q3,1.7
farmeconomia health economics and therapeutic pathways,Q4,<0.1
farming system,Q1,9.3
fascism,,1.5
faseb bioadvances,Q3,2.4
faseb journal,Q1,4.3
fashion and textiles,Q2,3.7
fashion practice the journal of design creative process the fashion industry,,1.1
fashion style popular culture,,0.6
fashion theory the journal of dress body culture,,0.9
fat studies an interdisciplinary journal of body weight and society,Q1,2
fatigue biomedicine health and behavior,Q4,1.4
fatigue fracture of engineering materials structures,Q2,3.2
fdmp fluid dynamics materials processing,Q4,1.3
febs journal,Q2,4.2
febs letters,Q2,3.1
febs open bio,Q3,2.7
federal reserve bank of st louis review,Q3,1
feminism psychology,Q1,2.2
feminismo s,Q4,0.3
feminist africa,Q3,0.7
feminist anthropology,Q2,1.6
feminist criminology,Q1,2
feminist economics,Q2,2
feminist german studies,Q4,<0.1
feminist legal studies,Q1,2.4
feminist media histories,Q4,0.3
feminist media studies,Q1,2.1
feminist review,Q2,1.6
feminist theology,,0.4
feminist theory,Q3,1.1
feministische studien,Q4,0.1
fems microbes,Q2,4.2
fems microbiology ecology,Q2,4.1
fems microbiology letters,Q4,2
fems microbiology reviews,Q1,16.9
fems yeast research,Q2,3.5
fennia international journal of geography,Q3,1
fermentation basel,Q2,4.1
ferroelectrics,Q4,0.7
ferroelectrics letters section,Q4,1
fertility and sterility,Q1,8.1
festival dell architettura magazine,,<0.1
fetal and pediatric pathology,Q4,0.8
fetal diagnosis and therapy,Q3,1.7
few body systems,Q3,1.2
fiber and integrated optics,Q3,1.5
fibers,Q2,4.2
fibers and polymers,Q2,3.1
fibonacci quarterly,Q4,0.2
fibre chemistry,Q4,0.2
fibres textiles in eastern europe,Q3,1
fictions studi sulla narrativita,,<0.1
fiddlehead,,0.1
field crops research,Q1,7.9
field methods,Q2,1.5
fieldwork in religion,,0.3
fiib business review,Q3,2.3
filigrane revue de psychanalyse,Q4,<0.1
film criticism,,0.2
film fashion consumption,,0.3
film history,,0.5
film international,,0.1
film philosophy,,0.6
film quarterly,,0.6
filologia mediolatina,,0.2
filologicheskie nauki nauchnye doklady vysshei shkoly philological sciences scientific essays of higher education,,0.1
filomat,Q2,1
filosofia politica,,0.1
filosofia unisinos,,0.2
filosoficky casopis,,0.2
filosofija sociologija,Q4,0.3
filosofiya philosophy,,0.1
filosofskii zhurnal,,0.2
filozofia,,0.2
filozofska istrazivanja,,0.1
filozofski vestnik,,0.1
filtration separation,Q4,<0.1
finance a uver czech journal of economics and finance,Q4,0.8
finance and stochastics,Q2,1.6
finance research letters,Q1,7.1
financial accountability management,Q2,2.3
financial analysts journal,Q2,2.2
financial and credit activity problems of theory and practice,Q4,0.6
financial history review,Q1,1.2
financial innovation,Q1,6.4
financial internet quarterly,Q4,0.6
financial management,Q1,7.5
financial markets and portfolio management,Q3,1
financial review,Q2,2.1
finanzarchiv european journal of public finance,Q4,0.3
finisterra revista portuguesa de geografia,Q4,0.6
finite elements in analysis and design,Q1,3.8
finite fields and their applications,Q1,1.3
finlay,Q4,0.1
fintech,Q1,2.8
fire and materials,Q3,2.2
fire ecology,Q1,6.7
fire safety journal,Q2,3.8
fire switzerland,Q1,3.2
fire technology,Q2,2.4
firephyschem,Q2,5.1
first language,Q1,2.2
first peoples child family review,Q1,2.3
fiscal studies,Q3,1.3
fish and fisheries,Q1,6.3
fish and shellfish immunology reports,Q1,4.6
fish pathology,Q4,0.6
fish physiology and biochemistry,Q2,3
fish shellfish immunology,Q1,4.2
fisheries,Q2,3.1
fisheries management and ecology,Q3,1.9
fisheries oceanography,Q2,2.5
fisheries research,Q2,2.6
fisheries science,Q3,1.4
fishery bulletin,Q4,0.7
fishery technology,Q4,0.3
fishes,Q1,2.9
fitoterapia,Q2,2.9
fixed point theory,Q2,1.1
fixed point theory and algorithms for sciences and engineering,Q2,1.5
flatchem,Q2,5.7
flavour and fragrance journal,Q3,2.5
fleischwirtschaft,Q4,0.5
flexible and printed electronics,Q2,2.9
flexible services and manufacturing journal,Q2,3.5
flora,Q2,2.2
flora infeksiyon hastaliklari ve klinik mikrobiyoloji dergisi,Q4,0.2
florence nightingale journal of nursing,Q3,1.5
floresta e ambiente,Q4,0.8
florida entomologist,Q2,1.5
flow,Q3,2.1
flow measurement and instrumentation,Q2,3.3
flow turbulence and combustion,Q3,2.2
fluctuation and noise letters,Q4,0.9
flugmedizin tropenmedizin reisemedizin,Q4,0.2
fluid dynamics,Q4,0.7
fluid dynamics research,Q4,1
fluid phase equilibria,Q2,2.7
fluids,Q3,2.1
fluids and barriers of the cns,Q1,7.2
fluminensia,,0.1
fluoride,Q4,0.8
fly,Q4,1.4
fme transactions,Q3,1.6
focaal journal of global and historical anthropology,Q1,2.3
focus on autism and other developmental disabilities,Q4,1
focus on health professional education a multidisciplinary journal,Q3,1
folia biologica,Q3,1.8
folia biologica krakow,Q4,0.9
folia geobotanica,Q3,1.4
folia geographica,Q1,3.3
folia histochemica et cytobiologica,Q4,1.9
folia horticulturae,Q2,2
folia linguistica,Q3,0.6
folia linguistica et litteraria,,0.1
folia malacologica,Q4,0.6
folia microbiologica,Q3,3.1
folia morphologica,Q3,1.4
folia neuropathologica,Q3,1.6
folia oecologica,Q3,1.6
folia parasitologica,Q3,2
folia phoniatrica et logopaedica,Q3,1.2
folia primatologica,Q4,0.7
folk life journal of ethnological studies,,0.8
folk music journal,,<0.1
folklor edebiyat folklore literature,,0.1
folklore,,0.4
folklore electronic journal of folklore,,0.2
fontes artis musicae,,0.5
fontes linguae vasconum,Q3,0.5
food additives and contaminants part a chemistry analysis control exposure risk assessment,Q3,2.5
food additives contaminants part b surveillance,Q2,2.6
food analytical methods,Q3,3
food and agricultural immunology,Q2,3.7
food and bioprocess technology,Q1,5.6
food and bioproducts processing,Q2,4.7
food and chemical toxicology,Q2,3.2
food and energy security,Q1,4.6
food and environmental virology,Q3,2.4
food and foodways,Q2,1
food and humanity,Q2,3.5
food and nutrition bulletin,Q3,2.3
food and waterborne parasitology,Q1,2.6
food bioengineering,Q1,5.5
food biophysics,Q2,3.9
food bioscience,Q1,6.2
food biotechnology,Q3,1.9
food chemistry,Q1,10.4
food chemistry molecular sciences,Q2,4.8
food chemistry x,Q1,9.2
food control,Q1,7
food culture society,Q3,1.4
food engineering reviews,Q1,13.5
food frontiers,Q1,6.3
food function,Q1,6.3
food hydrocolloids,Q1,13.8
food hydrocolloids for health,Q1,5.4
food innovation and advances,Q2,5.4
food microbiology,Q1,5.4
food nutrition research,Q2,4.5
food packaging and shelf life,Q1,10.8
food physics,Q1,7.5
food policy,Q1,6.8
food production processing and nutrition,Q1,6.3
food quality and preference,Q1,5.9
food quality and safety,Q2,4.9
food research international,Q1,8.8
food reviews international,Q1,6.8
food safety and health,Q1,5.5
food science and biotechnology,Q2,3.9
food science and human wellness,Q1,7.3
food science and technology international,Q3,1.8
food science and technology research,Q4,0.7
food science nutrition,Q2,5
food science of animal resources,Q2,4.9
food security,Q2,4.5
food structure netherlands,Q1,7.1
food technology and biotechnology,Q3,2.9
food webs,Q3,1.7
foodborne pathogens and disease,Q3,2.3
foods,Q1,6
foods and raw materials,Q3,2.5
foot and ankle clinics,Q3,1.6
foot and ankle surgery,Q2,2.4
foot ankle international,Q2,2.3
foot ankle specialist,Q3,1.7
footwear science,Q2,3
forces in mechanics,Q1,4.3
fordham law review,Q2,1.2
forecasting,Q1,4.2
foregut the journal of the american foregut society,Q4,0.5
foreign affairs,Q1,4.7
foreign language annals,Q2,2
foreign policy analysis,Q2,2
foreign trade review,Q3,1.2
forensic chemistry,Q3,2.9
forensic imaging,Q4,0.9
forensic science international,Q1,2.6
forensic science international digital investigation,Q3,3.1
forensic science international genetics,Q1,3.6
forensic science international synergy,Q1,3.2
forensic science medicine and pathology,Q3,1.6
forensic sciences,Q3,1.5
forensic sciences research,Q2,2.1
forensic toxicology,Q4,2.1
forensische psychiatrie psychologie kriminologie,Q4,1
foresight,Q3,2.4
foresight and sti governance,Q3,1.1
forest and society,Q2,1.9
forest ecology and management,Q1,4.2
forest ecosystems,Q1,5.4
forest pathology,Q3,1.3
forest policy and economics,Q1,4.6
forest products journal,Q2,1.7
forest science,Q2,2.2
forest science and technology,Q2,2.5
forest systems,Q3,1.3
forestist,Q3,1.1
forestry,Q1,4.4
forestry chronicle,Q3,1.6
forestry research,Q1,4.8
forests,Q2,3.1
forests trees and livelihoods,Q3,1.5
forma y funcion,Q4,0.3
formal aspects of computing,Q4,1.1
formal methods in system design,Q3,1
formalized mathematics,Q3,0.7
formath,Q4,0.4
formosan journal of surgery,Q4,0.6
fornvannen journal of swedish antiquarian research,Q2,0.4
foro de educacion,Q4,0.5
foro de profesores de e le,Q4,<0.1
foro educacional,Q4,0.1
foro internacional,Q4,0.3
foro revista de ciencias juridicas y sociales nuevaepoca,Q4,0.1
forschung im ingenieurwesen engineering research,Q2,1.8
fortschritte der neurologie psychiatrie,Q4,0.5
fortschritte der physik progress of physics,Q1,5.4
forum a journal of applied research in contemporary politics,Q3,1.1
forum der psychoanalyse,Q3,0.3
forum for development studies,Q4,1.2
forum for modern language studies,,0.3
forum for social economics,Q3,0.9
forum for world literature studies,,0.1
forum italicum,,0.2
forum mathematicum,Q2,1
forum of mathematics pi,Q1,2.6
forum of mathematics sigma,Q1,1.3
forum revue internationale d interpretation et de traduction international journal of interpretation and translation,,0.5
fossil record,Q1,2
fotocinema revista cientifica de cine y fotografia,,0.3
fottea,Q3,1.9
foundation review,Q3,0.6
foundations and trends in communications and information theory,Q2,3.9
foundations and trends in computer graphics and vision,Q1,14.7
foundations and trends in databases,Q3,1.9
foundations and trends in electronic design automation,Q4,1.3
foundations and trends in entrepreneurship,Q2,4.5
foundations and trends in information retrieval,Q2,4.4
foundations and trends in machine learning,Q1,36.6
foundations and trends in marketing,Q4,1
foundations and trends in networking,Q2,3.3
foundations and trends in programming languages,Q4,<0.1
foundations and trends in signal processing,Q1,5.9
foundations and trends in systems and control,Q4,1.4
foundations and trends in theoretical computer science,Q2,2
foundations of chemistry,Q2,0.9
foundations of computational mathematics,Q1,2.7
foundations of computing and decision sciences,Q4,0.9
foundations of data science,Q2,1.7
foundations of management,Q4,0.5
foundations of physics,Q3,1.1
foundations of science,Q1,1.2
fourrages,Q4,0.2
fourth genre explorations in nonfiction,,<0.1
fractal and fractional,Q1,3.5
fractals complex geometry patterns and scaling in nature and society,Q1,2.9
fractional calculus and applied analysis,Q1,3.1
fragmenta entomologica,Q3,0.8
fragmentos de filosofia,,0.1
framework the journal of cinema and media,,0.5
francais moderne,,<0.1
francofonia studi e ricerche sulle letterature di lingua francese,,<0.1
frantsuzskii ezhegodnik annuaire d etudes francaises,Q3,0.2
frattura ed integrita strutturale fracture and structural integrity,Q3,2
free radical biology and medicine,Q1,8
free radical research,Q3,3.1
french colonial history,Q4,<0.1
french cultural studies,Q2,0.7
french forum,,<0.1
french historical studies,Q1,0.5
french history,Q2,0.4
french journal of urology,Q4,1.2
french politics,Q3,1
french review,,0.1
french screen studies,,0.4
french studies,,0.3
french studies bulletin,,0.2
french studies in southern africa,,<0.1
french ukrainian journal of chemistry,Q4,0.4
frequenz,Q4,0.9
freshwater biology,Q1,2.6
freshwater crayfish,Q4,0.2
freshwater science,Q3,1.4
friction,Q1,8.1
fronteras de la historia,Q3,0.2
frontiers a journal of women studies,Q4,0.4
frontiers in aging,Q2,4.9
frontiers in aging neuroscience,Q1,5.2
frontiers in agronomy,Q1,4.2
frontiers in allergy,Q2,3.4
frontiers in analytical science,Q3,2.5
frontiers in animal science,Q1,2.8
frontiers in antibiotics,Q2,3.9
frontiers in applied mathematics and statistics,Q2,2
frontiers in artificial intelligence,Q1,6.7
frontiers in astronomy and space sciences,Q2,2.4
frontiers in behavioral neuroscience,Q1,3.4
frontiers in big data,Q1,3.8
frontiers in bioengineering and biotechnology,Q1,5.8
frontiers in bioinformatics,Q1,3.6
frontiers in bioscience landmark,Q2,4.1
frontiers in blockchain,Q3,3.1
frontiers in built environment,Q2,3
frontiers in cardiovascular medicine,Q2,3
frontiers in cell and developmental biology,Q1,5.3
frontiers in cellular and infection microbiology,Q1,5.5
frontiers in cellular neuroscience,Q2,4.4
frontiers in chemical engineering,Q2,4
frontiers in chemistry,Q2,5.3
frontiers in child and adolescent psychiatry,Q3,1.5
frontiers in climate,Q2,3.9
frontiers in clinical diabetes and healthcare,Q2,3.5
frontiers in cognition,Q2,2.6
frontiers in communication,Q2,2
frontiers in communications and networks,Q3,2.7
frontiers in computational neuroscience,Q1,3.3
frontiers in computer science,Q3,3.4
frontiers in conservation science,Q2,2.6
frontiers in dementia,Q3,2.7
frontiers in dental medicine,Q2,2.7
frontiers in digital health,Q1,5.2
frontiers in drug delivery,Q2,4.4
frontiers in drug discovery,Q1,5.8
frontiers in earth science,Q3,2.3
frontiers in ecology and evolution,Q2,3.2
frontiers in ecology and the environment,Q1,6.5
frontiers in education,Q1,2.6
frontiers in electronics,Q3,1.8
frontiers in emergency medicine,Q3,1
frontiers in endocrinology,Q1,5.7
frontiers in energy,Q1,8.1
frontiers in environmental archaeology,Q3,2.1
frontiers in environmental chemistry,Q2,4.7
frontiers in environmental economics,Q2,2.6
frontiers in environmental science,Q2,4.4
frontiers in epidemiology,Q2,2.9
frontiers in food science and technology,Q2,3.8
frontiers in forests and global change,Q1,4.3
frontiers in fungal biology,Q1,4.3
frontiers in future transportation,Q3,1.9
frontiers in gastroenterology,Q4,1.2
frontiers in genetics,Q2,3
frontiers in genome editing,Q1,5.9
frontiers in global womens health,Q1,2.5
frontiers in health services,Q2,2.6
frontiers in heat and mass transfer,Q2,2.5
frontiers in hematology,Q4,1.2
frontiers in horticulture,Q2,3
frontiers in human dynamics,Q1,2.8
frontiers in human neuroscience,Q1,3.6
frontiers in immunology,Q1,7
frontiers in insect science,Q1,3.7
frontiers in integrative neuroscience,Q1,3
frontiers in language sciences,Q2,1.4
frontiers in marine science,Q1,3.4
frontiers in materials,Q3,3.5
frontiers in mechanical engineering switzerland,Q2,3.3
frontiers in medical technology,Q2,4.6
frontiers in medicine,Q1,3.6
frontiers in microbiology,Q1,5.8
frontiers in microbiomes,Q3,3
frontiers in molecular biosciences,Q2,4.4
frontiers in molecular neuroscience,Q2,4.4
frontiers in nanotechnology,Q2,5.8
frontiers in nephrology,Q2,2.9
frontiers in network physiology,Q2,3.1
frontiers in neural circuits,Q3,2.9
frontiers in neuroanatomy,Q1,2.4
frontiers in neuroendocrinology,Q1,7
frontiers in neuroergonomics,Q2,3.1
frontiers in neuroimaging,Q3,2.5
frontiers in neuroinformatics,Q2,2.9
frontiers in neurology,Q2,3.3
frontiers in neurorobotics,Q2,3.5
frontiers in neuroscience,Q2,4
frontiers in nuclear engineering,Q2,1.9
frontiers in nuclear medicine,Q2,2.5
frontiers in nutrition,Q1,5.5
frontiers in oncology,Q2,3.4
frontiers in ophthalmology,Q2,2.4
frontiers in oral health,Q1,3.4
frontiers in pain research,Q2,3.5
frontiers in parasitology,Q2,2.1
frontiers in pediatrics,Q2,2.2
frontiers in pharmacology,Q1,5.4
frontiers in photonics,Q3,1.9
frontiers in physics,Q2,2.2
frontiers in physiology,Q1,4.3
frontiers in plant science,Q1,5.9
frontiers in political science,Q2,2
frontiers in psychiatry,Q2,3.8
frontiers in psychology,Q1,3.8
frontiers in public health,Q1,4.1
frontiers in radiology,Q1,4
frontiers in rehabilitation sciences,Q1,2.5
frontiers in remote sensing,Q2,3.5
frontiers in reproductive health,Q2,3.1
frontiers in research metrics and analytics,Q2,3.1
frontiers in robotics and ai,Q2,3.7
frontiers in signal processing,Q3,2.6
frontiers in sleep,Q3,2
frontiers in sociology,Q2,2.3
frontiers in soil science,Q1,6
frontiers in space technologies,Q2,2.4
frontiers in sports and active living,Q2,3
frontiers in stroke,Q4,1.2
frontiers in surgery,Q2,1.9
frontiers in sustainability,Q2,4.2
frontiers in sustainable cities,Q1,3.3
frontiers in sustainable food systems,Q2,4.1
frontiers in sustainable tourism,Q3,1.7
frontiers in synaptic neuroscience,Q1,6.9
frontiers in systems biology,Q2,2.6
frontiers in systems neuroscience,Q2,3.6
frontiers in toxicology,Q1,5.1
frontiers in transplantation,Q3,2.1
frontiers in urology,Q3,1.7
frontiers in veterinary science,Q1,3.1
frontiers in virology,Q3,2.3
frontiers in virtual reality,Q2,3.9
frontiers in water,Q2,3.7
frontiers in zoology,Q1,2.8
frontiers of agricultural science and engineering,Q1,3.4
frontiers of architectural research,,4.4
frontiers of biogeography,Q3,2.4
frontiers of business research in china,Q4,0.5
frontiers of chemical science and engineering,Q2,4.2
frontiers of computer science,Q1,7.3
frontiers of earth science,Q3,1.6
frontiers of education in china,Q3,0.7
frontiers of engineering management,Q1,9.8
frontiers of environmental science engineering,Q1,7.1
frontiers of history in china,Q3,0.1
frontiers of law in china,Q4,0.1
frontiers of literary studies in china,,<0.1
frontiers of materials science,Q3,2.3
frontiers of mathematics,Q3,0.7
frontiers of mechanical engineering,Q1,5
frontiers of narrative studies,,0.6
frontiers of optoelectronics,Q2,4.2
frontiers of oral and maxillofacial medicine,Q4,1.1
frontiers of philosophy in china,,0.1
frontiers of physics,Q1,6.6
frontiers of structural and civil engineering,Q2,3.2
frontline gastroenterology,Q2,2.8
fruhe bildung,Q4,0.5
fruit research,Q2,2.9
fudan journal of the humanities and social sciences,Q2,1.5
fuel,Q1,7.8
fuel cells,Q3,3.1
fuel processing technology,Q1,7.8
fuels,Q2,4
fuentes el reventon energetico,Q4,0.1
fukushima journal of medical science,Q3,0.9
fullerenes nanotubes and carbon nanostructures,Q3,2.2
function,Q1,5
functional analysis and its applications,Q3,0.7
functional composites and structures,Q2,3.5
functional diamond,Q2,5.6
functional ecology,Q1,5.5
functional foods in health and disease,Q4,1.5
functional integrative genomics,Q2,4
functional materials,Q4,0.7
functional materials letters,Q4,1
functional plant biology,Q2,2.9
functiones et approximatio commentarii mathematici,Q4,0.4
functions of language,Q3,0.8
fundamenta mathematicae,Q3,0.6
fundamental and applied limnology,Q4,0.4
fundamental clinical pharmacology,Q3,2.7
fundamental plasma physics,Q3,1.5
fundamental research,Q1,7
fungal biology,Q3,2.9
fungal biology reviews,Q1,4.1
fungal diversity,Q1,27
fungal ecology,Q2,3.5
fungal genetics and biology,Q2,3
funkcialaj ekvacioj serio internacia,Q4,0.4
fusion engineering and design,Q2,1.9
fusion science and technology,Q3,1.2
future anterior,,0.1
future business journal,Q2,3.7
future cardiology,Q4,1.1
future foods,Q1,6.6
future generation computer systems the international journal of escience,Q1,5.9
future internet,Q2,4.6
future journal of pharmaceutical sciences,Q2,4.5
future medicinal chemistry,Q3,3.3
future microbiology,Q3,2.5
future neurology,Q4,0.5
future oncology,Q2,3.1
future pharmacology,Q3,2.7
future science oa,Q3,2.5
future transportation,Q3,2.5
future virology,Q4,1
futures,Q1,3.9
futuro del pasado revista electronica de historia,Q2,0.4
fuzzy information and engineering,Q3,1
fuzzy optimization and decision making,Q1,6.7
fuzzy sets and systems,Q1,3.1
fwu journal of social sciences,Q3,0.9
g3 genes genomes genetics,Q3,2.4
gabi journal generics and biosimilars initiative journal,Q4,0.3
gaceta medica de mexico,Q2,1.3
gaceta mexicana de oncologia,Q4,0.2
gaceta sanitaria,Q3,1.5
gadjah mada international journal of business,Q3,1.9
gaia ecological perspectives for science and society,Q3,2.4
gait posture,Q2,2.7
galactica media journal of media studies galaktika media zhurnal media issledovanij,Q4,0.5
galaxies,Q2,4
galen medical journal,Q4,0.7
galicia clinica,Q4,<0.1
galician medical journal,Q3,0.5
galilaeana studies in renaissance and early modern science,Q4,0.1
gallerie e grandi opere sotterranee,Q4,<0.1
games,Q4,0.7
games and culture,Q1,2.1
games and economic behavior,Q3,1.1
games for health journal,Q1,3.1
gaming law review economics regulation compliance and policy,Q2,0.6
gas science and engineering,Q1,6.8
gastric cancer,Q1,6.1
gastro hep advances,Q2,3.3
gastroenterologia y hepatologia,Q3,2
gastroenterologie,Q4,0.2
gastroenterology,Q1,29.7
gastroenterology clinics of north america,Q2,3.7
gastroenterology endoscopy,Q3,2
gastroenterology insights,Q4,1.6
gastroenterology nursing,Q4,1
gastroenterology report,Q2,4
gastroenterology research,Q3,2.5
gastroenterology research and practice,Q4,1.6
gastroenterology review przeglad gastroenterologiczny,Q3,2.2
gastrointestinal disorders,Q3,1.9
gastrointestinal endoscopy,Q1,8
gastrointestinal tumors,Q4,1.1
gateways international journal of community research and engagement,Q4,0.4
gayana,Q4,0.6
gayana botanica,Q4,0.6
gazeta de antropologia,Q4,0.2
gazi akademik bakis gazi academic view,,0.1
gazi medical journal,Q4,0.2
gazi university journal of science,Q3,1.1
ge conservacion,,0.3
ge portuguese journal of gastroenterology,Q4,0.8
geam geoingegneria ambientale e mineraria geam geoengineering environment and mining,Q4,0.1
geburtshilfe und frauenheilkunde,Q2,2.6
gecontec revista internacional de gestion del conocimiento y la tecnologia,Q4,0.6
gedrag organisatie,Q4,0.2
gefahrstoffe reinhaltung der luft,Q4,<0.1
gefasschirurgie,Q4,0.3
gels,Q1,6.4
gem international journal on geomathematics,Q3,1.3
gema online journal of language studies,,0.7
gematologiya i transfuziologiya,Q4,0.2
gems gemology,Q2,2.4
gen biotechnology,Q3,2.1
gender and education,Q2,2.3
gender and history,Q1,0.8
gender and language,Q2,1.3
gender in management,Q1,2.9
gender issues,Q2,2.2
gender place and culture,Q2,1.5
gender society,Q1,4
gender technology development,Q2,1.5
gender work and organization,Q1,3.3
gene,Q2,2.7
gene expression patterns,Q4,1.4
gene reports,Q4,1.2
gene therapy,Q1,5.9
genealogy,Q3,0.7
general and comparative endocrinology,Q1,2.1
general hospital psychiatry,Q1,4.4
general physiology and biophysics,Q4,1.5
general psychiatry,Q1,9.9
general relativity and gravitation,Q2,3
general thoracic and cardiovascular surgery,Q3,1.5
general thoracic and cardiovascular surgery cases,Q4,0.4
generations,Q4,0.5
genes,Q2,3.1
genes and environment,Q3,2
genes and immunity,Q1,4.2
genes and nutrition,Q2,2.8
genes brain and behavior,Q2,2.4
genes chromosomes cancer,Q3,2.3
genes development,Q1,7.4
genes diseases,Q1,14.6
genes genetic systems,Q4,0.9
genes genomics,Q3,2
genes to cells,Q4,1.4
genesis,Q2,2.8
genetic epidemiology,Q1,3.4
genetic programming and evolvable machines,Q2,1.9
genetic resources and crop evolution,Q2,1.9
genetic testing and molecular biomarkers,Q4,1.2
genetica,Q3,2
genetics,Q1,6.5
genetics and molecular biology,Q4,1.7
genetics and molecular research,Q4,0.4
genetics in medicine,Q1,6.2
genetics research,Q3,1.9
genetics selection evolution,Q1,4.4
geneva papers on risk and insurance issues and practice,Q3,1.3
geneva risk and insurance review,Q3,1.1
genocide studies international,Q4,0.4
genome,Q3,1.9
genome biology,Q1,9.2
genome biology and evolution,Q2,3.3
genome medicine,Q1,10.8
genome research,Q1,6.3
genomics,Q2,3.6
genomics proteomics bioinformatics,Q1,7.2
genre sexualite societe,Q4,0.1
genus,Q1,3
geo geography and environment,Q1,3.9
geo marine letters,Q3,1.4
geo spatial information science,Q1,5.4
geo uerj,Q4,0.1
geoambiente on line,Q4,0.2
geoarchaeology an international journal,Q3,1.6
geobiology,Q2,2.7
geobios,Q2,1.5
geocarto international,Q2,3.9
geochemical journal,Q3,1.3
geochemical perspectives,Q1,4.8
geochemical perspectives letters,Q1,4.3
geochemistry,Q2,3
geochemistry exploration environment analysis,Q3,1.8
geochemistry geophysics geosystems,Q2,3.3
geochemistry international,Q4,0.9
geochimica et cosmochimica acta,Q1,5.2
geochronology,Q2,3.1
geochronometria,Q4,1
geoconservation research,Q3,0.8
geoderma,Q1,7.9
geoderma regional,Q2,3.9
geodesy and geodynamics,Q2,3
geodetski list,Q4,0.1
geodetski vestnik,Q4,0.5
geodiversitas,Q2,1.5
geodynamics,Q4,0.8
geodynamics tectonophysics,Q4,0.7
geoenergy science and engineering,Q2,4.4
geoenvironmental disasters,Q1,4.3
geofisica internacional,Q4,0.7
geofizicheskiy zhurnal geophysical journal,Q4,1.1
geofizika,Q3,1.5
geofluids,Q2,1.3
geofocus revista internacional de ciencia y tecnologia de la informacion geografica,Q4,0.5
geoforum,Q1,3.5
geogaceta,Q4,0.4
geografares,Q4,0.2
geografia fisica e dinamica quaternaria,Q4,0.7
geografia malaysian journal of society space,Q3,0.6
geograficando,Q4,0.2
geograficidade,Q4,<0.1
geograficky casopis geographical journal,Q3,0.9
geografie,Q3,0.9
geografisk tidsskrift danish journal of geography,Q3,0.9
geografiska annaler series a physical geography,Q3,0.8
geografiska annaler series b human geography,Q2,1.8
geographia cassoviensis,Q3,0.8
geographia polonica,Q3,0.8
geographia technica,Q4,0.8
geographia uff,Q4,0.1
geographica pannonica,Q2,1.6
geographical analysis,Q2,2.4
geographical journal,Q1,3.1
geographical research,Q1,3.3
geographical review,Q2,1.4
geographical review of japan series b,Q4,0.1
geographies,Q2,2.3
geography,Q2,2.1
geography and natural resources,Q4,0.3
geography and sustainability,Q1,9.8
geography compass,Q1,4.3
geohazards,Q3,2.3
geohealth,Q1,5
geoheritage,Q2,2.6
geohumanities,Q2,1.4
geoinformatica,Q2,2.5
geojournal,Q2,2.2
geologia croatica,Q2,1.3
geologica acta,Q2,1.5
geologica belgica,Q2,1.7
geologica carpathica,Q2,1.2
geological field trips and maps,Q3,0.8
geological journal,Q2,2.6
geological magazine,Q3,2
geological quarterly,Q2,1.1
geological society of america bulletin,Q2,3.6
geologos,Q3,1
geology,Q1,4.6
geology geophysics and environment,Q4,0.8
geology of ore deposits,Q3,0.8
geomagnetism and aeronomy,Q4,0.5
geomatics,Q2,3.7
geomatics and environmental engineering,Q4,1.1
geomatics natural hazards risk,Q1,4.9
geomatik,Q3,1.9
geomechanics and engineering,Q3,2.2
geomechanics and geoengineering an international journal,Q3,1.8
geomechanics and geophysics for geo energy and geo resources,Q1,5.7
geomechanics for energy and the environment,Q1,4.8
geomedia,Q4,0.1
geometriae dedicata,Q3,0.5
geometric and functional analysis,Q1,2.2
geometry topology,Q1,2.4
geomicrobiology journal,Q2,2.5
geomorphologie relief processus environnement,Q4,0.2
geomorphology,Q2,3.2
geopersia,Q4,0.7
geophysical and astrophysical fluid dynamics,Q3,1.4
geophysical journal international,Q2,2.8
geophysical prospecting,Q3,1.7
geophysical research letters,Q1,5
geophysics,Q1,3.6
geophysics and geophysical exploration,Q4,0.2
geopoliticas revista de estudios sobre espacio y poder,Q4,0.1
geopolitics,Q1,3.8
georesursy,Q4,0.6
george eliot george henry lewes studies,,<0.1
george washington law review,Q2,1.3
georgetown law journal,Q1,1.7
georgian mathematical journal,Q2,0.9
georisk assessment and management of risk for engineered systems and geohazards,Q1,5.3
geosaberes,Q4,0.1
geoscape,Q3,0.8
geoscience canada,Q4,1.1
geoscience communication,Q2,1.9
geoscience data journal,Q2,2.8
geoscience frontiers,Q1,12.7
geoscience letters,Q2,3.9
geosciences,Q3,2.3
geosciences journal,Q3,1.5
geoscientific instrumentation methods and data systems,Q3,2
geoscientific model development,Q1,4.9
geosfernye issledovaniya geosphere research,Q4,0.3
geospatial health,Q3,1.5
geosphere,Q3,1.5
geostandards and geoanalytical research,Q2,2.8
geosynthetics international,Q2,2.7
geosystem engineering,Q4,0.9
geotechnical and geological engineering,Q2,3.2
geotechnical engineering,Q4,0.8
geotechnical research,Q3,2
geotechnical testing journal,Q3,1.8
geotechnics,Q2,2.6
geotechnik,Q4,0.3
geotechnique,Q1,5.7
geotechnique letters,Q3,1.9
geotectonics,Q4,1
geotextiles and geomembranes,Q1,5
geothermal energy,Q1,4.7
geothermics,Q1,4.6
geriatric nursing,Q1,2.9
geriatric orthopaedic surgery rehabilitation,Q2,1.8
geriatrics,Q3,2.4
geriatrics gerontology international,Q2,2.7
geriatrie et psychologie neuropsychiatrie du vieillissement,Q4,0.3
gerion revista de historia antigua,Q3,0.1
german economic review,Q3,1.1
german history,Q1,0.7
german journal of agricultural economics,Q3,1.6
german journal of exercise and sport research,Q3,1.8
german journal of human resource management zeitschrift fur personalforschung,Q1,3.7
german journal of veterinary research,Q2,1.5
german law journal,Q1,1.8
german life and letters,,0.2
german politics,Q2,1.7
german politics and society,Q3,0.4
german quarterly,,0.1
german studies review,Q4,0.3
germanic review,,0.2
germanisch romanische monatsschrift,,<0.1
germanoslavica zeitschrift fur germano slawische studien,,<0.1
germs,Q3,1.8
gerodontology,Q3,1.6
gerontologist,Q1,3.9
gerontology,Q3,3.1
gerontology and geriatric medicine,Q3,2.1
gerontology geriatrics education,Q2,1.6
geropsych the journal of gerontopsychology and geriatric psychiatry,Q4,1.4
geroscience,Q1,6
geschichte und gesellschaft,Q3,0.2
gesta international center of medieval art,,0.5
gestao e desenvolvimento,Q4,0.5
gestion y analisis de politicas publicas,Q4,0.2
gestion y politica publica,Q4,0.5
gesture,Q3,1
gesunde pflanzen,Q2,2.8
gesundheitsoekonomie und qualitaetsmanagement,Q4,0.2
gesundheitswesen,Q4,1.1
getmobile mobile computing communications review,Q1,8.9
getty research journal,,0.1
geus bulletin,Q3,0.9
gff,Q4,0.6
ghana social science journal,Q3,0.6
giant,Q1,6.1
gifted child quarterly,Q1,3.7
gigabyte,Q2,1.6
gigascience,Q1,5
gim international the worldwide magazine for geomatics,Q4,0.1
ginekologia polska,Q3,1.6
gio gruppe interaktion organisation zeitschrift fuer angewandte organisationspsychologie,Q4,0.9
giornale critico della filosofia italiana,,<0.1
giornale di chirurgia,Q4,0.2
giornale italiano di cardiologia,Q3,1.5
giornale italiano di endodonzia,Q4,0.7
giornale storico della letteratura italiana,,0.1
girlhood studies an interdisciplinary journal,Q3,0.5
giscience remote sensing,Q1,6.8
gist education and learning research journal,Q4,0.1
gladius,Q2,0.4
gland surgery,Q2,1.9
glasgow mathematical journal,Q4,0.3
glasnik hemicara i tehnologa bosne i hercegovine,Q4,0.3
glasnik matematicki,Q4,0.4
glass and ceramics,Q4,0.6
glass physics and chemistry,Q4,0.7
glass structures engineering,Q3,1.6
glass technology european journal of glass science and technology part a,Q4,0.4
glia,Q1,5.5
global advances in integrative medicine and health,Q2,2.1
global and planetary change,Q1,4.7
global biogeochemical cycles,Q1,6.9
global business and economics review,Q4,0.6
global business review,Q3,2
global challenges,Q1,7.4
global change biology,Q1,12.5
global change biology bioenergy,Q2,4.9
global change peace security,Q3,0.9
global constitutionalism,Q1,2.2
global crime,Q1,2.2
global discourse,Q3,1.1
global ecology and biogeography,Q1,6.5
global ecology and conservation,Q1,3.7
global economic review,Q2,1.7
global economy journal,Q4,0.7
global energy interconnection china,Q2,3.9
global environment,Q1,0.5
global environmental change human and policy dimensions,Q1,9.3
global environmental politics,Q1,5.2
global finance journal,Q1,5.2
global food security agriculture policy economics and environment,Q1,7.5
global governance,Q3,1.2
global health action,Q1,3.4
global health epidemiology and genomics,Q2,2.9
global health medicine,Q2,2.3
global health promotion,Q3,1.5
global health research and policy,Q1,6
global health science and practice,Q2,2.8
global heart,Q1,5.7
global intellectual history,Q1,0.6
global journal al thaqafah,,0.5
global journal of environmental science and management gjesm,Q3,2.3
global journal of medical pharmaceutical and biomedical update,Q2,1.4
global knowledge memory and communication,Q2,2.1
global labour journal,Q3,1.2
global local economic review,Q4,<0.1
global media and china,Q1,3
global media and communication,Q3,1.3
global medical genetics,Q3,2.1
global nest journal,Q4,1.7
global networks a journal of transnational affairs,Q1,2.5
global pediatric health,Q3,1.1
global perspectives,Q3,0.6
global philosophy,,0.6
global policy,Q2,2.2
global privacy law review,Q2,1.1
global public health,Q2,2.6
global public policy and governance,Q2,2.3
global qualitative nursing research,Q1,3
global regional health technology assessment,Q4,0.7
global responsibility to protect,Q2,0.8
global sixties,Q1,0.5
global social challenges journal,Q1,3.5
global social policy,Q3,1.4
global social welfare,Q3,1.1
global society,Q2,2.1
global spine journal,Q1,3.1
global strategy journal,Q2,4.5
global studies of childhood,Q2,1.4
global surgical education journal of the association for surgical education,Q3,0.8
global sustainability,Q1,8.8
global trade and customs journal,Q4,0.4
global transitions,Q1,4.2
globalisation societies and education,Q2,1.9
globalization and health,Q1,6.1
globalizations,Q1,2.7
glossa a journal of general linguistics,Q3,0.9
glotta zeitschrift fur griechische und lateinische sprache,,0.3
glottometrics,Q2,1.2
glq a journal of lesbian and gay studies,Q2,1.2
glycobiology,Q3,3.3
glycoconjugate journal,Q3,3
gm crops food biotechnology in agriculture and the food chain,Q1,4.3
gms hygiene and infection control,Q4,1.1
gms interdisciplinary plastic and reconstructive surgery dgpw,Q4,0.9
gms journal for medical education,Q2,2.3
goethe jahrbuch,,<0.1
gold bulletin,Q3,1.9
gomal journal of medical sciences,Q4,0.2
gondola ensenanza y aprendizaje de las ciencias,Q4,<0.1
gondwana research,Q1,8.9
gorteria,Q4,0.3
gospodarka narodowa the polish journal of economics,Q4,0.5
gospodarka surowcami mineralnymi mineral resources management,Q4,0.9
gosudarstvo religiya tserkov v rossii i za rubezhom,,0.1
gothic studies,,0.1
governance an international journal of policy administration and institutions,Q1,4
government and opposition,Q1,3.8
government information quarterly,Q1,10.8
goya,,<0.1
gps solutions,Q1,5.4
gradevinar,Q4,0.7
gradevnski materijiali i konstrukcije building materials and structures,Q4,0.7
gradiva,,0.1
graefes archive for clinical and experimental ophthalmology,Q2,2.8
grafica journal of graphic design,,0.4
gragoata uff,,0.1
grain oil science and technology,Q1,8.2
gran tour,Q4,0.1
grana,Q3,1.1
granja revista de ciencias de la vida,Q4,0.9
granular matter,Q2,3
graphical models,Q3,1.8
graphs and combinatorics,Q3,0.7
grasas y aceites,Q4,1.2
grass and forage science,Q2,2.6
grass research,Q2,2.9
grassland research,Q2,2.8
grassland science,Q3,1.2
gravitation cosmology,Q3,2.1
grazer philosophische studien international journal for analytic philosophy,,0.2
great plains quarterly,,<0.1
greece rome,,0.2
greek roman and byzantine studies,,0.2
green analytical chemistry,Q1,7.6
green carbon,Q1,14.2
green chemical engineering,Q1,11.9
green chemistry,Q1,10.6
green chemistry letters and reviews,Q1,7.8
green energy and intelligent transportation,Q1,21.5
green energy and resources,Q1,11.5
green energy environment,Q1,16.7
green finance,Q2,3.4
green materials,Q3,1.9
green processing and synthesis,Q2,3.6
green sciences,,N/A
green synthesis and catalysis,Q1,7
green technologies and sustainability,Q1,12.2
greenhouse gases science and technology,Q3,3.2
grey room,,0.7
grey systems theory and application,Q1,4.6
griffith law review,Q2,1.1
griot revista de filosofia,,0.1
gripla,,0.3
grotiana,,1.4
ground water monitoring and remediation,Q4,1.8
grounded theory review,Q4,0.4
groundwater,Q2,2.6
groundwater for sustainable development,Q1,5.8
group decision and negotiation,Q1,2.8
group dynamics theory research and practice,Q4,1
group organization management,Q2,3.6
group processes intergroup relations,Q2,3
groups complexity cryptology,Q4,0.3
groups geometry and dynamics,Q2,1.1
growth and change,Q2,2.2
growth factors,Q4,1.9
growth hormone igf research,Q4,2
grundwasser,Q4,1.2
gruppenpsychotherapie und gruppendynamik,Q4,0.2
guerres mondiales et conflits contemporains,Q4,<0.1
guidance navigation and control,Q3,1.5
guiniguada,Q4,0.2
gulf and caribbean research,Q4,0.4
guncel pediatri journal of current pediatrics,Q4,0.4
gurukul business review gbr,Q4,0.1
gut,Q1,24.6
gut and liver,Q2,4.1
gut microbes,Q1,15.3
gut pathogens,Q1,5
gymnasium,,0.2
gynakologie,Q4,0.1
gynakologische endokrinologie,Q4,0.1
gynecologic and obstetric investigation,Q2,2.7
gynecologic oncology,Q1,4.5
gynecologic oncology reports,Q3,1.5
gynecological endocrinology,Q2,3
gynecologie obstetrique fertilite senologie,Q4,1
gynecology and minimally invasive therapy gmit,Q2,2.1
gynecology and pelvic medicine,Q4,0.4
h ermes journal of communication,Q4,0.1
h2open journal,Q3,2.5
habis,,0.1
habitat international,Q1,8.5
habitat y sociedad,Q4,0.1
hacettepe journal of mathematics and statistics,Q2,1.1
hacettepe universitesi egitim fakultesi dergisi hacettepe university journal of education,Q4,0.5
hachetetepe revista cientifica de educacion y comunicacion,Q4,0.4
hacienda publica espanola review of public economics,Q4,0.6
hacquetia,Q3,1.1
haematologica,Q1,8.2
haemophilia,Q2,3
hagiographica,,<0.1
hague journal of diplomacy,Q3,1.3
hague journal on the rule of law,Q1,1.6
hahr hispanic american historical review,Q1,0.9
haide,,0.1
hallazgos revista de investigaciones,Q4,0.2
hamostaseologie,Q2,2.4
hand american association for hand surgery,Q3,1.3
hand clinics,Q3,1.4
hand surgery rehabilitation,Q3,1.6
hand therapy,Q2,1.7
handchirurgie mikrochirurgie plastische chirurgie,Q4,0.8
hardwarex,Q3,1.9
harm reduction journal,Q1,4.2
harmful algae,Q1,4.1
harold pinter review essays on contemporary drama,,0.1
harvard business review,Q1,6.2
harvard civil rights civil liberties law review,Q1,1.8
harvard data science review,Q1,4.8
harvard educational review,Q2,1.6
harvard environmental law review,Q2,1.1
harvard international law journal,Q1,1.8
harvard journal of asiatic studies,Q2,0.3
harvard journal of law and public policy,Q2,0.7
harvard journal on legislation,Q2,1.3
harvard law review,Q1,3
harvard review of psychiatry,Q2,2.9
harvard theological review,,0.5
haseki tip bulteni medical bulletin of haseki,Q4,0.3
haseltonia,Q4,0.3
haser revista internacional de filosofia aplicada,,0.1
hastings center report,Q1,2.7
hastings law journal,Q2,0.7
hau journal of ethnographic theory,Q3,0.8
hawwa,,0.2
he kupu,Q4,0.3
head and neck journal for the sciences and specialties of the head and neck,Q1,2.2
head face medicine,Q2,3
head neck pathology,Q3,2
headache,Q2,3.9
health,Q2,2
health affairs,Q1,6.7
health affairs scholar,Q1,4.1
health and history,Q4,0.2
health and human rights,Q2,2.2
health and quality of life outcomes,Q1,3.9
health and technology,Q3,2.6
health behavior and policy review,Q4,0.5
health care analysis,Q3,1.4
health care for women international,Q3,1.2
health care management review,Q2,2.6
health care management science,Q2,2.8
health care science,Q1,6
health communication,Q1,2.9
health data science,Q1,4.8
health economics,Q2,2
health economics policy and law,Q3,2.2
health economics review,Q1,3.4
health education,Q4,1.4
health education behavior,Q2,2.2
health education journal,Q2,1.7
health education research,Q2,1.6
health equity,Q2,2.3
health expectations,Q1,3.4
health informatics journal,Q3,2.2
health information and libraries journal,Q3,1.4
health information management journal,Q2,2.3
health information science and systems,Q2,4.4
health justice,Q1,2.8
health marketing quarterly,Q3,1.8
health physics,Q3,1.2
health place,Q1,4.2
health policy,Q1,4.7
health policy and planning,Q1,3.5
health policy and technology,Q1,3.4
health policy open,Q2,2.3
health problems of civilization,Q4,0.4
health promotion and chronic disease prevention in canada research policy and practice,Q2,2.7
health promotion international,Q1,3.6
health promotion journal of australia,Q3,2
health promotion perspectives,Q1,4.4
health promotion practice,Q3,1.5
health psychology,Q2,2.9
health psychology and behavioral medicine,Q2,2.7
health psychology open,Q3,1.9
health psychology report,Q3,1.6
health psychology research,Q2,2.3
health psychology review,Q1,9.8
health reports,Q1,3.4
health research policy and systems,Q1,3.8
health risk society,Q3,1.9
health sa gesondheid,Q4,1.3
health science reports,Q1,2.9
health scope,Q4,1.4
health security,Q4,1.3
health services and outcomes research methodology,Q3,2.2
health services insights,Q3,2.1
health services management research,Q4,1.5
health services research,Q2,3
health services research and managerial epidemiology,Q1,3.3
health social care in the community,Q1,1.8
health social work,Q2,1.5
health sociology review,Q1,3
health systems,Q3,2.2
health systems reform,Q2,2.8
health technology assessment,Q2,3.4
healthcare,Q1,3.4
healthcare in low resource settings,Q4,0.5
healthcare informatics research,Q3,3.2
healthcare management forum,Q2,2.4
healthcare technology letters,Q3,2.4
healthcare the journal of delivery science and innovation,Q4,1.7
hearing balance and communication,Q4,0.7
hearing research,Q1,3
heart,Q1,4.4
heart and mind,Q2,2.9
heart and vessels,Q3,1.5
heart failure clinics,Q4,1.3
heart failure reviews,Q1,5.3
heart international,Q2,2.4
heart lung,Q2,2.5
heart lung and circulation,Q2,2.5
heart rhythm,Q1,7
heart rhythm o2,Q2,2.8
heart surgery forum,Q4,0.7
heart views,Q4,0.5
heat and mass transfer,Q2,2.5
heat transfer,Q2,2.7
heat transfer engineering,Q3,1.9
heat transfer research,Q3,1.5
hebrew bible and ancient israel,,0.2
hec forum,Q2,1.6
hegel studien,,N/A
helicobacter,Q1,4.6
helios,,0.2
hellenic journal of cardiology,Q2,3.2
hellenic journal of nuclear medicine,Q4,0.8
helminthologia,Q3,1.1
helvetica chimica acta,Q3,1.9
hemasphere,Q1,11.3
hemato,Q4,0.7
hematological oncology,Q1,4.1
hematologie,Q4,<0.1
hematology,Q3,2
hematology american society of hematology education program,Q1,3.7
hematology oncology clinics of north america,Q2,3.1
hematology reports,Q3,1.9
hematology transfusion and cell therapy,Q3,1.5
hemijska industrija,Q4,0.9
hemodialysis international,Q3,1.4
hemoglobin,Q4,1
henry james review,,0.1
hepatic medicine evidence and research,Q3,2.5
hepatic oncology,Q4,2
hepatitis monthly,Q4,0.5
hepatobiliary pancreatic diseases international,Q2,3.9
hepatobiliary surgery and nutrition,Q1,8.1
hepatology,Q1,18
hepatology communications,Q1,6
hepatology forum,Q3,2.1
hepatology international,Q1,7.8
hepatology research,Q2,3.7
hepatoma research,Q3,1.8
herald of an archivist,Q4,<0.1
herald of the russian academy of sciences,Q3,0.4
heranca revista de historia patrimonio e cultura,,0.4
herd health environments research design journal,Q2,2.3
hereditary cancer in clinical practice,Q3,2.8
hereditas,Q2,2.6
heredity,Q2,2.6
heritage,Q2,2.6
heritage and society,,1.4
heritage language journal,Q3,0.7
heritage science,Q1,5.2
hermeneia,,<0.1
hermeneus,,0.1
hermes zeitschrift fur klassische philologie,,0.1
hernia,Q1,2.7
heroin addiction and related clinical problems,Q4,0.6
herpetologica,Q3,1.1
herpetological conservation and biology,Q4,0.6
herpetological journal,Q4,0.5
herpetological monographs,Q2,1.6
herpetozoa,Q3,1
herz,Q3,1.6
herzogia,Q4,0.9
hesperia,,0.7
hesperis tamuda,,0.1
heteroatom chemistry,Q2,3.7
heterocyclic communications,Q3,2.1
heterocyclic letters,Q4,0.1
heythrop journal,,0.2
hidrobiologica,Q4,0.3
high ability studies,Q1,2.2
high altitude medicine biology,Q3,1.3
high blood pressure cardiovascular prevention,Q2,2.9
high confidence computing,Q1,9
high energy chemistry,Q4,0.7
high energy density physics,Q4,1.4
high performance polymers,Q4,1.8
high power laser science and engineering,Q1,6.1
high pressure research,Q3,1.4
high speed railway,Q3,2.6
high temperature,Q4,0.4
high temperature corrosion of materials,Q2,2.2
high temperature material processes,Q4,0.4
high temperature materials and processes,Q4,1.8
high temperatures high pressures,Q4,0.5
high voltage,Q1,5.7
higher education,Q1,4.3
higher education policy,Q2,2.1
higher education quarterly,Q1,2.5
higher education research development,Q1,3.7
higher education skills and work based learning,Q2,2.3
highlights of sustainability,Q4,1.3
hilo de la fabula,,<0.1
himalayan geology,Q4,0.6
hip international,Q3,1.3
hiperboreea,Q3,0.1
hipertension y riesgo vascular,Q4,1.2
hipertext net,Q3,0.7
hipogrifo revista de literatura y cultura del siglo de oro,,0.6
hippocampus,Q3,2.9
hippokratia,Q4,0.4
hiroshima mathematical journal,Q3,0.6
hispamerica revista de literatura,,0.2
hispania a journal devoted to the teaching of spanish and portuguese,Q3,0.8
hispania nova,Q3,0.2
hispania revista espanola de historia,Q2,0.4
hispania sacra,Q3,0.2
hispanic health care international,Q4,1.3
hispanic journal of behavioral sciences,Q4,0.8
hispanic research journal iberian and latin american studies,,<0.1
hispanic review,,0.1
hispanofila,,0.1
histochemistry and cell biology,Q1,2.9
histoire sociale social history,Q2,0.3
histology and histopathology,Q2,2.2
histopathology,Q1,3.8
historelo revista de historia regional y local,Q3,0.2
historia,Q3,0.1
historia 396,Q3,0.2
historia actual online,Q2,0.3
historia agraria,Q1,0.9
historia caribe,Q3,0.1
historia ciencias saude manguinhos,Q3,0.5
historia constitucional,Q1,0.6
historia contemporanea,Q3,0.1
historia critica,Q2,0.4
historia da historiografia,Q3,0.2
historia e cultura,Q4,<0.1
historia historias,Q4,<0.1
historia instituciones documentos,Q3,0.2
historia mathematica,Q3,0.5
historia mexicana,Q2,0.4
historia philosophica an international journal,Q4,<0.1
historia religionum an international journal,Q2,0.4
historia santiago,Q3,0.2
historia social,Q3,0.2
historia unisinos,Q3,0.1
historia y comunicacion social,Q2,0.4
historia y espacio,Q4,<0.1
historia y memoria,Q2,0.4
historia y memoria de la educacion,Q4,0.4
historia y politica,Q2,0.4
historia y sociedad,Q3,0.1
historia zeitschrift fur alte geschichte,Q2,0.4
historian,Q3,0.2
historic environment policy practice,,1.4
historical archaeology,,0.7
historical biology,Q3,1.4
historical encounters a journal of historical consciousness historical cultures and history education,Q2,0.4
historical journal,Q1,1
historical journal of film radio and television,,0.3
historical materialism research in critical marxist theory,Q2,1.9
historical methods,Q1,1.4
historical records of australian science,Q4,0.2
historical reflections reflexions historiques,Q3,0.2
historical research,Q2,0.4
historical review la revue historique,Q3,0.2
historical social research historische sozialforschung,Q1,0.5
historical studies in education canada,Q4,0.6
historical studies in the natural sciences,Q2,0.9
historicka sociologie,Q4,0.3
historicky casopis,Q3,0.1
histories,Q2,0.4
historiografias revista de historia y teoria,Q2,0.4
historiographia linguistica,Q4,0.1
historische zeitschrift,Q2,0.3
historisches jahrbuch,Q3,0.1
historisk tidskrift,Q3,0.2
historisk tidsskrift,Q3,0.2
history,Q1,0.5
history and anthropology,Q1,0.6
history and philosophy of logic,Q3,0.5
history and philosophy of the life sciences,Q2,1
history and sociology of south asia,Q4,0.3
history and technology,Q1,1.4
history and theory,Q1,0.9
history australia,Q1,0.6
history compass,Q1,0.9
history in africa,Q1,0.8
history memory,Q1,0.5
history of economic thought and policy,Q4,0.1
history of economics review,Q4,0.4
history of education,Q3,0.8
history of education childrens literature,Q3,0.2
history of education quarterly,Q3,0.8
history of education review,Q2,1.1
history of european ideas,,0.4
history of geo and space sciences,Q3,0.6
history of philosophy logical analysis,,0.2
history of photography,,0.4
history of political economy,Q3,0.6
history of political thought,Q3,0.2
history of psychiatry,Q2,0.9
history of psychology,Q2,0.9
history of religions,Q1,0.5
history of science,Q2,0.8
history of science and technology,Q2,0.9
history of the family,Q2,1
history of the human sciences,Q3,0.6
history studies,Q4,<0.1
history today,Q4,<0.1
history workshop journal,Q1,1.1
histria,Q4,<0.1
hitit theology journal,,0.1
hitotsubashi journal of economics,Q4,0.4
hiv aids research and palliative care,Q3,2.4
hiv aids review,Q4,0.6
hiv medicine,Q2,3.2
hiv research clinical practice,Q3,2.1
hla,Q1,5
hlrp health literacy research and practice,Q3,1.6
hno,Q4,0.9
hobbes studies,,0.5
hokkaido mathematical journal,Q4,0.4
holistic nursing practice,Q2,2.3
holocaust and genocide studies,Q2,0.4
holocaust studies,Q1,0.5
holocaust studii si cercetari,Q3,0.1
holocene,Q3,1.6
holos,Q4,0.2
holzforschung,Q2,1.9
home cultures,,0.7
home health care management and practice,Q3,1.3
home health care services quarterly,Q4,1.4
homeopathy,Q4,1.1
homicide studies,Q2,1.9
homo journal of comparative human biology,Q2,1.1
homo oeconomicus journal of behavioral and institutional economics,Q4,<0.1
homology homotopy and applications,Q3,0.5
honam mathematical journal,Q4,0.3
hong kong journal of dermatology venereology,Q4,<0.1
hong kong journal of emergency medicine,Q4,0.6
hong kong journal of occupational therapy,Q3,1.6
hong kong journal of paediatrics,Q4,0.2
hong kong journal of radiology,Q4,0.3
hong kong law journal,Q4,0.2
hong kong medical journal,Q1,3
hong kong physiotherapy journal,Q3,1.5
hopos the journal of the international society for the history of philosophy of science,Q3,0.5
horizon fenomenologicheskie issledovaniya,,0.1
horizons,,0.7
horizons in biblical theology,,0.3
hormigon y acero,Q4,0.6
hormone and metabolic research,Q3,2.3
hormone molecular biology and clinical investigation,Q4,1.9
hormone research in paediatrics,Q1,3.8
hormones and behavior,Q2,2.6
hormones international journal of endocrinology and metabolism,Q3,2.4
horror studies,,0.1
horticultura brasileira,Q4,0.9
horticulturae,Q1,3.4
horticultural plant journal,Q1,7.1
horticultural science,Q4,1.2
horticultural science technology,Q3,1.3
horticulture advances,Q1,6.3
horticulture environment and biotechnology,Q2,2.8
horticulture journal,Q3,1.4
horticulture research,Q1,9.5
hortscience,Q3,1.9
horttechnology,Q3,1.4
hospital pediatrics,Q2,2.2
hospital pharmacy,Q4,0.9
hospitality society,Q4,0.7
housing care and support,Q4,0.5
housing policy debate,Q2,2.2
housing studies,Q2,2.7
housing theory society,Q2,2.7
houston journal of mathematics,Q4,0.3
how a colombian journal for teachers of english,Q4,0.4
howard journal of communications,Q3,0.9
hpb,Q1,3.3
hrvatske vode,Q4,<0.1
hrvatski dijalektoloski zbornik,,0.1
hrvatski filmski ljetopis,,<0.1
hrvatski geografski glasnik croatian geographical bulletin,Q4,0.5
hse social and education history,Q3,0.8
hss journal,Q3,1.4
htm journal of heat treatment and materials,Q4,0.5
hudebni veda,,0.2
hudson review,,<0.1
human affairs postdisciplinary humanities social sciences quarterly,Q3,0.7
human and ecological risk assessment,Q3,2.5
human animal interactions,Q2,2
human arenas,Q4,0.7
human behavior and emerging technologies,Q1,4.9
human brain mapping,Q1,4
human cell,Q3,2.8
human centric computing and information sciences,Q3,2.9
human communication research,Q1,3.4
human computer interaction,Q1,5.8
human development,Q2,2.8
human dimensions of wildlife,Q3,1.5
human ecology,Q1,2
human ecology review,Q4,0.4
human experimental toxicology,Q2,3.5
human factors,Q1,3.6
human factors and ergonomics in manufacturing service industries,Q3,2.4
human factors in healthcare,Q3,1.6
human fertility,Q3,2
human gene,Q4,0.9
human gene therapy,Q1,4.6
human genetics,Q2,3.4
human genetics and genomics advances,Q2,3.1
human genome variation,Q4,1.3
human genomics,Q2,4.1
human heredity,Q4,1.1
human immunology,Q4,2.1
human molecular genetics,Q2,3.1
human movement,Q4,1.2
human movement science,Q3,1.9
human mutation,Q4,1.8
human nature an interdisciplinary biosocial perspective,Q1,2
human nutrition metabolism,Q3,2.7
human organization,Q3,0.8
human pathology,Q2,3
human pathology reports,Q4,0.5
human performance,Q3,2.1
human psychopharmacology clinical and experimental,Q3,2
human relations,Q1,4.6
human reproduction,Q1,6.8
human reproduction open,Q1,8.6
human reproduction update,Q1,20.1
human resource development international,Q2,3.3
human resource development quarterly,Q1,4
human resource development review,Q2,4.5
human resource management,Q1,8.5
human resource management journal,Q1,8
human resource management review,Q1,7.4
human resources for health,Q1,5.4
human rights law review,Q1,1.5
human rights quarterly,Q3,1
human rights review,Q1,1.9
human service organizations management leadership governance,Q2,1.4
human sport medicine,Q4,0.2
human studies,Q3,1.2
human systems management,Q3,1.6
human technology,Q1,3.2
human vaccines immunotherapeutics,Q2,4.2
humana mente journal of philosophical studies,,0.2
humanidades inovacao,,<0.1
humanitas portugal,,0.1
humanities basel,,0.3
humanities social sciences communications,Q1,4.8
humanity an international journal of human rights humanitarianism and development,Q3,0.6
hume studies,,0.7
humor international journal of humor research,Q3,1.2
hungarian cultural studies,Q4,0.3
hungarian geographical bulletin,Q2,1.8
hungarian journal of industry and chemistry,Q4,0.8
huntington library quarterly,,<0.1
husserl studies,,1.3
hybris revista de filosofia,,<0.1
hydrobiologia,Q2,2.4
hydrogen,Q2,5.6
hydrogeology journal,Q2,2.8
hydrological processes,Q2,3.1
hydrological research letters,Q4,1
hydrological sciences journal,Q2,2.9
hydrologie und wasserbewirtschaftung,Q4,0.5
hydrology,Q2,3.1
hydrology and earth system sciences,Q1,7
hydrology research,Q2,3.7
hydrometallurgy,Q1,6.3
hygiene,Q2,2.3
hygiene and environmental health advances,Q1,4.4
hypatia a journal of feminist philosophy,Q2,1.5
hypertension,Q1,9.8
hypertension in pregnancy,Q1,3.4
hypertension research,Q1,5
hypertension research in pregnancy,Q4,0.1
hypnos,,<0.1
hystrix italian journal of mammalogy,Q3,1
i com zeitschrift fur interaktive und kooperative medien,Q4,1.7
i perception,Q4,1.1
i tatti studies,,0.1
i2 investigacion e innovacion en arquitectura y territorio,,0.9
iacr transactions on symmetric cryptology,Q2,2.7
iadis international journal on computer science and information systems,Q4,0.5
iafor journal of education,Q3,1.1
iartem e journal,Q4,0.3
iatreia,Q4,0.1
iatss research,Q2,3.4
iawa journal,Q2,2.9
iberian journal of the history of economic thought,Q3,0.2
iberica,Q2,1.4
iberoamerican journal of development studies,Q4,0.4
iberoamericana,,0.2
iberoromania,,<0.1
ibersid revista de sistemas de informacion y documentacion,Q4,0.3
ibis,Q1,2.9
ibnosina journal of medicine and biomedical sciences,Q3,0.9
ibro neuroscience reports,Q3,2.9
ibsen studies,,0.3
ic revista cientifica de informacion y comunicacion,Q4,0.1
icarus,Q2,3.2
icelandic agricultural sciences,Q4,0.5
icelandic review of politics administration,Q4,0.4
ices journal of marine science,Q1,3.9
icga journal,Q4,1.1
ichnos an international journal for plant and animal traces,Q1,2
ichthyological exploration of freshwaters,Q4,0.6
ichthyological research,Q3,0.9
ichthyology and herpetology,Q4,0.7
icl journal vienna journal on international constitutional law,Q2,0.7
icon international journal of constitutional law,Q1,1.6
iconarp international journal of architecture and planning,,0.5
iconographica,,<0.1
iconos,Q4,0.3
icsid review foreign investment law journal,Q1,1.5
ict express,Q2,4.6
ida international design and art journal,,0.2
idcases,Q4,0.9
idealistic studies,,0.2
ideas in ecology and evolution,Q4,<0.1
ideas y valores,,0.1
ideggyogyaszati szemle clinical neuroscience,Q4,0.6
identidade,Q4,<0.1
identities global studies in culture and power,Q1,1.3
identity an international journal of theory and research,Q2,2.5
ido movement for culture journal of martial arts anthropology,Q4,0.9
idojaras,Q4,0.9
idp internet law and politics,Q3,0.6
ids bulletin institute of development studies,Q3,0.5
ieee access,Q2,4.2
ieee acm transactions on audio speech and language processing,Q1,5.2
ieee acm transactions on computational biology and bioinformatics,Q1,4.1
ieee acm transactions on networking,Q1,5.3
ieee aerospace and electronic systems magazine,Q1,5.1
ieee annals of the history of computing,Q2,0.9
ieee antennas and propagation magazine,Q2,3.6
ieee antennas and wireless propagation letters,Q2,4.6
ieee asme transactions on mechatronics,Q1,6.3
ieee caa journal of automatica sinica,Q1,18.3
ieee canadian journal of electrical and computer engineering,Q4,1.6
ieee circuits and systems magazine,Q1,5.6
ieee communications letters,Q2,4.5
ieee communications magazine,Q1,8.3
ieee communications standards magazine,Q1,5.1
ieee communications surveys and tutorials,Q1,50.6
ieee computational intelligence magazine,Q1,7.7
ieee computer architecture letters,Q3,2
ieee computer graphics and applications,Q3,2.1
ieee consumer electronics magazine,Q2,5
ieee control systems letters,Q3,1.9
ieee control systems magazine,Q1,6.9
ieee design test,Q3,2
ieee electrical insulation magazine,Q3,2
ieee electrification magazine,Q2,2.9
ieee electron device letters,Q2,4.6
ieee embedded systems letters,Q3,1.7
ieee engineering management review,Q2,4.4
ieee geoscience and remote sensing letters,Q1,4.8
ieee geoscience and remote sensing magazine,Q1,13.7
ieee industrial electronics magazine,Q2,3.3
ieee industry applications magazine,Q4,0.9
ieee instrumentation measurement magazine,Q3,1.7
ieee intelligent systems,Q2,4.5
ieee intelligent transportation systems magazine,Q1,5.5
ieee internet computing,Q2,3.3
ieee internet of things journal,Q1,8.7
ieee internet of things magazine,Q1,5.8
ieee journal of biomedical and health informatics,Q1,7.7
ieee journal of electromagnetics rf and microwaves in medicine and biology,Q3,2.4
ieee journal of emerging and selected topics in industrial electronics,Q2,4.9
ieee journal of emerging and selected topics in power electronics,Q1,5.7
ieee journal of indoor and seamless positioning and navigation,Q3,2.9
ieee journal of microwaves,Q2,4.5
ieee journal of oceanic engineering,Q1,5.6
ieee journal of photovoltaics,Q2,3.7
ieee journal of quantum electronics,Q3,1.9
ieee journal of radio frequency identification,Q2,3.7
ieee journal of selected topics in applied earth observations and remote sensing,Q1,6.3
ieee journal of selected topics in quantum electronics,Q1,4.5
ieee journal of selected topics in signal processing,Q1,8.5
ieee journal of solid state circuits,Q1,5.6
ieee journal of the electron devices society,Q2,2.9
ieee journal of translational engineering in health and medicine,Q2,3.9
ieee journal on emerging and selected topics in circuits and systems,Q2,3.8
ieee journal on exploratory solid state computational devices and circuits,Q2,3.1
ieee journal on miniaturization for air and space systems,Q2,2.6
ieee journal on multiscale and multiphysics computational techniques,Q2,2.1
ieee journal on selected areas in communications,Q1,16.8
ieee journal on selected areas in information theory,Q2,2.3
ieee latin america transactions,Q3,1.6
ieee letters on electromagnetic compatibility practice and applications,Q4,1.4
ieee magnetics letters,Q4,1.6
ieee micro,Q1,4.4
ieee microwave and wireless technology letters,Q2,3.4
ieee microwave magazine,Q2,3
ieee multimedia,Q2,3
ieee nanotechnology magazine,Q4,2.4
ieee network,Q1,8.8
ieee networking letters,Q2,3.3
ieee open access journal of power and energy,Q2,2.8
ieee open journal of antennas and propagation,Q2,3.4
ieee open journal of circuits and systems,Q3,1.8
ieee open journal of control systems,Q3,2.1
ieee open journal of engineering in medicine and biology,Q2,3.1
ieee open journal of industry applications,Q2,3.8
ieee open journal of instrumentation and measurement,Q3,2
ieee open journal of intelligent transportation systems,Q2,4.6
ieee open journal of nanotechnology,Q3,3
ieee open journal of power electronics,Q2,4.8
ieee open journal of signal processing,Q3,2.6
ieee open journal of the communications society,Q1,6.2
ieee open journal of the computer society,Q1,6
ieee open journal of the industrial electronics society,Q2,4.6
ieee open journal of the solid state circuits society,Q2,3.7
ieee open journal of ultrasonics ferroelectrics and frequency control,Q2,1.8
ieee open journal of vehicular technology,Q1,6.6
ieee pervasive computing,Q3,1.9
ieee photonics journal,Q2,2.6
ieee photonics technology letters,Q3,2.4
ieee power electronics magazine,Q3,2.6
ieee power energy magazine,Q2,2.9
ieee pulse,Q4,1.2
ieee reviews in biomedical engineering,Q1,16
ieee revista iberoamericana de tecnologias del aprendizaje ieee rita,Q4,0.9
ieee robotics and automation letters,Q2,5.3
ieee robotics automation magazine,Q1,9.8
ieee security privacy,Q2,2.9
ieee sensors journal,Q1,4.5
ieee sensors letters,Q2,2.4
ieee signal processing letters,Q2,3.6
ieee signal processing magazine,Q1,10.8
ieee software,Q2,4
ieee solid state circuits letters,Q3,2
ieee spectrum,Q3,2.2
ieee systems journal,Q1,4.9
ieee systems man and cybernetics magazine,Q3,2.4
ieee technology and society magazine,Q2,2.8
ieee transactions on aerospace and electronic systems,Q1,7
ieee transactions on affective computing,Q1,11.3
ieee transactions on antennas and propagation,Q1,5.9
ieee transactions on applied superconductivity,Q3,1.8
ieee transactions on audio speech and language processing,,N/A
ieee transactions on automatic control,Q1,7
ieee transactions on automation science and engineering,Q1,7.9
ieee transactions on big data,Q1,8.1
ieee transactions on biomedical circuits and systems,Q1,5.1
ieee transactions on biomedical engineering,Q2,4.4
ieee transactions on biometrics behavior and identity science,Q2,4.4
ieee transactions on broadcasting,Q1,5.9
ieee transactions on circuits and systems for video technology,Q1,10.8
ieee transactions on circuits and systems i regular papers,Q1,5.6
ieee transactions on circuits and systems ii express briefs,Q2,4.6
ieee transactions on cloud computing,Q1,5.3
ieee transactions on cognitive and developmental systems,Q1,4.7
ieee transactions on cognitive communications and networking,Q1,8
ieee transactions on communications,Q1,8.4
ieee transactions on components packaging and manufacturing technology,Q2,3.3
ieee transactions on computational biology and bioinformatics,,N/A
ieee transactions on computational imaging,Q2,4.7
ieee transactions on computational social systems,Q2,4.6
ieee transactions on computer aided design of integrated circuits and systems,Q2,3.6
ieee transactions on computers,Q2,4.9
ieee transactions on consumer electronics,Q1,9.9
ieee transactions on control of network systems,Q1,5.3
ieee transactions on control systems technology,Q2,4.4
ieee transactions on cybernetics,Q1,11.3
ieee transactions on dependable and secure computing,Q1,6.8
ieee transactions on device and materials reliability,Q3,2.7
ieee transactions on dielectrics and electrical insulation,Q2,3.3
ieee transactions on education,Q2,2.5
ieee transactions on electromagnetic compatibility,Q3,2.6
ieee transactions on electron devices,Q2,3.6
ieee transactions on emerging topics in computational intelligence,Q2,6
ieee transactions on emerging topics in computing,Q2,4.8
ieee transactions on energy conversion,Q1,6.1
ieee transactions on energy markets policy and regulation,Q2,3.7
ieee transactions on engineering management,Q1,6.2
ieee transactions on evolutionary computation,Q1,15.9
ieee transactions on fuzzy systems,Q1,10.2
ieee transactions on games,Q2,3
ieee transactions on geoscience and remote sensing,Q1,9.4
ieee transactions on green communications and networking,Q1,6.9
ieee transactions on haptics,Q2,3.1
ieee transactions on human machine systems,Q2,4.4
ieee transactions on image processing,Q1,15.3
ieee transactions on industrial cyber physical systems,Q1,7.4
ieee transactions on industrial electronics,Q1,7.4
ieee transactions on industrial informatics,Q1,9.8
ieee transactions on industry applications,Q1,5.2
ieee transactions on information forensics and security,Q1,8.7
ieee transactions on information theory,Q1,2.6
ieee transactions on instrumentation and measurement,Q1,7
ieee transactions on intelligent transportation systems,Q1,9.1
ieee transactions on knowledge and data engineering,Q1,11.6
ieee transactions on learning technologies,Q1,7.4
ieee transactions on machine learning in communications and networking,Q2,4.9
ieee transactions on magnetics,Q3,1.9
ieee transactions on medical imaging,Q1,12.4
ieee transactions on medical robotics and bionics,Q2,4.3
ieee transactions on microwave theory and techniques,Q1,5.2
ieee transactions on mobile computing,Q1,8.8
ieee transactions on molecular biological and multi scale communications,Q3,2.5
ieee transactions on multimedia,Q1,9.9
ieee transactions on nanobioscience,Q1,4.2
ieee transactions on nanotechnology,Q3,2.5
ieee transactions on network and service management,Q1,5.7
ieee transactions on network science and engineering,Q1,7.3
ieee transactions on networking,,N/A
ieee transactions on neural networks and learning systems,Q1,9.7
ieee transactions on neural systems and rehabilitation engineering,Q1,6.6
ieee transactions on nuclear science,Q2,2.4
ieee transactions on parallel and distributed systems,Q1,5.9
ieee transactions on pattern analysis and machine intelligence,Q1,20.4
ieee transactions on plasma science,Q3,1.6
ieee transactions on power delivery,Q2,4.7
ieee transactions on power electronics,Q1,7.1
ieee transactions on power systems,Q1,8.7
ieee transactions on professional communication,Q2,1.7
ieee transactions on quantum engineering,Q1,4.6
ieee transactions on radar systems,Q2,3.5
ieee transactions on radiation and plasma medical sciences,Q1,3.8
ieee transactions on reliability,Q1,5.4
ieee transactions on robotics,Q1,11.1
ieee transactions on semiconductor manufacturing,Q3,2.5
ieee transactions on services computing,Q1,6.2
ieee transactions on signal and information processing over networks,Q2,4.6
ieee transactions on signal processing,Q1,5.5
ieee transactions on smart grid,Q1,10.1
ieee transactions on software engineering,Q1,6
ieee transactions on sustainable computing,Q1,5.3
ieee transactions on sustainable energy,Q1,10.3
ieee transactions on systems man cybernetics systems,Q1,8.4
ieee transactions on technology and society,Q1,5.9
ieee transactions on terahertz science and technology,Q2,3.6
ieee transactions on transportation electrification,Q1,8.5
ieee transactions on ultrasonics ferroelectrics and frequency control,Q1,4
ieee transactions on vehicular technology,Q1,7.5
ieee transactions on very large scale integration vlsi systems,Q2,3.2
ieee transactions on visualization and computer graphics,Q1,6.8
ieee transactions on wireless communications,Q1,10.3
ieee vehicular technology magazine,Q1,8.5
ieee wireless communications,Q1,13.4
ieee wireless communications letters,Q1,5.1
ieej journal of industry applications,Q3,2.4
ieej transactions on electrical and electronic engineering,Q4,1
ieice communications express,Q4,0.7
ieice electronics express,Q4,1
ieice nonlinear theory and its applications,Q4,0.6
ieice transactions on communications,Q4,1.1
ieice transactions on electronics,Q4,0.6
ieice transactions on fundamentals of electronics communications and computer sciences,Q4,0.6
ieice transactions on information and systems,Q4,0.8
ienergy,Q1,5.7
iet biometrics,Q4,1.6
iet circuits devices systems,Q3,1.8
iet collaborative intelligent manufacturing,Q3,3.3
iet communications,Q4,1.6
iet computer vision,Q4,1.4
iet computers and digital techniques,Q3,1.1
iet control theory and applications,Q3,2
iet cyber physical systems theory applications,Q3,1.9
iet cyber systems and robotics,Q2,2.8
iet electric power applications,Q3,1.8
iet electrical systems in transportation,Q3,2.1
iet energy systems integration,Q3,2.5
iet generation transmission distribution,Q2,2.8
iet image processing,Q3,2.4
iet information security,Q2,2
iet intelligent transport systems,Q3,2.7
iet microwaves antennas propagation,Q4,1.3
iet nanobiotechnology,Q1,4.8
iet nanodielectrics,Q2,4.3
iet networks,Q3,1.9
iet optoelectronics,Q2,2.8
iet power electronics,Q3,2.3
iet quantum communication,Q2,3.8
iet radar sonar and navigation,Q4,1.5
iet renewable power generation,Q2,3.2
iet science measurement technology,Q3,2
iet signal processing,Q4,1.4
iet smart cities,Q2,3.4
iet smart grid,Q2,3.1
iet software,Q4,1.4
iet systems biology,Q3,1.9
iet wireless sensor systems,Q3,2.5
iete journal of research,Q4,1.4
iete technical review,Q3,2.3
ifac journal of systems and control,Q3,1.9
ifla journal international federation of library associations,Q2,1.8
iforest biogeosciences and forestry,Q2,2
ignaziana rivista di ricerca teologica,,<0.1
iheringia serie botanica,Q4,0.6
iheringia serie zoologia,Q4,0.6
ihs antiguos jesuitas en iberoamerica,Q4,<0.1
iic international review of intellectual property and competition law,Q2,1.1
iim kozhikode society management review,Q4,1.2
iimb management review,Q3,1.6
iise transactions,Q2,2.6
iise transactions on healthcare systems engineering,Q4,1.5
iise transactions on occupational ergonomics human factors,Q3,1.9
iium engineering journal,Q3,1.1
iium law journal,Q3,0.4
iium medical journal malaysia,Q4,0.4
ijaz arabi journal of arabic learning,Q4,0.2
ijc heart vasculature,Q2,2.9
ijid regions,Q3,2.3
ijispm international journal of information systems and project management,Q3,2.1
ijole international journal of language education,Q3,0.7
iju case reports,Q4,0.5
il pensiero economico italiano,Q4,0.1
ilahiyat studies a journal on islamic and religious studies,,0.1
ilahiyat tetkikleri dergisi journal of ilahiyat researches,,0.2
ilef dergisi,Q4,<0.1
ilha do desterro a journal of english language literatures in english and cultural studies,,0.2
illes i imperis,Q2,0.3
illinois journal of mathematics,Q3,0.6
ilr review,Q2,2.3
ilu revista de ciencias de las religiones,,0.3
ima fungus,Q2,4
ima journal of applied mathematics,Q1,2.2
ima journal of management mathematics,Q2,2.5
ima journal of mathematical control and information,Q3,1
ima journal of numerical analysis,Q1,2.3
imafronte revista de historia del arte,,0.3
image analysis stereology,Q2,1.3
image and vision computing,Q1,5
image processing on line,Q4,1.2
imagen diagnostica,Q4,<0.1
imagerie de la femme,Q4,<0.1
images,,0.4
imaging,Q3,1
imaging neuroscience,Q2,3
imaging science in dentistry,Q2,2.3
imaging science journal,Q4,1.3
imago mundi the international journal for the history of cartography,Q1,0.7
imago revista de emblematica y cultura visual,,0.1
imago temporis medium aevum,Q3,0.2
imagologiya i komparativistika imagology and comparative studies,,0.2
imeta,Q1,44.4
imf economic review,Q2,1.9
immigrants and minorities,Q2,0.3
immune network,Q1,5.9
immunity,Q1,30.6
immunity ageing,Q1,8.3
immunity inflammation and disease,Q2,3.5
immuno,Q3,2.7
immunobiology,Q3,3.1
immunogenetics,Q3,2.1
immunologic research,Q3,2.7
immunological investigations,Q3,2.3
immunological medicine,Q3,2.3
immunological reviews,Q1,10.6
immunology,Q2,5.4
immunology and allergy clinics of north america,Q2,3.1
immunology and cell biology,Q3,3.3
immunology letters,Q3,3.2
immunometabolism,Q2,3.9
immunopathologia persa,Q4,0.9
immunopharmacology and immunotoxicology,Q2,3.1
immunotargets and therapy,Q2,4.1
immunotherapy,Q3,2.3
immunotherapy advances,Q2,4.4
impact assessment and project appraisal,Q3,2.4
implantologie,Q4,0.1
implementation research and practice,Q2,2.2
implementation science,Q1,10.2
implementation science communications,Q1,3.5
impossibilia revista internacional de estudios literarios,,0.2
improving schools,Q1,2.7
in bo ricerche e progetti per il territorio la citta e l architettura,,<0.1
in die skriflig in luce verbi,,0.2
in education,Q4,0.5
in practice,Q4,0.4
in silico plants,Q1,3.3
in situ revue de patrimoines,,<0.1
in vitro cellular developmental biology animal,Q3,2
in vitro cellular developmental biology plant,Q2,2.2
in vitro models,Q3,3
in vivo,Q3,1.8
indagationes mathematicae new series,Q2,0.8
independent journal of teaching and learning,Q4,0.5
independent review,Q4,0.3
index comunicacion,Q3,1
index on censorship,,0.1
india quarterly a journal of international affairs,Q4,0.7
india review,Q2,0.7
indian anaesthetists forum,Q4,0.1
indian chemical engineer,Q4,1.2
indian dermatology online journal,Q3,2
indian economic and social history review,Q2,0.3
indian economic review,Q4,0.7
indian geotechnical journal,Q3,1.8
indian growth and development review,Q4,0.9
indian heart journal,Q3,2
indian historical review,Q3,0.1
indian journal of agricultural sciences,Q3,0.9
indian journal of anaesthesia,Q2,2.2
indian journal of animal research,Q4,0.9
indian journal of animal sciences,Q4,0.4
indian journal of biochemistry biophysics,Q4,1.2
indian journal of cancer,Q4,0.8
indian journal of chemical technology,Q4,0.9
indian journal of chemistry,Q4,0.7
indian journal of clinical biochemistry,Q4,1.5
indian journal of community health,Q4,0.4
indian journal of community medicine,Q3,1.6
indian journal of critical care medicine,Q3,2
indian journal of dairy science,Q4,0.3
indian journal of dermatology,Q3,1.7
indian journal of dermatology venereology leprology,Q2,3.4
indian journal of economics and development,Q4,0.1
indian journal of endocrinology and metabolism,Q4,1.2
indian journal of engineering and materials sciences,Q4,0.7
indian journal of experimental biology,Q4,0.5
indian journal of fibre textile research,Q4,0.8
indian journal of fisheries,Q4,0.7
indian journal of gastroenterology,Q3,2.5
indian journal of gender studies,Q4,0.5
indian journal of genetics and plant breeding,Q4,0.9
indian journal of geo marine sciences,Q4,0.2
indian journal of gynecologic oncology,Q4,0.3
indian journal of hematology and blood transfusion,Q4,0.6
indian journal of heterocyclic chemistry,Q4,0.4
indian journal of history of science,Q2,0.9
indian journal of labour economics,Q3,0.9
indian journal of medical and paediatric oncology,Q4,0.5
indian journal of medical microbiology,Q4,1.5
indian journal of medical research,Q2,2.1
indian journal of medical specialities,Q4,0.4
indian journal of microbiology,Q3,2.2
indian journal of natural products and resources,Q4,0.6
indian journal of nephrology,Q4,0.9
indian journal of neurosurgery,Q4,0.3
indian journal of neurotrauma,Q4,0.6
indian journal of nuclear medicine,Q4,0.4
indian journal of occupational and environmental medicine,Q4,0.8
indian journal of ophthalmology,Q2,2.2
indian journal of orthopaedics,Q3,1.3
indian journal of otolaryngology and head neck surgery,Q4,0.5
indian journal of otology,Q4,0.2
indian journal of paediatric dermatology,Q4,0.3
indian journal of palliative care,Q3,1.8
indian journal of pathology and microbiology,Q4,0.7
indian journal of pediatrics,Q2,2.4
indian journal of pharmaceutical education and research,Q3,0.9
indian journal of pharmacology,Q4,1.2
indian journal of physics,Q3,1.7
indian journal of plastic surgery,Q3,1
indian journal of psychiatry,Q3,2.4
indian journal of psychological medicine,Q3,1.8
indian journal of psychological science,Q4,<0.1
indian journal of public health,Q4,0.9
indian journal of pure applied mathematics,Q3,0.7
indian journal of pure applied physics,Q3,1
indian journal of radiology and imaging,Q4,1.1
indian journal of respiratory care,Q4,0.1
indian journal of rheumatology,Q4,0.6
indian journal of sexually transmitted diseases and aids,Q4,0.6
indian journal of surgery,Q4,0.3
indian journal of surgical oncology,Q4,0.7
indian journal of thoracic and cardiovascular surgery,Q4,0.6
indian journal of traditional knowledge,Q4,0.6
indian journal of transplantation,Q4,0.2
indian journal of urology,Q4,1
indian journal of vascular and endovascular surgery,Q4,0.2
indian pediatrics,Q3,1.5
indian phytopathology,Q4,1
indian spine journal,Q4,0.2
indiana law journal,Q2,0.8
indiana university mathematics journal,Q1,1.3
indo european linguistics,Q3,0.5
indo iranian journal,,0.8
indogermanische forschungen,Q3,0.5
indonesia and the malay world,,0.8
indonesia law review,Q4,0.2
indonesian biomedical journal,Q4,0.9
indonesian capital market review,Q4,0.1
indonesian journal of chemistry,Q4,1.2
indonesian journal of forestry research,Q4,0.3
indonesian journal of geoscience,Q4,0.4
indonesian journal of islam and muslim societies,,0.4
indonesian journal of pharmacy,Q4,0.7
indonesian journal of sustainability accounting and management,Q4,0.6
indoor air,Q2,2.7
indoor and built environment,Q2,2.7
industria textila,Q3,1
industrial and commercial training,Q3,2.9
industrial and corporate change,Q1,2.8
industrial and organizational psychology,Q2,3.2
industrial archaeology review,Q2,0.3
industrial biotechnology,Q4,2
industrial chemistry materials,Q1,15.7
industrial crops and products,Q1,6.4
industrial engineering and management systems,Q4,0.5
industrial engineering chemistry research,Q2,3.9
industrial health,Q3,1.6
industrial law journal,Q2,1.2
industrial lubrication and tribology,Q3,1.9
industrial management data systems,Q1,6.1
industrial marketing management,Q1,7.3
industrial relations,Q2,2
industrial relations journal,Q2,1.9
industrial robot the international journal of robotics research and application,Q3,2.1
industry and higher education,Q2,1.8
industry and innovation,Q1,4.6
infancias imagenes,Q4,0.1
infancy,Q2,2.4
infant and child development,Q2,2.4
infant behavior development,Q2,2.4
infant mental health journal infancy and early childhood,Q3,2
infants young children,Q3,1.3
infectio,Q4,0.3
infection,Q2,3.9
infection and chemotherapy,Q3,2.4
infection and drug resistance,Q2,3.2
infection and immunity,Q2,3.4
infection control hospital epidemiology,Q2,2.6
infection disease health,Q3,1.7
infection genetics and evolution,Q2,2.8
infection prevention in practice,Q2,2.6
infectious agents and cancer,Q2,3.2
infectious disease clinics of north america,Q1,4.2
infectious disease modelling,Q2,3.1
infectious disease reports,Q3,2.6
infectious diseases,Q3,2.5
infectious diseases and clinical microbiology,Q4,1.1
infectious diseases and therapy,Q1,5.6
infectious diseases immunity,Q2,3.7
infectious diseases in clinical practice,Q4,0.2
infectious diseases now,Q2,3
infectious diseases of poverty,Q1,7.4
infectious medicine,Q1,4.1
infectious microbes diseases,Q3,2.1
infektsiya i immunitet,Q4,0.2
infinite dimensional analysis quantum probability and related topics,Q3,0.8
inflammation,Q2,5.4
inflammation and regeneration,Q1,7.7
inflammation research,Q1,6.2
inflammatory bowel diseases,Q1,5.5
inflammopharmacology,Q1,6.3
influenza and other respiratory viruses,Q1,3.9
infocommunications journal,Q4,1.2
infomat,Q1,19.6
infor,Q3,2.2
informacao sociedade estudos,Q4,0.1
informacije midem journal of microelectronics electronic components and materials,Q4,0.9
informacios tarsadalom,Q4,0.4
informal logic,,1.1
informatica,Q1,3.2
informatics basel,Q2,5.1
informatics for health social care,Q3,1.7
informatics in education,Q2,2.4
information,Q2,4.3
information and communication technology in musical field,,0.1
information and computation,Q2,1.4
information and computer security,Q3,2.7
information and inference a journal of the ima,Q2,1.7
information and learning sciences,Q1,3.4
information and organization,Q1,6.8
information and software technology,Q1,4.6
information communication society,Q1,3.6
information communications technology law,Q1,1.8
information culture,Q1,0.8
information development,Q2,2.9
information discovery and delivery,Q2,2.4
information economics and policy,Q2,1.9
information fusion,Q1,17.4
information geographique,Q4,0.1
information geometry,Q2,1.1
information management,Q1,7
information polity,Q2,2
information processing in agriculture,Q1,8.9
information processing letters,Q4,0.6
information processing management,Q1,8.1
information research an international electronic journal,Q2,1.6
information resources management journal,Q3,0.5
information retrieval journal,Q3,2.8
information sciences,Q1,6
information security journal,Q3,2.1
information society,Q1,3.7
information systems,Q2,4
information systems and e business management,Q2,4.1
information systems frontiers,Q1,6.2
information systems journal,Q1,8.2
information systems management,Q3,3
information systems research,Q1,7.8
information technologies and learning tools,Q3,1.1
information technology and control,Q3,1.9
information technology and libraries,Q2,2.7
information technology for development,Q1,4.5
information technology management,Q1,3.6
information technology people,Q1,6.3
information technology tourism,Q1,8.6
information visualization,Q3,1.9
information wissenschaft und praxis,Q4,0.2
informationen aus orthodontie und kieferorthopaedie,Q4,<0.1
informes cientificos y tecnicos,Q4,0.2
informes de la construccion,Q4,0.5
informs journal on applied analytics,Q4,1.2
informs journal on computing,Q2,2.5
infrared physics technology,Q2,3.8
infrastructure asset management,Q4,0.9
infrastructures,Q2,3.6
inge cuc,Q4,0.4
ingegneria sismica,Q4,0.3
ingenieria,Q4,0.5
ingenieria del agua,Q4,0.9
ingenieria e investigacion,Q4,0.7
ingenieria solidaria,Q4,0.5
ingenieria y competitividad,Q4,0.3
ingenium revista electronica de pensamiento moderno y metodologia en historia de la ideas,,0.2
ingenius revista de ciencia y tecnologia,Q3,0.8
ingineria automobilului,Q4,0.4
inhalation toxicology,Q4,2.1
injury epidemiology,Q2,2.3
injury international journal of the care of the injured,Q2,2.4
injury prevention,Q3,1.9
inland water biology,Q3,0.9
inland waters,Q3,1.7
inmateh agricultural engineering,Q4,0.8
inmediaciones de la comunicacion,Q4,0.2
innate immunity,Q2,3.5
inner asia,Q3,0.6
innere medizin,Q3,0.5
innes review,,0.3
innoeduca international journal of technology and educational innovation,Q1,2.7
innovacion educativa,Q4,0.1
innovacion educativa mexico,Q4,0.1
innovation,Q1,39.5
innovation and development,Q2,2.6
innovation and emerging technologies,Q2,2.3
innovation in aging,Q1,6.2
innovation in language learning and teaching,Q1,5.5
innovation management review,Q3,2.8
innovation organization management,Q3,2.1
innovation the european journal of social science research,Q3,1.3
innovations in acupuncture and medicine,,N/A
innovations in education and teaching international,Q1,6.2
innovations in systems and software engineering,Q4,1.4
innovations technology and techniques in cardiothoracic and vascular surgery,Q3,1.7
innovative food science emerging technologies,Q1,6.9
innovative higher education,Q1,3.3
innovative infrastructure solutions,Q2,2.8
innovative journal of pediatrics,,N/A
innovative marketing,Q3,1.5
innovative surgical sciences,Q3,1.3
inorganic and nano metal chemistry,Q3,1.7
inorganic chemistry,Q1,4.6
inorganic chemistry communications,Q1,5.9
inorganic chemistry frontiers,Q1,6.2
inorganic materials,Q4,0.5
inorganic materials applied research,Q4,0.4
inorganica chimica acta,Q2,3.3
inorganics,Q2,3.4
inquietud empresarial,Q4,0.6
inquiry an interdisciplinary journal of philosophy,Q3,0.9
inquiry the journal of health care organization provision and financing,Q2,3
inrae productions animales,Q4,0.5
insan toplum the journal of humanity society,Q4,0.3
insect biochemistry and molecular biology,Q1,4.3
insect conservation and diversity,Q1,3.3
insect molecular biology,Q1,3.3
insect science,Q1,3.7
insect systematics and diversity,Q1,2.3
insect systematics evolution,Q2,1.9
insectes sociaux,Q2,1.7
insects,Q1,3
insight,Q4,0.8
insight on africa,Q1,1.6
insight turkey,Q3,1
insights into imaging,Q1,5.6
insights the uksg journal,Q2,1.9
insolvency law journal,Q3,0.4
institutiones administrationis,Q4,0.4
instructional science,Q1,2.7
instrumentation science technology,Q4,1
instruments,Q4,1.4
instruments and experimental techniques,Q4,0.4
insuficiencia cardiaca,Q4,<0.1
insula revista de letras y ciencias humanas,,0.2
insurance mathematics economics,Q2,1.8
intangible capital,Q3,1.6
integral equations and operator theory,Q2,1
integral transforms and special functions,Q2,1.1
integrated computer aided engineering,Q1,6.4
integrated environmental assessment and management,Q2,3.3
integrated ferroelectrics,Q4,0.8
integrated pharmacy research and practice,Q3,2.4
integrating materials and manufacturing innovation,Q3,3
integration the vlsi journal,Q3,2.6
integrative and comparative biology,Q1,2.4
integrative biology,Q4,2
integrative cancer therapies,Q2,3.1
integrative conservation,Q2,3.1
integrative medicine in nephrology and andrology,Q1,7.4
integrative medicine reports,Q4,0.8
integrative medicine research,Q1,4.9
integrative organismal biology,Q1,2
integrative psychological and behavioral science,Q4,1.4
integrative zoology,Q1,3.7
inteligencia artificial iberoamerican journal of artificial intelligence,Q4,0.9
intellectual and developmental disabilities,Q2,1.9
intellectual discourse,,0.4
intellectual history review,Q1,0.5
intelligence,Q1,3.1
intelligence and national security,Q1,1
intelligence robotics,Q2,3.9
intelligent buildings international,Q3,2.2
intelligent computing,Q1,6.4
intelligent data analysis,Q4,1
intelligent decision technologies netherlands,Q4,1
intelligent medicine,Q1,7.8
intelligent service robotics,Q2,5.9
intelligent systems in accounting finance management,Q2,2
intelligent systems with applications,Q1,5.5
intelligent transportation infrastructure,Q2,3.7
intelligenza artificiale,Q3,2
intensive and critical care nursing,Q1,5.1
intensive care medicine,Q1,22
intensive care medicine experimental,Q2,2.9
intensivist,Q4,<0.1
inter asia cultural studies,Q2,0.7
interaccion y perspectiva,Q4,0.3
interacting with computers,Q3,1.9
interaction design and architectures,Q3,0.8
interaction studies,Q3,0.9
interactive journal of medical research,Q2,3.3
interactive learning environments,Q1,6.7
interactive technology and smart education,Q1,8.8
intercambios dilemas y transiciones de la educacion superior,Q4,0.3
interciencia,Q4,0.6
intercultural education,Q3,1.1
intercultural pragmatics,Q2,1.4
interdisciplinaria,Q4,0.4
interdisciplinaria archaeologica natural sciences in archaeology,Q1,0.6
interdisciplinary cardiovascular and thoracic surgery,Q3,1.4
interdisciplinary description of complex systems,Q3,0.6
interdisciplinary journal for religion and transformation in contemporary society,,0.4
interdisciplinary journal of management studies,Q4,0.7
interdisciplinary journal of problem based learning,Q3,0.8
interdisciplinary literary studies,,<0.1
interdisciplinary materials,Q1,22.5
interdisciplinary medicine,Q1,14.5
interdisciplinary neurosurgery advanced techniques and case management,Q4,0.7
interdisciplinary science reviews,Q2,1.3
interdisciplinary sciences computational life sciences,Q1,5.2
interdisciplinary studies of complex systems,Q4,0.1
interdisciplinary studies of literature,,0.1
interest groups advocacy,Q3,1.3
interface comunicacao saude educacao,Q4,0.5
interface focus,Q1,4
interfaces and free boundaries,Q1,1.2
interfacial phenomena and heat transfer,Q4,0.9
interiors design architecture culture,,0.5
interlitteraria,,0.1
intermedialites,,0.1
intermetallics,Q1,5.3
internal and emergency medicine,Q1,4.1
internal medicine,Q3,1
internal medicine journal,Q2,1.8
internasjonal politikk,Q4,0.3
international advances in economic research,Q3,1
international affairs,Q1,5
international agrophysics,Q2,2.1
international and multidisciplinary journal of social sciences rimcis,Q3,0.8
international anesthesiology clinics,Q3,1.3
international angiology,Q3,1.8
international applied mechanics,Q4,0.6
international arab journal of information technology,Q4,1.3
international archives of allergy and immunology,Q3,2.3
international archives of health sciences,Q4,0.3
international archives of occupational and environmental health,Q2,2.7
international archives of otorhinolaryngology,Q3,1.1
international area studies review,Q3,0.9
international biodeterioration biodegradation,Q2,4.4
international braz j urol,Q1,4.3
international breastfeeding journal,Q1,3.4
international bulletin of mission research,,0.3
international business review,Q1,7.4
international cancer conference journal,Q4,0.4
international cardiovascular research journal,Q4,0.4
international circular of graphic education and research,Q4,<0.1
international clinical psychopharmacology,Q2,3
international communication gazette,Q2,2
international communication of chinese culture,Q3,0.5
international communications in heat and mass transfer,Q1,6.2
international community law review,Q2,0.8
international comparative law quarterly,Q1,2.3
international criminal justice review,Q3,1.4
international criminal law review,Q2,0.6
international critical thought,Q3,0.6
international dairy journal,Q3,3.1
international data privacy law,Q1,2.4
international dental journal,Q1,5.2
international development planning review,Q2,2.4
international e journal of criminal sciences,Q4,0.4
international economic journal,Q3,1.5
international economic review,Q2,1.8
international economics,Q1,2.8
international economics and economic policy,Q3,1.3
international education journal comparative perspectives,Q3,0.9
international electronic journal of algebra,Q4,0.4
international electronic journal of geometry,Q3,0.7
international electronic journal of mathematics education,Q2,1.6
international emergency nursing,Q2,2.2
international endodontic journal,Q1,6.4
international energy journal,Q4,0.5
international entrepreneurship and management journal,Q2,4.7
international entrepreneurship review,Q4,0.7
international environmental agreements politics law and economics,Q1,3.4
international feminist journal of politics,Q1,2.8
international finance,Q3,1.2
international food and agribusiness management review,Q3,1.8
international food research journal,Q4,1.1
international forestry review,Q3,1.3
international forum of allergy rhinology,Q1,4.9
international forum of psychoanalysis,Q2,0.5
international gambling studies,Q3,2.1
international game theory review,Q4,0.5
international geology review,Q1,2.2
international health,Q2,2.4
international heart journal,Q3,1.4
international history review,Q1,0.5
international immunology,Q3,3.4
international immunopharmacology,Q1,5.6
international indigenous policy journal,Q3,0.6
international insolvency review,Q2,0.6
international interactions,Q3,1.4
international journal,Q1,2.8
international journal for academic development,Q2,1.7
international journal for computational methods in engineering science mechanics,Q4,1.2
international journal for crime justice and social democracy,Q3,1.5
international journal for educational and vocational guidance,Q2,1.7
international journal for educational integrity,Q1,13.8
international journal for equity in health,Q1,5.2
international journal for history culture and modernity,Q2,0.3
international journal for lesson and learning studies,Q3,1.2
international journal for multiscale computational engineering,Q3,1.1
international journal for numerical and analytical methods in geomechanics,Q2,3.6
international journal for numerical methods in biomedical engineering,Q2,2.1
international journal for numerical methods in engineering,Q1,3.3
international journal for numerical methods in fluids,Q2,2.1
international journal for parasitology,Q1,3.3
international journal for parasitology drugs and drug resistance,Q1,3.5
international journal for parasitology parasites and wildlife,Q2,2.3
international journal for philosophy of religion,,0.7
international journal for quality in health care,Q2,2.6
international journal for quality research,Q4,0.8
international journal for research in vocational education and training ijrvet,Q2,2.1
international journal for technology in mathematics education,Q4,0.4
international journal for the advancement of counselling,Q3,1.3
international journal for the history of engineering technology,Q4,0.2
international journal for the psychology of religion,Q2,1.8
international journal for the semiotics of law revue internationale de semiotique juridique,Q3,1
international journal for the study of skepticism,,0.4
international journal for the study of the christian church,,0.2
international journal for uncertainty quantification,Q3,1.6
international journal for vitamin and nutrition research,Q3,3
international journal of abdominal wall and hernia surgery,Q3,1
international journal of academic medicine,Q3,0.6
international journal of acarology,Q3,1
international journal of accounting,Q2,2.2
international journal of accounting and information management,Q2,4.8
international journal of accounting information systems,Q1,7.4
international journal of acoustics and vibration,Q4,0.9
international journal of ad hoc and ubiquitous computing,Q4,0.7
international journal of adaptive control and signal processing,Q2,3.8
international journal of adhesion and adhesives,Q2,4
international journal of adolescence and youth,Q2,2.3
international journal of adult education and technology ijaet,Q2,1.8
international journal of advanced and applied sciences,Q3,0.7
international journal of advanced computer science and applications,Q3,1.1
international journal of advanced manufacturing technology,Q2,3.7
international journal of advanced robotic systems,Q4,1.7
international journal of advances in engineering sciences and applied mathematics,Q3,1.4
international journal of advertising,Q1,7.3
international journal of aeroacoustics,Q4,1.1
international journal of aeronautical and space sciences,Q2,1.9
international journal of aerospace engineering,Q3,1.5
international journal of aerospace psychology,Q3,1.4
international journal of affective engineering,Q4,0.6
international journal of african historical studies,Q3,0.2
international journal of african renaissance studies,Q4,0.2
international journal of aging human development,Q2,2.3
international journal of agricultural and biological engineering,Q2,3.1
international journal of agricultural and environmental information systems,Q3,2.1
international journal of agricultural and statistical sciences,Q4,0.2
international journal of agricultural sustainability,Q1,5.9
international journal of agriculture and natural resources,Q3,0.6
international journal of agronomy,Q2,2.1
international journal of air conditioning and refrigeration,Q2,2.5
international journal of alcohol and drug research,Q4,1.4
international journal of algebra and computation,Q3,0.6
international journal of american linguistics,Q3,0.5
international journal of analysis and applications,Q2,1.1
international journal of analytical chemistry,Q3,2.8
international journal of angiology,Q4,0.8
international journal of antennas and propagation,Q4,1.5
international journal of antimicrobial agents,Q1,5
international journal of applied and basic medical research,Q2,1.2
international journal of applied behavioral economics,Q3,1
international journal of applied ceramic technology,Q2,2.6
international journal of applied earth observation and geoinformation,Q1,8.2
international journal of applied electromagnetics and mechanics,Q4,0.7
international journal of applied geospatial research,Q4,0.3
international journal of applied glass science,Q2,2
international journal of applied linguistics,Q1,3.8
international journal of applied management science,Q4,0.8
international journal of applied mathematics and computer science,Q2,1.6
international journal of applied mathematics statistics,Q4,0.2
international journal of applied mechanics,Q3,2.3
international journal of applied metaheuristic computing,Q4,0.2
international journal of applied nonlinear science,Q4,0.6
international journal of applied pattern recognition,Q4,0.2
international journal of applied psychoanalytic studies,Q3,0.3
international journal of approximate reasoning,Q3,2.8
international journal of architectural computing,,3.1
international journal of architectural heritage,Q2,2.6
international journal of art design education,Q2,1.4
international journal of art therapy,Q3,1.6
international journal of artificial intelligence in education,Q1,10.1
international journal of artificial organs,Q3,1.6
international journal of arts and technology,Q4,0.6
international journal of arts management,Q4,0.5
international journal of asia pacific studies,Q3,0.5
international journal of asian business and information management,Q4,1
international journal of asian studies,,0.8
international journal of assessment tools in education,Q3,1.3
international journal of astrobiology,Q3,1
international journal of athletic therapy training,Q4,0.2
international journal of audiology,Q2,2
international journal of auditing,Q2,2.7
international journal of automation and control,Q4,1.4
international journal of automation technology,Q4,1.1
international journal of automotive and mechanical engineering,Q4,1.2
international journal of automotive technology,Q3,2.1
international journal of automotive technology and management,Q4,1.5
international journal of autonomous and adaptive communications systems,Q4,0.6
international journal of aviation aeronautics and aerospace,Q4,0.7
international journal of ayurvedic medicine,Q4,0.1
international journal of bank marketing,Q1,6
international journal of behavioral development,Q2,2.2
international journal of behavioral medicine,Q2,2.3
international journal of behavioral nutrition and physical activity,Q1,7.1
international journal of bifurcation and chaos,Q2,2.4
international journal of bilingual education and bilingualism,Q2,2
international journal of bilingualism,Q2,1.5
international journal of bio inspired computation,Q2,2
international journal of biochemistry cell biology,Q2,3.5
international journal of biological macromolecules,Q1,8.7
international journal of biological markers,Q3,2.3
international journal of biological sciences,Q1,11.7
international journal of biology and chemistry,Q4,0.7
international journal of biomaterials,Q3,3.5
international journal of biomathematics,Q3,1.7
international journal of biomedical engineering and technology,Q4,0.9
international journal of biomedical imaging,Q3,2.3
international journal of biomedicine,Q4,0.3
international journal of biometeorology,Q2,3
international journal of biometrics,Q4,0.8
international journal of bioprinting,Q2,5
international journal of biostatistics,Q1,1.9
international journal of bipolar disorders,Q1,4.5
international journal of breast cancer,Q4,1.9
international journal of bridge engineering,Q4,0.1
international journal of buddhist thought culture,,0.3
international journal of building pathology and adaptation,Q2,2.7
international journal of built environment and sustainability,Q4,0.7
international journal of burns and trauma,Q3,1
international journal of business,Q4,0.6
international journal of business analytics,Q3,1.4
international journal of business and society,Q4,0.9
international journal of business communication,Q1,3.2
international journal of business data communications and networking,Q3,1.7
international journal of business environment,Q4,1.2
international journal of business performance management,Q4,0.8
international journal of canadian studies,Q4,0.1
international journal of cancer,Q2,4.9
international journal of cancer management,Q4,0.4
international journal of cardiology,Q2,3.3
international journal of cardiology cardiovascular risk and prevention,Q2,3
international journal of cardiology congenital heart disease,Q3,1.5
international journal of cardiovascular imaging,Q3,1.8
international journal of care and caring,Q2,1.2
international journal of cartography,Q3,1.2
international journal of cast metals research,Q2,2.8
international journal of central banking,Q3,1.8
international journal of ceramic engineering and science,Q2,2.2
international journal of chemical engineering,Q2,3.5
international journal of chemical kinetics,Q4,1.7
international journal of chemical reactor engineering,Q4,1.5
international journal of child care and education policy,Q1,4.1
international journal of child health and nutrition,Q4,0.3
international journal of child youth family studies,Q4,0.3
international journal of childbirth,Q4,0.3
international journal of childrens rights,Q3,0.9
international journal of childrens spirituality,,1.6
international journal of chinese comparative philosophy of medicine,Q4,0.1
international journal of chinese linguistics,,0.4
international journal of christianity education,,0.3
international journal of chronic obstructive pulmonary disease,Q1,4.1
international journal of circuit theory and applications,Q4,1.4
international journal of circumpolar health,Q3,1.7
international journal of civil engineering,Q3,2.1
international journal of climate change strategies and management,Q2,4.4
international journal of climatology,Q3,3.2
international journal of clinical and experimental hypnosis,Q3,1.4
international journal of clinical and experimental medicine,Q4,0.6
international journal of clinical and experimental pathology,Q3,1.3
international journal of clinical and health psychology,Q1,4.4
international journal of clinical oncology,Q3,3
international journal of clinical pharmacology and therapeutics,Q4,0.9
international journal of clinical pharmacy,Q2,3.2
international journal of clinical practice,Q2,2
international journal of clothing science and technology,Q3,1.3
international journal of coal geology,Q1,7.3
international journal of coal preparation and utilization,Q3,2
international journal of coal science technology,Q1,10.1
international journal of cognitive behavioral therapy,,N/A
international journal of cognitive informatics and natural intelligence,Q4,0.6
international journal of cognitive research in science engineering and education ijcrsee,Q3,1.1
international journal of cognitive therapy,Q2,2.2
international journal of colorectal disease,Q1,2.9
international journal of combinatorial optimization problems and informatics,Q4,0.3
international journal of communication,Q2,1.7
international journal of communication networks and distributed systems,Q4,0.5
international journal of communication systems,Q3,1.8
international journal of community based nursing and midwifery,Q2,2.2
international journal of community music,,0.7
international journal of comparative and applied criminal justice,Q2,1.6
international journal of comparative education and development,Q2,1.5
international journal of comparative labour law and industrial relations,Q3,0.9
international journal of comparative sociology,Q2,1.8
international journal of computational economics and econometrics,Q4,0.5
international journal of computational fluid dynamics,Q4,0.9
international journal of computational intelligence and applications,Q4,1.6
international journal of computational intelligence systems,Q2,4
international journal of computational materials science and engineering,Q4,1.5
international journal of computational methods,Q2,1.8
international journal of computational science and engineering,Q4,1.4
international journal of computer applications in technology,Q4,0.7
international journal of computer assisted language learning and teaching,Q1,3.3
international journal of computer assisted radiology and surgery,Q1,2.8
international journal of computer games technology,Q3,2
international journal of computer integrated manufacturing,Q2,4.3
international journal of computer mathematics,Q1,1.9
international journal of computer mathematics computer systems theory,Q3,0.7
international journal of computer supported collaborative learning,Q1,6.8
international journal of computer vision,Q1,10.3
international journal of computerized dentistry,Q3,1.7
international journal of computers communications control,Q3,1.8
international journal of computing science and mathematics,Q4,0.5
international journal of concrete structures and materials,Q1,4.6
international journal of conflict management,Q1,3.2
international journal of conservation science,Q4,1
international journal of construction management,Q2,2.9
international journal of consumer studies,Q1,9.9
international journal of contemporary economics and administrative sciences,Q4,0.5
international journal of contemporary hospitality management,Q1,11.3
international journal of continuing engineering education and life long learning,Q4,0.5
international journal of control,Q3,1.5
international journal of control automation and systems,Q2,2.8
international journal of cooperative information systems,Q4,1.1
international journal of corpus linguistics,Q1,3.3
international journal of corrosion and scale inhibition,Q4,1.4
international journal of cosmetic science,Q2,2.6
international journal of crashworthiness,Q3,1.8
international journal of critical infrastructure protection,Q1,4.6
international journal of critical infrastructures,Q4,0.6
international journal of cross cultural management,Q3,2.6
international journal of cuban studies,Q3,0.6
international journal of cultural policy,Q1,1.6
international journal of cultural property,Q2,1
international journal of cultural studies,Q1,2.4
international journal of cyber warfare and terrorism,Q3,0.7
international journal of dairy technology,Q3,2.7
international journal of damage mechanics,Q2,3
international journal of data mining and bioinformatics,Q4,0.9
international journal of data mining modelling and management,Q4,0.9
international journal of data science and analytics,Q3,2.9
international journal of data warehousing and mining,Q4,1.1
international journal of decision support system technology,Q4,0.8
international journal of dental hygiene,Q4,1.2
international journal of dentistry,Q2,2.2
international journal of dermatology,Q1,4.2
international journal of design,Q2,1.9
international journal of design creativity and innovation,Q3,3.5
international journal of developmental biology,Q3,2.1
international journal of developmental disabilities,Q3,1.4
international journal of developmental neuroscience,Q4,1.4
international journal of diabetes in developing countries,Q4,0.8
international journal of differential equations,Q2,1.7
international journal of digital crime and forensics,Q4,0.6
international journal of digital earth,Q1,5.4
international journal of digital multimedia broadcasting,Q3,1.8
international journal of disability and social justice,Q2,1.6
international journal of disability development and education,Q4,0.9
international journal of disaster resilience in the built environment,Q4,1.5
international journal of disaster risk reduction,Q1,4.8
international journal of disaster risk science,Q1,5.3
international journal of disclosure and governance,Q2,3.2
international journal of discrimination and the law,Q1,1.5
international journal of distance education technologies,Q3,1
international journal of distributed sensor networks,Q3,2
international journal of distributed systems and technologies,Q4,0.7
international journal of drug policy,Q1,4.4
international journal of dynamical systems and differential equations,Q4,0.2
international journal of dynamics and control,Q1,2.7
international journal of e adoption,Q3,0.9
international journal of e business research,Q3,1.6
international journal of e collaboration,Q4,0.6
international journal of e health and medical communications,,N/A
international journal of e planning research,Q4,1.4
international journal of early childhood,Q2,1.8
international journal of early years education,Q3,1.3
international journal of earth sciences,Q3,1.9
international journal of eating disorders,Q1,4.7
international journal of ecological economics statistics,Q4,<0.1
international journal of ecology development,Q4,0.3
international journal of economic policy studies,Q3,1.2
international journal of economic sciences,Q1,4
international journal of economic theory,Q3,0.8
international journal of economics management and accounting,Q4,0.4
international journal of education and information technologies,Q3,1.1
international journal of education and the arts,Q3,1.1
international journal of education in mathematics science and technology,Q3,1.5
international journal of education through art,Q3,1
international journal of educational development,Q1,2.6
international journal of educational leadership and management,Q2,1.6
international journal of educational management,Q3,3
international journal of educational psychology,Q3,1.5
international journal of educational research,Q1,3.3
international journal of educational research and innovation,Q2,2.4
international journal of educational sciences,Q4,0.1
international journal of educational technology in higher education,Q1,38.7
international journal of electric and hybrid vehicles,Q4,0.6
international journal of electrical and computer engineering systems,Q4,1.3
international journal of electrical power energy systems,Q1,5.3
international journal of electrochemical science,Q2,3.9
international journal of electrochemistry,Q2,4.2
international journal of electronic commerce,Q1,5.7
international journal of electronic government research,Q2,2.2
international journal of electronic security and digital forensics,Q4,0.5
international journal of electronics,Q4,1.2
international journal of electronics and telecommunications,Q4,0.7
international journal of embedded systems,Q4,0.6
international journal of emergency medicine,Q2,1.9
international journal of emergency services,Q2,1.3
international journal of emerging electric power systems,Q4,1
international journal of emerging markets,Q1,3.4
international journal of emotional education,Q4,1.4
international journal of endocrinology,Q3,2.5
international journal of endocrinology and metabolism,Q4,1.9
international journal of energetic materials and chemical propulsion,Q4,0.7
international journal of energy and environmental engineering,Q4,0.6
international journal of energy research,Q1,4.2
international journal of energy sector management,Q2,4.5
international journal of engine research,Q3,2.1
international journal of engineering,Q2,2.3
international journal of engineering and geosciences,Q2,4.9
international journal of engineering and technology innovation,Q3,1.3
international journal of engineering business management,Q1,6.5
international journal of engineering education,Q3,0.8
international journal of engineering pedagogy,Q2,2
international journal of engineering research in africa,Q4,0.7
international journal of engineering science,Q1,5.4
international journal of engineering social justice and peace,Q4,0.4
international journal of engineering systems modelling and simulation,Q4,0.5
international journal of english studies,,0.6
international journal of enterprise information systems,Q4,1.3
international journal of entrepreneurial behavior research,Q1,5.1
international journal of entrepreneurial venturing,Q4,1.2
international journal of entrepreneurship and innovation,Q3,2.8
international journal of entrepreneurship small business,Q4,1.2
international journal of environment and pollution,Q4,0.7
international journal of environment and sustainable development,Q4,0.9
international journal of environment and waste management,Q4,0.5
international journal of environmental analytical chemistry,Q3,2.8
international journal of environmental health research,Q3,2
international journal of environmental research,Q2,4.3
international journal of environmental science and technology,Q3,3.4
international journal of environmental technology and management,Q4,0.6
international journal of epidemiology,Q1,5.7
international journal of esthetic dentistry,Q4,1.1
international journal of ethics and systems,Q1,3.6
international journal of ethics education,Q3,0.8
international journal of event and festival management,Q3,2.1
international journal of evidence based coaching mentoring,Q4,0.6
international journal of evidence proof,Q2,1
international journal of exergy,Q4,0.9
international journal of extreme manufacturing,Q1,25.1
international journal of fashion design technology and education,Q2,1.7
international journal of fashion studies,,1.2
international journal of fatigue,Q1,7
international journal of feminist approaches to bioethics,Q3,0.7
international journal of fertility sterility,Q2,2.2
international journal of finance economics,Q1,3.7
international journal of financial engineering,Q4,0.7
international journal of financial studies,Q2,2.7
international journal of fluid mechanics research,Q4,0.6
international journal of fluid power,Q4,1.2
international journal of food engineering,Q4,1.6
international journal of food microbiology,Q1,5.7
international journal of food properties,Q1,5.5
international journal of food science,Q2,3.3
international journal of food science and technology,Q2,3.3
international journal of food sciences and nutrition,Q2,3.7
international journal of forecasting,Q1,5.7
international journal of forensic mental health,Q3,1.5
international journal of forest engineering,Q2,2.3
international journal of foundations of computer science,Q4,0.5
international journal of fracture,Q2,2.8
international journal of fruit science,Q2,2.2
international journal of fuzzy logic and intelligent systems,Q4,0.8
international journal of fuzzy systems,Q2,3.1
international journal of game based learning,Q2,1.5
international journal of game theory,Q4,0.6
international journal of gaming and computer mediated simulations,Q4,1.3
international journal of gastrointestinal intervention,Q4,0.3
international journal of gastronomy and food science,Q2,3.7
international journal of gender and entrepreneurship,Q2,4.6
international journal of general medicine,Q2,2.3
international journal of general systems,Q2,3
international journal of genomics,Q3,2
international journal of geo engineering,Q1,6.7
international journal of geographical information science,Q1,5.9
international journal of geoheritage and parks,Q1,4.2
international journal of geomate,Q4,1.1
international journal of geomechanics,Q2,3.4
international journal of geometric methods in modern physics,Q1,2.5
international journal of geophysics,Q4,1.1
international journal of geosynthetics and ground engineering,Q3,2.4
international journal of geotechnical earthquake engineering,Q3,1.3
international journal of geotechnical engineering,Q3,1.4
international journal of geriatric psychiatry,Q1,3.3
international journal of gerontology,Q4,0.5
international journal of global energy issues,Q4,0.4
international journal of global warming,Q4,1
international journal of green energy,Q2,3.7
international journal of greenhouse gas control,Q2,5.9
international journal of grid and high performance computing,Q4,0.6
international journal of grid and utility computing,Q4,0.5
international journal of group psychotherapy,Q4,1.1
international journal of gynecological cancer,Q1,5.4
international journal of gynecological pathology,Q2,2.1
international journal of gynecology obstetrics,Q2,2.7
international journal of happiness and development,Q3,0.7
international journal of health care quality assurance,Q3,2
international journal of health economics and management,Q3,1.5
international journal of health geographics,Q1,4.1
international journal of health governance,Q4,1.7
international journal of health planning and management,Q2,2.5
international journal of health policy and management,Q1,4.9
international journal of health promotion and education,Q3,0.9
international journal of health sciences ijhs,Q1,2.8
international journal of healthcare information systems and informatics,Q4,0.5
international journal of healthcare management,Q4,1
international journal of healthcare technology and management,Q4,0.4
international journal of heat and fluid flow,Q1,4.8
international journal of heat and mass transfer,Q1,6.6
international journal of heavy vehicle systems,Q4,0.6
international journal of hematology,Q3,1.9
international journal of hepatobiliary and pancreatic diseases,Q4,<0.1
international journal of hepatology,Q4,1.6
international journal of heritage studies,Q1,2.1
international journal of high performance computing applications,Q2,2.4
international journal of hindu studies,,0.4
international journal of historical archaeology,,0.7
international journal of hospitality management,Q1,8.3
international journal of hospitality tourism administration,Q2,2.7
international journal of housing markets and analysis,Q3,1.7
international journal of housing policy,Q2,2.5
international journal of human capital and information technology professionals,Q4,<0.1
international journal of human computer interaction,Q1,6.1
international journal of human computer studies,Q1,6
international journal of human factors and ergonomics,Q4,0.5
international journal of human genetics,Q4,<0.1
international journal of human resource management,Q2,4.7
international journal of human rights,Q1,1.6
international journal of human rights and constitutional studies,Q4,0.1
international journal of human rights in health care,Q4,0.7
international journal of humanities and arts computing a journal of digital humanities,,0.6
international journal of humanoid robotics,Q3,1.8
international journal of hydrogen energy,Q1,9.2
international journal of hydrology science and technology,Q4,1
international journal of hydromechatronics,Q1,6.2
international journal of hygiene and environmental health,Q1,4.3
international journal of hypertension,Q2,3.1
international journal of hyperthermia,Q2,2.8
international journal of iberian studies,Q4,0.1
international journal of image and data fusion,Q4,1.5
international journal of image and graphics,Q4,1
international journal of imaging systems and technology,Q2,3
international journal of immunogenetics,Q4,1.3
international journal of immunopathology and pharmacology,Q2,2.8
international journal of impact engineering,Q1,6.7
international journal of implant dentistry,Q1,4.7
international journal of impotence research,Q2,2.5
international journal of inclusive education,Q2,2.1
international journal of indian culture and business management,Q4,0.3
international journal of indigenous health,Q4,0.7
international journal of industrial engineering and management,Q2,4.2
international journal of industrial engineering computations,Q3,2
international journal of industrial engineering theory applications and practice,Q4,1.1
international journal of industrial ergonomics,Q1,3.6
international journal of industrial organization,Q2,1.8
international journal of infectious diseases,Q1,4.6
international journal of inflammation,Q4,2.1
international journal of information and communication technology education,Q1,2.6
international journal of information and computer security,Q4,0.6
international journal of information and learning technology,Q2,5.3
international journal of information management,Q1,31
international journal of information retrieval research,Q4,0.5
international journal of information security,Q1,5
international journal of information security and privacy,Q4,1
international journal of information system modeling and design,Q4,0.9
international journal of information systems and supply chain management,Q3,1.5
international journal of information systems in the service sector,Q4,<0.1
international journal of information technologies and systems approach,Q4,0.8
international journal of information technology and web engineering,Q4,1.5
international journal of information technology decision making,Q3,1.9
international journal of information technology project management,Q3,1.6
international journal of injury control and safety promotion,Q2,2.7
international journal of innovation,Q4,0.8
international journal of innovation and learning,Q4,0.9
international journal of innovation and sustainable development,Q4,0.7
international journal of innovation and technology management,Q3,1.6
international journal of innovation management,Q4,1.4
international journal of innovation science,Q2,4.3
international journal of innovation studies,Q1,6.5
international journal of innovative computing information and control,Q4,0.7
international journal of instruction,Q2,1.4
international journal of intangible heritage,,0.5
international journal of integrated care,Q2,2.7
international journal of integrated engineering,Q4,0.5
international journal of integrative psychotherapy,Q4,0.7
international journal of intelligence and counterintelligence,Q3,0.9
international journal of intelligent computing and cybernetics,Q2,3.1
international journal of intelligent information technologies,Q3,1.7
international journal of intelligent robotics and applications,Q3,3
international journal of intelligent systems,Q2,4.8
international journal of intelligent transportation systems research,Q3,1.9
international journal of intelligent unmanned systems,Q4,1.5
international journal of interactive design and manufacturing ijidem,Q3,2.8
international journal of interactive multimedia and artificial intelligence,Q3,2.9
international journal of intercultural relations,Q1,2.7
international journal of interdisciplinary telecommunications and networking,Q4,0.2
international journal of internet marketing and advertising,Q3,1.4
international journal of internet protocol technology,Q4,0.1
international journal of islamic and middle eastern finance and management,Q2,2.7
international journal of islamic architecture,,0.3
international journal of islamic finance and sustainable development ijifsd,Q3,1.1
international journal of islamic thought,,0.8
international journal of jungian studies,Q2,0.5
international journal of knowledge and learning,Q4,0.6
international journal of knowledge and systems science,Q4,0.6
international journal of knowledge based and intelligent engineering systems,Q4,1.3
international journal of knowledge based development,Q4,0.5
international journal of knowledge management,Q3,1.9
international journal of knowledge management studies,Q4,1.2
international journal of korean history,Q2,0.3
international journal of laboratory hematology,Q3,2.2
international journal of language communication disorders,Q1,2.5
international journal of latin american religions,,0.6
international journal of law and information technology,Q1,2.9
international journal of law and management,Q1,2.5
international journal of law and psychiatry,Q1,1.6
international journal of law crime and justice,Q1,1.5
international journal of law in context,Q2,1.1
international journal of law policy and the family,Q2,1.3
international journal of leadership in education,Q2,2.2
international journal of lean six sigma,Q2,3.6
international journal of learner corpus research,Q2,1.4
international journal of learning and intellectual capital,Q4,1.2
international journal of learning technology,Q3,0.7
international journal of legal discourse,Q1,2.5
international journal of legal medicine,Q1,2.6
international journal of lexicography,Q2,1.8
international journal of lgbtq youth studies,,N/A
international journal of life cycle assessment,Q1,6.1
international journal of lifelong education,Q2,2.2
international journal of lightweight materials and manufacture,Q2,6.9
international journal of limnology,Q4,0.8
international journal of logistics management,Q1,8.2
international journal of logistics research and applications,Q1,5.6
international journal of low carbon technologies,Q2,2.6
international journal of lower extremity wounds,Q2,2.2
international journal of machine learning and cybernetics,Q3,2.9
international journal of machine tools manufacture,Q1,24.1
international journal of management and economics,Q3,1
international journal of management education,Q1,8
international journal of management reviews,Q1,13.4
international journal of management science and engineering management,Q2,3.1
international journal of management studies,Q4,1.4
international journal of managerial and financial accounting,Q3,1.9
international journal of managerial finance,Q2,2.7
international journal of managing projects in business,Q2,3.7
international journal of manpower,Q2,2.6
international journal of manufacturing materials and mechanical engineering,Q2,3.8
international journal of manufacturing research,Q4,0.7
international journal of marine and coastal law,Q1,2.1
international journal of maritime engineering,Q4,0.8
international journal of maritime history,Q2,0.4
international journal of market research,Q3,2.2
international journal of marketing communication and new media,Q4,0.2
international journal of masonry research and innovation,Q4,0.5
international journal of mass spectrometry,Q3,1.8
international journal of material forming,Q2,2.6
international journal of materials product technology,Q4,0.3
international journal of materials research,Q3,1.2
international journal of mathematical education in science and technology,Q3,0.9
international journal of mathematical engineering and management sciences,Q2,1.7
international journal of mathematics,Q3,0.6
international journal of mathematics and computer science,Q1,1.5
international journal of mathematics and mathematical sciences,Q1,1.2
international journal of mathematics and physics,Q2,0.9
international journal of mathematics for industry,Q4,0.7
international journal of mechanical engineering and robotics research,Q4,0.9
international journal of mechanical engineering education,Q3,1
international journal of mechanical sciences,Q1,11.4
international journal of mechanical system dynamics,Q2,3.5
international journal of mechanics and materials in design,Q1,4.7
international journal of media cultural politics,Q4,0.4
international journal of medical biochemistry,Q4,0.8
international journal of medical education,Q2,1.9
international journal of medical informatics,Q1,5
international journal of medical microbiology,Q2,3.2
international journal of medical robotics and computer assisted surgery,Q2,2.4
international journal of medical sciences,Q1,3.7
international journal of medical toxicology and forensic medicine,Q4,0.5
international journal of medicinal mushrooms,Q4,1.6
international journal of medicine and health development,Q4,0.3
international journal of mental health,Q2,2.4
international journal of mental health and addiction,Q2,2.8
international journal of mental health nursing,Q1,3.9
international journal of mental health promotion,Q3,1.8
international journal of mental health systems,Q1,4.2
international journal of mentoring and coaching in education,Q2,1.6
international journal of metalcasting,Q2,2.8
international journal of methods in psychiatric research,Q2,3.4
international journal of micro air vehicles,Q2,2.5
international journal of microbiology,Q3,3.4
international journal of microgravity science and application,Q4,0.9
international journal of microwave and wireless technologies,Q4,1.3
international journal of middle east studies,Q2,1
international journal of migration health and social care,Q4,0.8
international journal of military history and historiography,Q3,0.1
international journal of minerals metallurgy and materials,Q1,8.8
international journal of mining reclamation and environment,Q2,2.9
international journal of mining science and technology,Q1,15.9
international journal of mobile and blended learning,Q3,1.3
international journal of mobile communications,Q3,1.3
international journal of mobile computing and multimedia communications,Q4,0.9
international journal of mobile human computer interaction,Q4,1
international journal of mobile learning and organisation,Q1,3.3
international journal of modeling simulation and scientific computing,Q4,0.8
international journal of modelling and simulation,Q1,3.7
international journal of modelling identification and control,Q4,0.5
international journal of modern physics a,Q4,1.4
international journal of modern physics b,Q1,2.3
international journal of modern physics c,Q3,1.4
international journal of modern physics d,Q3,2
international journal of modern physics e,Q4,1.3
international journal of molecular and cellular medicine,Q3,1.8
international journal of molecular medicine,Q1,8.5
international journal of molecular sciences,Q1,5.6
international journal of morphology,Q4,0.6
international journal of multicultural education,Q3,0.8
international journal of multilingualism,Q1,2.2
international journal of multimedia data engineering management,Q4,0.8
international journal of multimedia information retrieval,Q2,3.9
international journal of multiphase flow,Q2,3.9
international journal of music education,Q3,1.1
international journal of mycobacteriology,Q4,1.3
international journal of nano dimension,Q4,1.1
international journal of nanoelectronics and materials,Q4,0.8
international journal of nanomedicine,Q1,8.7
international journal of nanoscience,Q4,1.4
international journal of nanotechnology,Q4,0.3
international journal of nautical archaeology,,0.5
international journal of naval architecture and ocean engineering,Q1,4.4
international journal of neonatal screening,Q1,3.5
international journal of nephrology,Q3,1.9
international journal of nephrology and renovascular disease,Q2,2.3
international journal of network dynamics and intelligence,Q1,15.3
international journal of network management,Q3,2.5
international journal of networked and distributed computing,Q2,2.5
international journal of neural systems,Q2,6.1
international journal of neuropsychopharmacology,Q1,4.8
international journal of neuroscience,Q4,1.7
international journal of non linear mechanics,Q2,3.4
international journal of noncommunicable diseases,Q3,0.7
international journal of number theory,Q3,0.5
international journal of numerical analysis and modeling,Q1,1.2
international journal of numerical methods for heat fluid flow,Q1,5.3
international journal of numerical modelling electronic networks devices and fields,Q2,2
international journal of nursing education scholarship,Q3,1.4
international journal of nursing knowledge,Q3,1.3
international journal of nursing practice,Q2,2.5
international journal of nursing sciences,Q1,4.4
international journal of nursing studies,Q1,8.7
international journal of nursing studies advances,Q1,5.2
international journal of obesity,Q1,5.4
international journal of obstetric anesthesia,Q2,3
international journal of occupational medicine and environmental health,Q3,2
international journal of occupational safety and ergonomics,Q3,1.8
international journal of odonatology,Q3,0.8
international journal of offender therapy and comparative criminology,Q3,1.5
international journal of offshore and polar engineering,Q4,0.8
international journal of oil gas and coal technology,Q3,0.9
international journal of older people nursing,Q2,2.2
international journal of oncology,Q1,7.3
international journal of one health,Q4,1.4
international journal of online and biomedical engineering,Q4,1.5
international journal of online pedagogy and course design,Q3,1.2
international journal of operations production management,Q1,8.6
international journal of ophthalmology,Q3,2
international journal of optics,Q3,1.7
international journal of optimization and control theories applications ijocta,Q1,3.1
international journal of optomechatronics,Q2,3.2
international journal of oral and maxillofacial surgery,Q2,2.5
international journal of oral implantology,Q2,2.6
international journal of oral maxillofacial implants,Q2,2
international journal of oral science,Q1,17.6
international journal of organization theory behavior,Q3,2
international journal of organizational analysis,Q2,3.7
international journal of orthodontic rehabilitation,Q4,0.3
international journal of orthopaedic and trauma nursing,Q3,1.8
international journal of osteoarchaeology,Q3,0.9
international journal of osteopathic medicine,Q2,1.3
international journal of paediatric dentistry,Q2,2.2
international journal of paleopathology,Q2,1.7
international journal of palliative nursing,Q4,0.9
international journal of parallel emergent and distributed systems,Q4,0.8
international journal of parallel programming,Q3,1.1
international journal of parliamentary studies,Q2,0.8
international journal of particle therapy,Q3,2
international journal of pattern recognition and artificial intelligence,Q4,0.9
international journal of pavement engineering,Q2,3.7
international journal of pavement research and technology,Q2,3.5
international journal of pediatric otorhinolaryngology,Q2,1.6
international journal of pediatrics,Q2,2.2
international journal of peptide research and therapeutics,Q3,2.5
international journal of performance analysis in sport,Q2,2.1
international journal of performance arts and digital media,,0.8
international journal of periodontics restorative dentistry,Q3,1.5
international journal of persian literature,,<0.1
international journal of pervasive computing and communications,Q4,1.2
international journal of pest management,Q2,1.5
international journal of pharmaceutical and healthcare marketing,Q3,1.8
international journal of pharmaceutical investigation,Q4,1.1
international journal of pharmaceutics,Q1,6
international journal of pharmaceutics x,Q1,7.9
international journal of pharmacology,Q4,0.7
international journal of pharmacy practice,Q3,2.5
international journal of philosophical studies,,0.6
international journal of philosophy and theology,,0.4
international journal of photoenergy,Q1,4.5
international journal of physical distribution logistics management,Q1,7.9
international journal of physical modelling in geotechnics,Q3,1.6
international journal of physiotherapy,Q4,0.2
international journal of phytopathology,Q4,0.5
international journal of phytoremediation,Q3,3.1
international journal of plant production,Q2,2.6
international journal of plant sciences,Q3,1.8
international journal of plasticity,Q1,15.4
international journal of play,Q2,1.3
international journal of political economy,Q3,1
international journal of politics culture and society,Q2,1.9
international journal of polymer analysis and characterization,Q3,1.9
international journal of polymer science,Q2,4.2
international journal of polymeric materials and polymeric biomaterials,Q2,3.2
international journal of population data science ijpds,Q1,2.7
international journal of powder metallurgy,Q4,0.3
international journal of power and energy systems,,N/A
international journal of practical theology,,0.4
international journal of precision engineering and manufacturing,Q1,3.9
international journal of precision engineering and manufacturing green technology,Q1,6.6
international journal of press politics,Q1,3.9
international journal of pressure vessels and piping,Q1,3.9
international journal of preventive medicine,Q2,1.8
international journal of primatology,Q2,1.3
international journal of production economics,Q1,10.6
international journal of production management and engineering,Q2,2
international journal of production research,Q1,8.7
international journal of productivity and performance management,Q2,4.6
international journal of prognostics and health management,Q2,2
international journal of project management,Q1,7.6
international journal of prosthodontics,Q2,2.1
international journal of protective structures,Q3,1.4
international journal of psychiatry in clinical practice,Q3,2.3
international journal of psychiatry in medicine,Q3,1.9
international journal of psychoanalysis,Q2,1
international journal of psychological research,Q3,1.2
international journal of psychology,Q2,2.4
international journal of psychology and psychological therapy,Q4,0.5
international journal of psychophysiology,Q1,3.3
international journal of public administration,Q2,2.5
international journal of public administration in the digital age,Q3,0.5
international journal of public health,Q2,3.2
international journal of public leadership,Q3,2.1
international journal of public opinion research,Q2,2.1
international journal of public sector management,Q2,2.9
international journal of public theology,,0.1
international journal of qualitative methods,Q1,7.2
international journal of qualitative studies in education,Q2,1.7
international journal of qualitative studies on health and well being,Q2,2.4
international journal of quality and service sciences,Q2,3.3
international journal of quality reliability management,Q2,3.5
international journal of quantum chemistry,Q2,2.7
international journal of quantum information,Q3,1.2
international journal of radiation biology,Q2,2
international journal of radiation oncology biology physics,Q1,7.4
international journal of radiation research,Q4,0.6
international journal of rail transportation,Q2,3.7
international journal of recycling of organic waste in agriculture,Q4,0.9
international journal of refractory metals hard materials,Q1,4.7
international journal of refrigeration,Q1,4
international journal of refugee law,Q1,1.9
international journal of rehabilitation research,Q3,1.4
international journal of reliability quality and safety engineering,Q3,1.4
international journal of religion and spirituality in society,Q2,0.4
international journal of remote sensing,Q3,2.6
international journal of renewable energy development ijred,Q4,2.1
international journal of renewable energy research,Q4,2.6
international journal of reproductive biomedicine,Q3,1.4
international journal of research in marketing,Q1,8.7
international journal of research in undergraduate mathematics education,Q3,1.2
international journal of research method in education,Q1,2.7
international journal of retail distribution management,Q1,5.3
international journal of retina and vitreous,Q1,3.8
international journal of rf and microwave computer aided engineering,Q4,1.2
international journal of rf technologies research and applications,Q4,1.4
international journal of rheumatic diseases,Q3,2
international journal of risk safety in medicine,Q4,0.9
international journal of river basin management,Q4,1.8
international journal of robotics automation,Q4,0.8
international journal of robotics research,Q1,7.7
international journal of robust and nonlinear control,Q1,3.1
international journal of rock mechanics and mining sciences,Q1,8.5
international journal of rotating machinery,Q4,0.8
international journal of satellite communications and networking,Q3,1.8
international journal of school educational psychology,Q2,1.6
international journal of science and mathematics education,Q1,2.8
international journal of science education,Q2,2.4
international journal of science education part b communication and public engagement,Q2,1.7
international journal of sediment research,Q2,3.4
international journal of selection and assessment,Q2,2.7
international journal of self propagating high temperature synthesis,Q4,0.6
international journal of semantic computing,Q4,0.5
international journal of sensor networks,Q3,1.6
international journal of serious games,Q1,2.6
international journal of services technology and management,Q4,0.6
international journal of sexual health,Q1,2.2
international journal of shipping and transport logistics,Q3,1.5
international journal of signal and imaging systems engineering,Q4,1.1
international journal of simulation modelling,Q3,2.5
international journal of sino western studies,,0.1
international journal of smart and nano materials,Q2,6.5
international journal of social determinants of health and health services,Q3,2.2
international journal of social economics,Q2,2.1
international journal of social psychiatry,Q2,2.7
international journal of social psychology,Q4,1
international journal of social research methodology,Q1,2.6
international journal of social robotics,Q2,4.6
international journal of social welfare,Q1,1.9
international journal of sociology,Q3,1.5
international journal of sociology and social policy,Q2,1.8
international journal of sociology of education,Q3,0.8
international journal of software engineering and knowledge engineering,Q4,1
international journal of software innovation,Q4,0.6
international journal of software science and computational intelligence ijssci,Q1,4.5
international journal of solids and structures,Q1,4.6
international journal of space science and engineering,Q4,0.4
international journal of special education,Q4,0.8
international journal of speech language and the law,Q4,0.2
international journal of speech language pathology,Q2,1.6
international journal of speleology,Q4,1.1
international journal of spine surgery,Q2,2.1
international journal of sport and exercise psychology,Q2,2.7
international journal of sport communication,Q2,2.1
international journal of sport finance,Q4,0.6
international journal of sport nutrition and exercise metabolism,Q2,2.5
international journal of sport policy and politics,Q2,2.7
international journal of sport psychology,Q3,0.9
international journal of sports marketing sponsorship,Q2,3.2
international journal of sports medicine,Q2,2.3
international journal of sports physical therapy,Q2,2.4
international journal of sports physiology and performance,Q1,3.3
international journal of sports science coaching,Q2,2.5
international journal of spray and combustion dynamics,Q4,1.1
international journal of std aids,Q4,1.6
international journal of steel structures,Q3,1.3
international journal of stem cells,Q3,2.6
international journal of stem education,Q1,10.7
international journal of strategic communication,Q1,2.6
international journal of strategic property management,Q4,1.2
international journal of stress management,Q2,2.5
international journal of stroke,Q1,6.9
international journal of structural engineering,Q4,0.9
international journal of structural integrity,Q2,3.1
international journal of structural stability and dynamics,Q1,3.8
international journal of surface science and engineering,Q4,1.2
international journal of surgery,Q1,9
international journal of surgery case reports,Q4,0.6
international journal of surgery open,Q4,0.6
international journal of surgery protocols,Q4,0.6
international journal of surgical pathology,Q4,0.9
international journal of sustainability in higher education,Q1,3.3
international journal of sustainable agricultural management and informatics,Q2,1.6
international journal of sustainable aviation,Q4,1
international journal of sustainable construction engineering and technology,Q4,0.7
international journal of sustainable development and world ecology,Q1,6.8
international journal of sustainable energy,Q3,4.2
international journal of sustainable engineering,Q3,4.1
international journal of sustainable transportation,Q3,3.1
international journal of swarm intelligence research,Q4,1.2
international journal of system assurance engineering and management,Q3,1.5
international journal of system dynamics applications,Q4,<0.1
international journal of systematic and evolutionary microbiology,Q3,2.3
international journal of systematic theology,,0.1
international journal of systemic therapy,Q4,0.7
international journal of systems science,Q1,4.3
international journal of systems science operations logistics,Q2,3.4
international journal of taiwan studies,Q3,0.5
international journal of teacher education and professional development,Q4,0.6
international journal of technoethics,Q3,1.1
international journal of technologies in higher education,Q4,0.1
international journal of technology,Q2,1.8
international journal of technology and design education,Q1,2.9
international journal of technology and human interaction,Q2,2.6
international journal of technology assessment in health care,Q2,3
international journal of technology enhanced learning,Q3,0.9
international journal of technology in education,Q1,3.6
international journal of technology management,Q3,1.6
international journal of telemedicine and applications,Q3,2.2
international journal of telerehabilitation,Q4,1
international journal of testing,Q2,1.9
international journal of the classical tradition,,0.5
international journal of the commons,Q2,2.2
international journal of the economics of business,Q4,0.7
international journal of the history of sport,Q1,0.8
international journal of the inclusive museum,Q3,0.8
international journal of the legal profession,Q2,1
international journal of the platonic tradition,,0.1
international journal of theoretical and applied finance,Q4,0.5
international journal of theoretical physics,Q2,2.3
international journal of therapy and rehabilitation,Q4,0.6
international journal of thermal sciences,Q1,4.9
international journal of thermodynamics,Q4,1.2
international journal of thermophysics,Q2,3.6
international journal of tourism cities,Q2,3.4
international journal of tourism research,Q1,5.9
international journal of toxicology,Q4,1.3
international journal of training and development,Q3,1.6
international journal of training research,Q3,1.3
international journal of transgender health,Q1,8.4
international journal of transitional justice,Q1,1.8
international journal of transport economics,Q4,0.4
international journal of transportation science and technology,Q1,5.1
international journal of tropical insect science,Q3,1.3
international journal of tryptophan research,Q1,4.9
international journal of tuberculosis and lung disease,Q2,3.6
international journal of turbo jet engines,Q3,1.4
international journal of turbomachinery propulsion and power,Q2,2.1
international journal of uncertainty fuzziness and knowledge based systems,Q4,1
international journal of unconventional computing,Q4,0.4
international journal of urban and regional research,Q2,2.4
international journal of urban sciences,Q2,2.2
international journal of urban sustainable development,Q3,3.1
international journal of urological nursing,Q4,0.5
international journal of urology,Q2,2.9
international journal of value chain management,Q4,0.6
international journal of vascular medicine,Q4,0.7
international journal of vegetable science,Q3,1.6
international journal of vehicle design,Q4,0.7
international journal of vehicle performance,Q3,1.8
international journal of ventilation,Q4,1.1
international journal of veterinary science and medicine,Q2,2.3
international journal of water resources development,Q2,2.8
international journal of wavelets multiresolution and information processing,Q4,0.8
international journal of web and grid services,Q4,1
international journal of web information systems,Q3,2
international journal of web services research,Q3,1.5
international journal of whole schooling,Q4,0.5
international journal of wildland fire,Q2,3
international journal of wine business research,Q2,2.2
international journal of wireless information networks,Q4,1.7
international journal of womens dermatology,Q2,3
international journal of womens health,Q2,2.5
international journal of womens health and reproduction sciences,Q4,1
international journal of work integrated learning,Q2,1.4
international journal of workplace health management,Q2,2.4
international journal of yoga,Q3,1.8
international journal on artificial intelligence tools,Q4,1
international journal on digital libraries,Q2,1.7
international journal on document analysis and recognition,Q4,1.7
international journal on information technologies and security,Q4,0.9
international journal on minority and group rights,Q2,0.6
international journal on smart sensing and intelligent systems,Q4,1.3
international journal on software tools for technology transfer,Q3,1.7
international journal on studies in education,Q3,0.7
international journal on working conditions,Q4,0.2
international labor and working class history,Q1,0.6
international labour review,Q2,1.7
international maritime health,Q4,1.2
international marketing review,Q2,5.4
international materials reviews,Q1,17
international mathematics research notices,Q2,1.1
international medical case reports journal,Q3,0.7
international medical education,Q2,2.2
international microbiology,Q3,2.9
international migration,Q2,2.5
international migration review,Q1,2.9
international multilingual research journal,Q1,3
international nano letters,Q4,0.8
international negotiation a journal of theory and practice,Q3,1.3
international neurourology journal,Q3,2
international nursing review,Q1,4.8
international ophthalmology,Q3,1.7
international organization,Q1,4.8
international organizations law review,Q3,0.3
international orthodontics,Q3,1.8
international orthopaedics,Q2,2.4
international peacekeeping,Q2,1.7
international philosophical quarterly,,0.2
international planning studies,Q4,1.5
international political science review,Q2,2.2
international political sociology,Q1,3.2
international politics,Q3,1.2
international polymer processing,Q3,2
international productivity monitor,Q3,0.9
international psychogeriatrics,Q1,6
international public history,Q2,0.4
international public management journal,Q2,2.4
international real estate review,Q4,0.3
international regional science review,Q2,2.4
international relations,Q2,2.1
international relations of the asia pacific,Q2,1.9
international research in childrens literature,,0.3
international research in geographical and environmental education,Q2,2.3
international review,Q4,0.5
international review for spatial planning and sustainable development,Q4,1.7
international review for the sociology of sport,Q1,3
international review of administrative sciences,Q2,3.2
international review of applied economics,Q3,1.3
international review of economics education,Q3,1.3
international review of economics finance,Q1,7.6
international review of education,Q2,1.9
international review of environmental and resource economics,Q2,2.4
international review of finance,Q2,2.3
international review of financial analysis,Q1,10.2
international review of hydrobiology,Q3,1.2
international review of information ethics,Q4,0.4
international review of law and economics,Q2,1
international review of mission,,0.3
international review of pragmatics,,0.5
international review of psychiatry,Q3,2.3
international review of research in open and distributed learning,Q1,4.5
international review of retail distribution and consumer research,Q3,2.8
international review of social history,Q1,0.8
international review of social psychology,Q3,1.8
international review of sociology revue internationale de sociologie,Q2,1.6
international review of sport and exercise psychology,Q1,7.4
international review of the aesthetics and sociology of music,,0.2
international review of the red cross,Q2,1.1
international review of victimology,Q1,3
international review on public and nonprofit marketing,Q3,2.4
international reviews in physical chemistry,Q4,0.6
international reviews of immunology,Q2,5.4
international security,Q1,6.5
international shipbuilding progress,Q3,1.2
international small business journal researching entrepreneurship,Q2,4.9
international social security review,Q4,0.7
international social work,Q2,1.3
international sociology,Q3,1.5
international soil and water conservation research,Q1,8.3
international spectator,Q1,2.5
international sport coaching journal,Q2,1.8
international sports law journal,Q1,2.1
international sports studies,Q4,0.1
international statistical review,Q1,1.9
international studies in catholic education,,0.4
international studies in sociology of education,Q3,1
international studies in the philosophy of science,Q2,0.9
international studies of economics,Q3,1.1
international studies of management organization,Q3,2.1
international studies perspectives,Q2,2.3
international studies quarterly,Q1,3.3
international studies review,Q1,4
international surgery,Q4,0.3
international tax and public finance,Q3,1.5
international theory,Q1,3
international trade journal,Q3,0.8
international transactions in operational research,Q2,3.5
international transactions on electrical energy systems,Q3,2.6
international urogynecology journal,Q3,2
international urology and nephrology,Q2,2.2
international wood products journal,Q3,1.1
international wound journal,Q2,2.2
internationale katholische zeitschrift communio,,<0.1
internationales archiv fur sozialgeschichte der deutschen literatur,,<0.1
internet and higher education,Q1,10.6
internet histories,Q2,1.6
internet interventions the application of information technology in mental and behavioural health,Q1,3.8
internet journal of allied health sciences and practice,Q4,0.4
internet of things,Q1,7.1
internet policy review,Q1,4.4
internet pragmatics,Q2,1.6
internet research,Q1,7.2
internet technology letters,Q4,1.2
internetworking indonesia,Q4,0.1
interpretation a journal of bible and theology,,0.4
interpretation a journal of political philosophy,,0.1
interpretation a journal of subsurface characterization,Q4,1
interpreter and translator trainer,Q1,2.1
interpreting,Q2,2
intersecciones en antropologia,Q4,0.3
intersectionalities a global journal of social work analysis research polity and practice,Q4,0.6
intersections east european journal of society and politics,Q3,0.6
intersections gender and sexuality in asia and the pacific,Q3,1.1
intersezioni,,0.1
intertax,Q2,0.7
intervencion revista internacional de conservacion restauracion y museologia,,<0.1
intervention in school and clinic,Q4,0.8
intervention international journal of mental health psychosocial work and counselling in areas of armed conflict,Q4,1.1
interventional cardiology reviews research resources,Q3,2
interventional neuroradiology,Q3,1.9
interventional radiology,Q4,1.2
interventions international journal of postcolonial studies,Q1,0.8
intervirology,Q3,1.8
intestinal research,Q1,4.7
intractable rare diseases research,Q2,2.1
intrecci d arte,,0.2
invasive plant science and management,Q3,1.5
inventiones mathematicae,Q1,3.8
inventions,Q2,2.4
inverse problems,Q1,2.1
inverse problems and imaging,Q2,1.6
invertebrate biology,Q3,0.8
invertebrate reproduction development,Q4,0.7
invertebrate systematics,Q1,2.2
investigacion bibliotecologica,Q4,0.4
investigacion clinica,Q4,0.4
investigacion economica,Q4,0.5
investigacion y educacion en enfermeria,Q3,1.6
investigaciones de historia economica,Q1,0.8
investigaciones feministas,Q4,0.1
investigaciones fenomenologicas,,0.3
investigaciones geograficas spain,Q3,0.7
investigaciones historicas epoca moderna y contemporanea,Q3,0.1
investigaciones regionales journal of regional research,Q3,1.5
investigaciones sobre lectura,Q2,1.1
investigaciones turisticas,Q4,1
investigational new drugs,Q2,3.4
investigative and clinical urology,Q2,2.9
investigative magnetic resonance imaging,Q4,0.6
investigative ophthalmology visual science,Q1,5.5
investigative radiology,Q1,7.9
investment analysts journal,Q2,2.2
involve a journal of mathematics,Q4,0.2
inzinerine ekonomika engineering economics,Q2,1.9
inzynieria mineralna journal of the polish mineral engineering society,Q4,0.3
ionics,Q2,3.4
iot,Q2,4.3
iowa law review,Q1,1.4
ipotesi revista de estudos literarios,,<0.1
ipri journal,Q4,<0.1
ipsi transactions on internet research,Q4,0.3
iradiology,Q2,2.4
iral international review of applied linguistics in language teaching,Q1,2.7
iran and the caucasus,Q2,0.3
iran journal of the british institute of persian studies,,1.5
iranian biomedical journal,Q3,1.9
iranian heart journal,Q4,0.1
iranian journal of allergy asthma and immunology,Q3,1.5
iranian journal of applied animal science,Q4,0.5
iranian journal of basic medical sciences,Q2,3.2
iranian journal of biotechnology,Q4,1.8
iranian journal of catalysis,Q4,1.9
iranian journal of chemistry chemical engineering international english edition,Q4,1.2
iranian journal of child neurology,Q4,1
iranian journal of earth sciences,Q4,0.6
iranian journal of fisheries sciences,Q4,0.8
iranian journal of fuzzy systems,Q1,1.6
iranian journal of immunology,Q4,1.1
iranian journal of kidney diseases,Q4,0.9
iranian journal of language teaching research,Q2,2.3
iranian journal of management studies,Q4,0.9
iranian journal of materials science and engineering,Q4,0.8
iranian journal of mathematical chemistry,Q3,1.5
iranian journal of mathematical sciences and informatics,Q4,0.4
iranian journal of medical sciences,Q2,1.6
iranian journal of microbiology,Q4,1.9
iranian journal of neonatology,Q4,0.4
iranian journal of nuclear medicine,Q4,0.3
iranian journal of nursing and midwifery research,Q3,1.4
iranian journal of parasitology,Q4,1.3
iranian journal of pediatric hematology and oncology,Q4,0.4
iranian journal of pediatrics,Q4,0.4
iranian journal of pharmaceutical research,Q3,1.7
iranian journal of psychiatry and behavioral sciences,Q4,0.8
iranian journal of psychiatry and clinical psychology,Q4,0.4
iranian journal of public health,Q3,1.9
iranian journal of radiology,Q4,0.1
iranian journal of science,Q3,1.4
iranian journal of science and technology transactions of electrical engineering,Q4,1.6
iranian journal of science and technology transactions of mechanical engineering,Q3,2.1
iranian journal of veterinary research,Q3,0.9
iranian polymer journal,Q3,2.9
iranian red crescent medical journal,Q4,0.2
iranian studies,Q3,0.6
iranica antiqua,,0.2
iraqi journal of hematology,Q4,0.2
irbm,Q3,1.9
iride filosofia e discussione pubblica,,0.1
irish economic and social history,Q2,0.3
irish educational studies,Q2,1.9
irish historical studies,Q3,0.1
irish journal of agricultural and food research,Q3,1.2
irish journal of management,Q4,1.1
irish journal of medical science,Q2,2
irish journal of psychological medicine,Q2,2.5
irish jurist,Q4,0.1
irish political studies,Q3,0.8
irish studies review,,0.7
irish theological quarterly,,0.3
irish university review,,0.1
irish veterinary journal,Q1,2.7
ironmaking steelmaking,Q2,2.1
irrigation and drainage,Q2,1.9
irrigation science,Q1,3.4
isa transactions,Q1,6.6
iscience,Q1,4.5
isecure isc international journal of information security,Q4,0.7
isegoria,,0.2
ish journal of hydraulic engineering,Q4,1.2
isi bilimi ve teknigi dergisi journal of thermal science and technology,Q4,0.7
isij international,Q3,2
isis,Q2,0.8
isj invertebrate survival journal,Q4,0.5
islam and christian muslim relations,,0.5
islam zeitschrift fur geschichte und kultur des islamischen orients,,0.6
islamic law and society,,0.2
islamiyyat the international journal of islamic studies,,0.5
island arc,Q4,0.8
island studies journal,Q3,1
isle interdisciplinary studies in literature and environment,,0.3
islets,Q4,1.4
isme communications,Q1,6.4
isme journal,Q1,10.2
isogloss open journal of romance linguistics,Q3,0.5
isokinetics and exercise science,Q4,0.8
isotopes in environmental and health studies,Q3,1.7
isprs international journal of geo information,Q2,3.2
isprs journal of photogrammetry and remote sensing,Q1,12.9
isprs open journal of photogrammetry and remote sensing,Q1,7
isra international journal of islamic finance,Q3,1.3
israel affairs,Q2,0.7
israel journal of chemistry,Q3,2.1
israel journal of ecology evolution,Q4,0.5
israel journal of health policy research,Q2,2.4
israel journal of mathematics,Q2,0.9
israel journal of plant sciences,Q4,0.6
israel journal of veterinary medicine,Q4,0.7
israel law review,Q1,2.5
israel medical association journal,Q3,0.8
israel studies,Q2,0.7
israel studies review,Q2,0.7
israeli journal of aquaculture bamidgeh,Q4,0.8
issues in accounting education,Q2,2.1
issues in educational research,Q2,1.4
issues in law medicine,Q4,0.2
issues in mental health nursing,Q2,2
issues in science and technology,Q3,1.4
issues studies,Q3,0.4
istanbul business research,Q4,0.6
istanbul hukuk mecmuasi,Q4,0.1
istanbul iktisat dergisi istanbul journal of economics,Q4,0.4
istanbul journal of pharmacy,Q4,0.5
istanbul medical journal,Q4,0.2
istanbul universitesi sosyoloji dergisi istanbul university journal of sociology,Q4,0.3
istorija,Q3,0.1
istorija 20 veka,Q3,0.2
istoriya elektronnyi nauchno obrazovatelnyi zhurnal,Q2,0.3
istoriya history,Q3,0.2
it information technology,Q4,0.7
it professional,Q3,2.2
italian culture,,0.2
italian economic journal,Q2,1.7
italian geotechnical journal rivista italiana di geotecnica,Q4,0.7
italian journal of agrometeorology rivista italiana di agrometeorologia,Q3,1
italian journal of agronomy,Q1,3
italian journal of animal science,Q1,2.6
italian journal of dermatology and venereology,Q3,2.1
italian journal of engineering geology and environment,Q4,1
italian journal of food safety,Q4,1.5
italian journal of geosciences,Q3,1.3
italian journal of linguistics,Q3,0.8
italian journal of medicine,Q4,0.4
italian journal of pediatrics,Q1,3.5
italian journal of planning practice,,0.4
italian journal of pure and applied mathematics,Q4,0.2
italian journal of vascular and endovascular surgery,Q4,0.2
italian political science review rivista italiana di scienza politica,Q3,1.4
italian studies,,0.2
italianist,,0.2
italianistica rivista di letteratura italiana,,<0.1
italiano linguadue,,0.4
italica belgradensia,,0.1
ite journal institute of transportation engineers,Q4,0.1
ite transactions on media technology and applications,Q4,0.3
itea informacion tecnica economica agraria,Q4,0.3
itineraria,,<0.1
itinerario journal of imperial and global interactions,Q2,0.3
itinerarios revista de literatura,,0.1
itl international journal of applied linguistics,Q2,1.2
iubmb life,Q3,3.2
iucrj,Q1,3.5
ius canonicum,Q3,0.3
ius humani revista de derecho,Q3,0.3
izquierdas,Q4,0.2
izvestiya atmospheric and oceanic physics,Q4,0.6
izvestiya instituta matematiki i informatiki udmurtskogo gosudarstvennogo universiteta,Q3,0.5
izvestiya mathematics,Q3,0.7
izvestiya of saratov university mathematics mechanics informatics,Q4,0.3
izvestiya physics of the solid earth,Q4,0.7
izvestiya uralskogo federalnogo universiteta seriya 2 gumanitarnye nauki,,0.2
izvestiya vuzov prikladnaya khimiya i biotekhnologiya,Q4,0.3
izvestiya vysshikh uchebnykh zavedenii khimiya i khimicheskaya tekhnologiya,Q4,0.8
izvestiya vysshikh uchebnykh zavedeniy prikladnaya nelineynaya dinamika,Q4,0.4
j19 the journal of nineteenth century americanists,,0.2
ja clinical reports,Q3,1.2
jaacap open,Q1,3.1
jaad international,Q1,6.5
jaapa journal of the american academy of physician assistants,Q3,0.9
jac antimicrobial resistance,Q2,3.9
jacc advances,Q1,5.5
jacc asia,Q1,6.1
jacc basic to translational science,Q1,8.4
jacc cardiooncology,Q1,15.5
jacc cardiovascular imaging,Q1,19
jacc cardiovascular interventions,Q1,12.7
jacc clinical electrophysiology,Q1,7.2
jacc heart failure,Q1,11.9
jacc journal of the american college of cardiology,Q1,22.3
jacs au,Q1,8.5
jahrbuch der berliner museen,,<0.1
jahrbuch der oesterreichischen byzantinistik,,0.1
jahrbuch fur internationale germanistik,,<0.1
jahrbuch fur wirtschaftsgeschichte,Q1,0.6
jahrbucher fur geschichte osteuropas,Q3,0.2
jahrbucher fur nationalokonomie und statistik,Q3,1.2
jaids journal of acquired immune deficiency syndromes,Q3,2.3
jama cardiology,Q1,15.2
jama dermatology,Q1,10.9
jama health forum,Q1,12.5
jama internal medicine,Q1,26.3
jama journal of the american medical association,Q1,65.4
jama network open,Q1,11.7
jama neurology,Q1,23.6
jama oncology,Q1,23.9
jama ophthalmology,Q1,10.5
jama otolaryngology head neck surgery,Q1,7
jama pediatrics,Q1,17.1
jama psychiatry,Q1,18
jama surgery,Q1,15.6
jamba journal of disaster risk studies,Q2,1.5
james joyce quarterly,,0.1
jamia open,Q1,4.7
janac journal of the association of nurses in aids care,Q3,1.4
janus estudios sobre el siglo de oro,,1.5
japan and the world economy,Q2,1.7
japan architectural review,,0.5
japan forum,Q3,0.4
japan journal of industrial and applied mathematics,Q2,1.3
japan journal of nursing science,Q3,1.8
japan review,,0.1
japanese accounting review,Q4,<0.1
japanese dental science review,Q1,8.1
japanese economic review,Q4,0.6
japanese journal of applied entomology and zoology,Q4,0.4
japanese journal of applied physics,Q4,1.7
japanese journal of clinical oncology,Q3,2.5
japanese journal of infectious diseases,Q4,1.1
japanese journal of mathematics,Q1,1.3
japanese journal of ophthalmology,Q2,2.7
japanese journal of political science,Q2,1.6
japanese journal of radiology,Q1,4.6
japanese journal of religious studies,,0.4
japanese journal of sociology,Q4,0.6
japanese journal of statistics and data science,Q3,1
japanese journal of veterinary research,Q3,0.8
japanese political economy,Q3,0.9
japanese psychological research,Q4,0.6
japanese studies,Q3,0.4
japanese studies in russia,Q4,0.1
jaro journal of the association for research in otolaryngology,Q1,2.9
jarq japan agricultural research quarterly,Q4,0.5
jasa express letters,Q3,1.5
jasss the journal of artificial societies and social simulation,Q1,2.9
jati journal of southeast asian studies,Q3,0.5
javma journal of the american veterinary medical association,Q2,2.3
javnost the public,Q2,1.7
jazz research journal,,0.4
jbi evidence implementation,Q2,2
jbi evidence synthesis,Q1,6.8
jbjs essential surgical techniques,Q2,2.4
jbjs open access,Q1,4.9
jbjs reviews,Q1,2.8
jbmr plus,Q3,3
jci insight,Q1,6.8
jcis open,Q1,7.5
jcms journal of cinema and media studies,,0.6
jcms journal of common market studies,Q1,4
jco clinical cancer informatics,Q2,3.6
jco global oncology,Q2,3.8
jco oncology practice,Q1,5.5
jco precision oncology,Q2,4.7
jcom journal of science communication,Q2,2.1
jcpp advances,Q1,4.1
jcpsp journal of the college of physicians and surgeons pakistan,Q3,1.1
jcr journal of clinical rheumatology,Q3,1.9
jdr clinical translational research,Q2,2
jds communications,Q2,2.4
jeadv clinical practice,Q4,0.7
jebat malaysian journal of history politics and strategic studies,Q2,0.4
jetp letters,Q3,1.1
jeu revue de theatre,,<0.1
jeunesse young people texts cultures,,0.3
jewish historical studies transactions of the jewish historical society of england,Q3,0.2
jewish history,Q2,0.4
jewish social studies,,0.8
jewish studies quarterly,,0.4
jezikoslovlje,,0.2
jfr journal of family research,Q3,1.2
jgh open,Q4,1.6
jhep reports,Q1,8.7
jid innovations,Q2,3
jimd reports,Q4,1.6
jims8m the journal of indian management strategy,Q4,0.2
jirss journal of the iranian statistical society,Q4,0.1
jlis it,Q4,0.4
jma journal,Q2,2
jmir aging,Q1,4.6
jmir ai,Q1,6.1
jmir cancer,Q3,2.6
jmir cardio,Q2,2.4
jmir dermatology,Q2,3.4
jmir diabetes,Q2,2.9
jmir formative research,Q2,2.4
jmir human factors,Q1,3.9
jmir infodemiology,Q1,4
jmir medical education,Q1,13.9
jmir medical informatics,Q2,5
jmir mental health,Q1,7.4
jmir mhealth and uhealth,Q1,6.3
jmir nursing,Q1,5
jmir pediatrics and parenting,Q2,2.3
jmir perioperative medicine,Q2,2.4
jmir public health and surveillance,Q1,4.4
jmir rehabilitation and assistive technologies,Q1,3.1
jmir research protocols,Q3,1.6
jmir serious games,Q1,4.7
jmir xr and spatial computing,Q3,1.8
jmm international journal on media management,Q4,0.3
jnci cancer spectrum,Q2,4.8
jnci journal of the national cancer institute,Q1,7.7
jnp the journal for nurse practitioners,Q4,0.9
jnt journal of narrative theory,,0.3
jognn journal of obstetric gynecologic and neonatal nursing,Q2,2.1
johns hopkins apl technical digest,Q4,0.2
johnson matthey technology review,Q4,1.7
joint bone spine,Q1,5
joint commission journal on quality and patient safety,Q2,3
joint diseases and related surgery,Q2,2.5
jokull,Q4,0.3
jom,Q2,2.3
jomr journal of oral maxillofacial research,Q3,1.6
jor spine,Q1,3.9
jordan journal of chemistry,Q4,0.4
jordan journal of civil engineering,Q4,1.1
jordan journal of electrical engineering,Q4,0.8
jordan journal of mathematics and statistics,Q3,0.5
jordan journal of modern languages literature,,0.2
jordan journal of physics,Q4,0.5
jordanian journal of computers and information technology,Q4,0.7
jornal brasileiro de nefrologia,Q3,1.6
jornal brasileiro de pneumologia,Q2,3.6
jornal brasileiro de reproducao assistida,Q3,1.7
jornal de pediatria,Q1,3
jornal vascular brasileiro,Q4,1.1
joule,Q1,37.1
journal asiatique,,<0.1
journal awwa,Q4,0.5
journal d analyse mathematique,Q1,1.3
journal de l ecole polytechnique mathematiques,Q2,1
journal de la societe des americanistes,Q4,<0.1
journal de mathematiques pures et appliquees,Q1,2.6
journal de mycologie medicale,Q3,2.4
journal de theorie des nombres de bordeaux,Q4,0.2
journal der deutschen dermatologischen gesellschaft,Q1,5
journal for critical education policy studies,Q4,0.3
journal for cultural research,Q2,0.6
journal for educational research online jero,Q4,0.2
journal for eighteenth century studies,,0.3
journal for european environmental planning law,Q1,2
journal for general philosophy of science,Q2,0.9
journal for geometry and graphics,Q4,0.2
journal for healthcare quality,Q4,1.1
journal for immunotherapy of cancer,Q1,11.7
journal for international business and entrepreneurship development,Q4,1.3
journal for labour market research,Q3,1.5
journal for multicultural education,Q2,1.5
journal for nature conservation,Q2,2.7
journal for nurses in professional development,Q4,1
journal for peace and nuclear disarmament,Q3,1
journal for research in mathematics education,Q1,4.1
journal for specialists in group work,Q3,1.2
journal for specialists in pediatric nursing,Q3,1.1
journal for the academic study of religion,,0.1
journal for the education of the gifted,Q2,1.6
journal for the history of astronomy,Q2,0.9
journal for the history of modern theology zeitschrift fur neuere theologiegeschichte,,0.1
journal for the measurement of physical behaviour,Q3,1.5
journal for the scientific study of religion,Q2,2.3
journal for the study of christian culture,,<0.1
journal for the study of education and development,Q4,1.4
journal for the study of judaism,Q1,1.1
journal for the study of religion,,0.1
journal for the study of religion nature and culture,,0.4
journal for the study of religions and ideologies,,0.4
journal for the study of spirituality,,0.9
journal for the study of sports and athletes in education,Q4,<0.1
journal for the study of the historical jesus,,0.4
journal for the study of the new testament,,0.4
journal for the study of the old testament,,0.2
journal for the study of the pseudepigrapha,,0.3
journal for the theory of social behaviour,Q3,1.7
journal francais d ophtalmologie,Q4,1
journal fur die reine und angewandte mathematik,Q1,1.6
journal fur endokrinologie diabetologie und stoffwechsel,Q4,0.2
journal fur hypertonie,Q4,<0.1
journal fur kardiologie,Q4,<0.1
journal fur kulturpflanzen,Q4,0.6
journal fur mathematik didaktik,Q3,0.9
journal of aapos,Q3,1.3
journal of abdominal wall surgery,Q1,3.6
journal of academic ethics,Q1,2.9
journal of academic language and learning,Q1,3.4
journal of academic librarianship,Q2,2.9
journal of academic research in medicine jarem,Q3,0.5
journal of accounting and organizational change,Q2,3.5
journal of accounting and public policy,Q2,2.2
journal of accounting auditing and finance,Q3,1.3
journal of accounting economics,Q1,7.8
journal of accounting in emerging economies,Q1,3.8
journal of accounting literature,Q1,4.8
journal of accounting research,Q1,10.4
journal of accounting review,Q4,0.3
journal of active and passive electronic devices,Q4,0.3
journal of activity sedentary and sleep behaviors,Q1,3.3
journal of acupuncture and meridian studies,Q3,1.3
journal of acupuncture and tuina science,Q4,0.7
journal of acute care physical therapy,Q4,0.5
journal of acute disease,Q4,0.5
journal of acute medicine,Q3,1.1
journal of adaptation in film performance,,0.1
journal of addiction medicine,Q2,3.1
journal of addictions nursing,Q4,0.9
journal of addictions offender counseling,Q4,1.1
journal of addictive diseases,Q3,1.7
journal of adhesion,Q2,2.6
journal of adhesion science and technology,Q2,3.4
journal of adhesive dentistry,Q2,2.7
journal of adolescence,Q1,3.2
journal of adolescent adult literacy,Q2,1.5
journal of adolescent and young adult oncology,Q4,1.6
journal of adolescent health,Q1,4.2
journal of adolescent research,Q2,2.1
journal of adult and continuing education,Q3,1
journal of adult development,Q2,2.1
journal of adult protection,Q3,1
journal of advanced academics,Q3,1.2
journal of advanced applied scientific research,Q4,0.5
journal of advanced ceramics,Q1,14
journal of advanced computational intelligence and intelligent informatics,Q4,0.7
journal of advanced concrete technology,Q3,2.2
journal of advanced dielectrics,Q2,3.3
journal of advanced joining processes,Q1,4.4
journal of advanced manufacturing systems,Q4,1
journal of advanced mechanical design systems and manufacturing,Q4,1
journal of advanced nursing,Q1,3.8
journal of advanced oral research,Q4,0.8
journal of advanced prosthodontics,Q2,2
journal of advanced research,Q1,17.1
journal of advanced simulation in science and engineering,Q4,0.2
journal of advanced transportation,Q3,2.2
journal of advanced veterinary and animal research,Q2,1.9
journal of advances in information technology,Q4,1.3
journal of advances in management research,Q3,2.8
journal of advances in modeling earth systems,Q2,4.6
journal of adventure education and outdoor learning,Q2,1.6
journal of advertising,Q1,7.7
journal of advertising research,Q1,3.3
journal of aeronautics astronautics and aviation,Q3,1.3
journal of aerosol medicine and pulmonary drug delivery,Q3,2.2
journal of aerosol science,Q2,2.9
journal of aerospace engineering,Q3,1.6
journal of aerospace information systems,Q2,1.9
journal of aerospace technology and management,Q3,1.3
journal of aesthetic education,,0.7
journal of aesthetics and art criticism,,0.9
journal of aesthetics and phenomenology,,0.3
journal of aesthetics culture,Q2,1
journal of affective disorders,Q1,5.7
journal of affective disorders reports,Q2,3
journal of african american studies,Q3,0.6
journal of african archaeology,,0.9
journal of african business,Q3,1.5
journal of african cinemas,,<0.1
journal of african cultural studies,Q2,0.7
journal of african development,Q4,0.9
journal of african earth sciences,Q2,2.5
journal of african economies,Q3,1.3
journal of african history,Q1,1.3
journal of african languages and linguistics,Q3,0.7
journal of african law,Q3,0.4
journal of african media studies,Q3,0.3
journal of african military history,Q3,0.2
journal of africana religions,,0.2
journal of aggression conflict and peace research,Q3,1.2
journal of aggression maltreatment trauma,Q2,1.6
journal of aging and environment,Q4,1.2
journal of aging and health,Q2,2.2
journal of aging and physical activity,Q3,1.7
journal of aging and social change,Q4,0.6
journal of aging research,Q4,2
journal of aging social policy,Q3,1.8
journal of aging studies,Q2,2.4
journal of agrarian change,Q1,4.1
journal of agribusiness in developing and emerging economies,Q2,2.5
journal of agricultural and applied economics,Q2,1.7
journal of agricultural and food chemistry,Q1,6.7
journal of agricultural and resource economics,Q3,1.3
journal of agricultural biological and environmental statistics,Q3,1.1
journal of agricultural economics,Q1,5.5
journal of agricultural education extension,Q2,2.3
journal of agricultural engineering,Q2,3.1
journal of agricultural engineering india,Q4,0.9
journal of agricultural environmental ethics,Q1,1.7
journal of agricultural extension,Q3,1.4
journal of agricultural food information,Q4,0.6
journal of agricultural machinery,Q4,0.6
journal of agricultural meteorology,Q2,1.5
journal of agricultural safety and health,Q4,1
journal of agricultural science,Q2,2.3
journal of agricultural science and technology,Q2,1.9
journal of agricultural sciences,Q3,0.8
journal of agricultural sciences tarim bilimleri dergisi,Q2,1.5
journal of agriculture and environment for international development,Q3,1.3
journal of agriculture and food research,Q1,7.2
journal of agriculture food systems and community development,Q2,2.1
journal of agromedicine,Q3,1.6
journal of agronomy and crop science,Q1,3.2
journal of air transport management,Q2,4.6
journal of aircraft,Q2,2.4
journal of al tamaddun,,0.8
journal of algebra,Q2,0.8
journal of algebra and its applications,Q3,0.5
journal of algebraic combinatorics,Q2,0.9
journal of algebraic geometry,Q1,1.6
journal of algebraic systems,Q4,0.4
journal of algorithms computational technology,Q4,1.7
journal of allergy and clinical immunology,Q1,11.7
journal of allergy and clinical immunology global,Q3,2.6
journal of allergy and clinical immunology in practice,Q1,7.2
journal of alloys and compounds,Q1,6.7
journal of alloys and metallurgical systems,Q1,4.8
journal of alternative investments,Q4,0.7
journal of alzheimers disease,Q2,3.4
journal of alzheimers disease reports,Q3,3.1
journal of ambient intelligence and smart environments,Q3,1.9
journal of ambulatory care management,Q4,1.3
journal of american college health,Q2,1.5
journal of american culture,,0.1
journal of american east asian relations,Q4,<0.1
journal of american ethnic history,Q1,0.7
journal of american folklore,,0.3
journal of american history,Q1,0.7
journal of american studies,,0.3
journal of anaesthesiology clinical pharmacology,Q4,1.5
journal of analysis,Q1,1.7
journal of analysis and testing,Q1,9.4
journal of analytical and applied pyrolysis,Q1,6.7
journal of analytical atomic spectrometry,Q1,3.3
journal of analytical chemistry,Q4,1.5
journal of analytical methods in chemistry,Q3,2.1
journal of analytical psychology,Q2,0.5
journal of analytical science and technology,Q3,2.4
journal of analytical toxicology,Q3,2.7
journal of anatomy,Q2,2.2
journal of ancient history and archaeology,,0.2
journal of ancient judaism,,0.5
journal of ancient near eastern history,Q2,0.3
journal of ancient near eastern religions,Q2,0.3
journal of anesthesia,Q2,2.8
journal of anesthesia analgesia and critical care,Q1,4.1
journal of anglican studies,,0.2
journal of animal and feed sciences,Q2,1.9
journal of animal and plant sciences japs,Q3,0.6
journal of animal behaviour and biometeorology,Q3,1.4
journal of animal breeding and genetics,Q2,1.9
journal of animal ecology,Q1,3.7
journal of animal physiology and animal nutrition,Q1,2.8
journal of animal science,Q1,3.7
journal of animal science and biotechnology,Q1,7.9
journal of animal science and technology,Q1,3.4
journal of anthropological archaeology,Q1,2
journal of anthropological research,Q3,0.9
journal of anthropological sciences,Q2,1.6
journal of antibiotics,Q3,2.7
journal of antimicrobial chemotherapy,Q1,4.1
journal of antitrust enforcement,Q2,1.2
journal of anxiety disorders,Q1,5
journal of aoac international,Q3,1.8
journal of apicultural research,Q2,1.9
journal of apicultural science,Q3,1.1
journal of applied accounting research,Q1,5.1
journal of applied analysis,Q4,0.7
journal of applied analysis and computation,Q2,1.5
journal of applied and computational mechanics,Q2,3.5
journal of applied and numerical analysis,Q4,0.5
journal of applied animal research,Q2,2
journal of applied animal welfare science,Q3,1.3
journal of applied aquaculture,Q3,1.5
journal of applied behavior analysis,Q1,3.4
journal of applied behavioral science,Q2,2.7
journal of applied biomaterials functional materials,Q2,2.9
journal of applied biomechanics,Q3,1.6
journal of applied biomedicine,Q3,1.9
journal of applied botany and food quality,Q4,0.8
journal of applied clinical medical physics,Q2,2.5
journal of applied communication research,Q2,1.7
journal of applied crystallography,Q2,2.7
journal of applied developmental psychology,Q2,2.5
journal of applied ecology,Q1,5.3
journal of applied econometrics,Q2,2.5
journal of applied economics,Q2,2.7
journal of applied economics and business research,Q4,0.5
journal of applied electrochemistry,Q3,3.7
journal of applied engineering sciences,Q4,0.8
journal of applied entomology,Q2,1.8
journal of applied fluid mechanics,Q3,1.7
journal of applied genetics,Q3,2.1
journal of applied geodesy,Q4,1.4
journal of applied geophysics,Q2,2.6
journal of applied gerontology,Q3,2
journal of applied glycoscience,Q4,1.5
journal of applied hermeneutics,,0.3
journal of applied ichthyology,Q3,1.6
journal of applied journalism media studies,Q4,0.5
journal of applied laboratory medicine,Q2,2.3
journal of applied logics ifcolog journal of logics and their applications,Q4,0.3
journal of applied mathematics,Q1,2
journal of applied mathematics and computational mechanics,Q1,1.5
journal of applied mathematics and computing,Q1,3
journal of applied mathematics informatics,Q4,0.5
journal of applied mathematics statistics and informatics,Q3,1
journal of applied mechanics and technical physics,Q4,0.8
journal of applied mechanics transactions of the asme,Q2,2.7
journal of applied meteorology and climatology,Q3,2.6
journal of applied microbiology,Q3,2.8
journal of applied nonlinear dynamics,Q3,0.8
journal of applied oral science,Q2,3
journal of applied philosophy,Q3,1.2
journal of applied phycology,Q1,3.6
journal of applied physics,Q3,2.7
journal of applied physiology,Q1,3.7
journal of applied polymer science,Q3,3.1
journal of applied poultry research,Q2,2.3
journal of applied probability,Q4,0.6
journal of applied psychology,Q1,6.7
journal of applied remote sensing,Q3,1.8
journal of applied research in higher education,Q2,1.8
journal of applied research in intellectual disabilities,Q2,2.2
journal of applied research in memory and cognition,Q2,2.4
journal of applied research on medicinal and aromatic plants,Q2,3.4
journal of applied school psychology,Q4,0.4
journal of applied science and engineering,Q3,0.8
journal of applied security research,Q1,2
journal of applied social psychology,Q2,2.6
journal of applied spectroscopy,Q4,0.7
journal of applied sport and exercise psychology zeitschrift fur sportpsychologie,Q4,0.4
journal of applied sport management,Q4,0.5
journal of applied sport psychology,Q1,3.6
journal of applied statistics,Q3,1.1
journal of applied toxicology,Q2,3.1
journal of applied water engineering and research,Q4,1
journal of approximation theory,Q3,0.7
journal of aquatic animal health,Q2,2.1
journal of aquatic food product technology,Q4,1.2
journal of aquatic plant management,Q4,0.4
journal of arab muslim media research,Q3,0.6
journal of arabic literature,,0.3
journal of arachnology,Q3,1
journal of archaeological method and theory,Q1,2.7
journal of archaeological research,Q1,5
journal of archaeological science,Q1,2.9
journal of archaeological science reports,,1.6
journal of architectural and planning research,Q1,6.3
journal of architectural conservation,,1.6
journal of architectural education,,0.3
journal of architectural engineering,Q3,2
journal of architecture,,0.7
journal of architecture and planning king saud university,Q4,0.3
journal of architecture and urbanism,,1
journal of argumentation in context,Q3,0.7
journal of arid environments,Q2,2.5
journal of arid land,Q3,3.4
journal of arrhythmia,Q3,1.9
journal of art history sanat tarihi yilligi,Q4,<0.1
journal of arthroplasty,Q1,4.4
journal of arthropod borne diseases,Q4,1.3
journal of artificial intelligence and soft computing research,Q2,5
journal of artificial intelligence research,Q2,4
journal of artificial organs,Q4,1.2
journal of arts management law and society,,1.2
journal of asia business studies,Q2,3.3
journal of asia pacific biodiversity,Q4,0.8
journal of asia pacific entomology,Q2,1.5
journal of asia pacific pop culture,,0.1
journal of asia tefl,Q4,0.4
journal of asian and african studies,Q2,1
journal of asian architecture and building engineering,Q2,2.6
journal of asian business and economic studies,Q1,3.2
journal of asian ceramic societies,Q3,1.8
journal of asian earth sciences,Q2,2.4
journal of asian earth sciences x,Q3,1.6
journal of asian economics,Q1,3.6
journal of asian history,Q3,0.2
journal of asian natural products research,Q3,1.6
journal of asian pacific communication,Q3,1
journal of asian public policy,Q1,2.9
journal of asian security and international affairs,Q3,1.1
journal of asian studies,Q2,0.8
journal of asset management,Q3,1.7
journal of assisted reproduction and genetics,Q2,2.8
journal of asthma,Q3,1.6
journal of asthma and allergy,Q2,3.3
journal of astronomical history and heritage,Q4,0.5
journal of astronomical instrumentation,Q3,1.5
journal of astronomical telescopes instruments and systems,Q3,1.5
journal of astronomy and earth sciences education,,N/A
journal of astronomy and space sciences,Q2,2.4
journal of astrophysics and astronomy,Q3,1.5
journal of atherosclerosis and thrombosis,Q2,3.4
journal of athletic training,Q2,2.6
journal of atmospheric and oceanic technology,Q3,2.3
journal of atmospheric and solar terrestrial physics,Q2,2.2
journal of atmospheric chemistry,Q3,2.8
journal of attention disorders,Q1,3.2
journal of audiology and otology,Q2,1.8
journal of australian political economy,Q3,0.8
journal of australian studies,Q1,0.5
journal of austrian studies,,0.3
journal of autism and developmental disorders,Q2,2.6
journal of autoimmunity,Q1,6.8
journal of automated reasoning,Q4,0.7
journal of avian biology,Q1,1.9
journal of avian medicine and surgery,Q4,0.5
journal of ayurveda and integrative medicine,Q2,2.1
journal of back and musculoskeletal rehabilitation,Q3,1.6
journal of bacteriology,Q2,3.8
journal of balkan and near eastern studies,Q2,1
journal of baltic science education,Q2,1.4
journal of baltic studies,Q3,0.6
journal of band research,,0.1
journal of banking and finance law and practice,Q4,<0.1
journal of banking finance,Q1,4
journal of banking regulation,Q3,1.7
journal of basic and applied zoology,Q3,1.7
journal of basic and clinical health sciences,Q4,0.4
journal of basic microbiology,Q3,3.3
journal of beckett studies,,0.3
journal of behavior therapy and experimental psychiatry,Q2,2.3
journal of behavioral addictions,Q1,6.3
journal of behavioral and cognitive therapy,Q2,2.3
journal of behavioral and experimental economics,Q3,1.5
journal of behavioral and experimental finance,Q1,3.9
journal of behavioral decision making,Q3,1.5
journal of behavioral education,Q3,1.3
journal of behavioral finance,Q2,1.7
journal of behavioral health services research,Q3,1.6
journal of behavioral medicine,Q2,2.7
journal of behavioral science,Q3,0.7
journal of behcet uz childrens hospital,Q4,0.2
journal of belgian history revue belge d histoire contemporaine belgisch tijdschrift voor nieuwste geschiedenis,Q3,0.1
journal of beliefs values studies in religion education,Q2,1.4
journal of benefit cost analysis,Q2,1.9
journal of berry research,Q2,2.5
journal of biblical literature,,0.4
journal of big data,Q1,10.8
journal of bio x research,Q4,2.3
journal of bioactive and compatible polymers,Q3,1.9
journal of biochemical and molecular toxicology,Q2,3.6
journal of biochemistry,Q3,2.4
journal of bioenergetics and biomembranes,Q2,3.7
journal of bioethical inquiry,Q2,2.1
journal of biogeography,Q2,3.5
journal of bioinformatics and computational biology,Q4,0.8
journal of biological chemistry,Q2,4.1
journal of biological dynamics,Q2,2.7
journal of biological education,Q3,1.2
journal of biological engineering,Q1,6.3
journal of biological inorganic chemistry,Q2,2.8
journal of biological physics,Q3,2
journal of biological research bollettino della societa italiana di biologia sperimentale,Q4,0.6
journal of biological research thessaloniki,Q4,0.8
journal of biological rhythms,Q2,3
journal of biological systems,Q3,1.3
journal of biologically active products from nature,Q4,1.3
journal of biomaterials applications,Q3,2.4
journal of biomaterials science polymer edition,Q2,3.5
journal of biomechanical engineering transactions of the asme,Q4,1.6
journal of biomechanical science and engineering,Q4,1
journal of biomechanics,Q2,2.9
journal of biomedical informatics,Q2,5.9
journal of biomedical materials research part a,Q2,3.8
journal of biomedical materials research part b applied biomaterials,Q3,3
journal of biomedical optics,Q2,3.3
journal of biomedical research,Q2,3.7
journal of biomedical science,Q1,14.5
journal of biomedical semantics,Q2,2.6
journal of biomimetics biomaterials and biomedical engineering,Q4,0.6
journal of biomolecular nmr,Q2,2.1
journal of biomolecular structure dynamics,Q3,2.5
journal of bionic engineering,Q1,4.4
journal of biopharmaceutical statistics,Q2,1.3
journal of biophotonics,Q3,2
journal of bioresources and bioproducts,Q1,19.9
journal of biosafety and biosecurity,Q1,3.5
journal of bioscience and bioengineering,Q3,2.5
journal of biosciences,Q3,1.7
journal of biosocial science,Q3,1.4
journal of biosystems engineering,Q2,2.9
journal of biotechnology,Q2,4
journal of bisexuality,Q2,1.3
journal of black psychology,Q1,3.2
journal of black studies,Q3,1
journal of blood medicine,Q3,2.1
journal of bodywork and movement therapies,Q3,1.3
journal of bone and joint infection,Q1,2.7
journal of bone and joint surgery american volume,Q1,4.5
journal of bone and mineral metabolism,Q3,2.9
journal of bone and mineral research,Q1,6.5
journal of bone oncology,Q2,3.6
journal of borderlands studies,Q3,1.2
journal of brachial plexus and peripheral nerve injury,Q4,1.1
journal of brand management,Q1,6.2
journal of breast cancer,Q2,3.6
journal of breast imaging,Q3,1.7
journal of breath research,Q2,2.7
journal of bridge engineering,Q2,3.8
journal of british and irish innovative poetry,,<0.1
journal of british cinema and television,,0.2
journal of british studies,Q1,0.9
journal of broadcasting electronic media,Q2,2.3
journal of bronchology interventional pulmonology,Q3,2.3
journal of bryology,Q4,0.7
journal of building engineering,Q1,8.1
journal of building performance simulation,Q2,3.2
journal of building physics,Q3,2.3
journal of burn care research,Q2,1.9
journal of business analytics,Q3,1.9
journal of business and psychology,Q1,4.8
journal of business and technical communication,Q1,3.3
journal of business economic statistics,Q1,2.4
journal of business economics,Q1,3.8
journal of business economics and management,Q1,2.9
journal of business ethics,Q1,6.3
journal of business finance accounting,Q2,2.6
journal of business finance librarianship,Q2,1.9
journal of business industrial marketing,Q2,4.1
journal of business logistics,Q1,10.7
journal of business research,Q1,11.1
journal of business to business marketing,Q3,1.8
journal of business venturing,Q1,8.1
journal of cachexia sarcopenia and muscle,Q1,9.9
journal of canadian studies revue d etudes canadiennes,,0.3
journal of cancer,Q2,3.4
journal of cancer education,Q3,1.6
journal of cancer metastasis and treatment,Q4,1.6
journal of cancer policy,Q3,2.2
journal of cancer prevention,Q3,2.5
journal of cancer research and clinical oncology,Q2,3.3
journal of cancer research and therapeutics,Q4,1.4
journal of cancer survivorship,Q1,3.4
journal of cannabis research,Q2,3.8
journal of carbohydrate chemistry,Q4,1
journal of cardiac failure,Q1,9.9
journal of cardiac surgery,Q4,0.4
journal of cardiology,Q2,3.5
journal of cardiopulmonary rehabilitation and prevention,Q2,2.9
journal of cardiothoracic and vascular anesthesia,Q2,2.6
journal of cardiothoracic surgery,Q3,1.6
journal of cardiovascular aging,Q1,4.4
journal of cardiovascular and thoracic research,Q3,1.4
journal of cardiovascular computed tomography,Q1,5.4
journal of cardiovascular development and disease,Q2,2.6
journal of cardiovascular echography,Q4,1.1
journal of cardiovascular electrophysiology,Q2,2.4
journal of cardiovascular emergencies,Q4,0.5
journal of cardiovascular magnetic resonance,Q1,5
journal of cardiovascular medicine,Q2,2.6
journal of cardiovascular nursing,Q2,2.3
journal of cardiovascular pharmacology,Q2,2.5
journal of cardiovascular pharmacology and therapeutics,Q2,2.9
journal of cardiovascular surgery,Q3,1.3
journal of cardiovascular translational research,Q2,2.6
journal of career assessment,Q2,3.3
journal of career development,Q3,2.4
journal of cases on information technology,Q4,1.4
journal of catalysis,Q1,6
journal of cataract and refractive surgery,Q1,3.7
journal of causal inference,Q2,2.2
journal of cave and karst studies,Q4,0.3
journal of cell biology,Q2,6.1
journal of cell communication and signaling,Q3,4
journal of cell science,Q3,3.9
journal of cellular and molecular medicine,Q2,4.7
journal of cellular automata,Q4,0.3
journal of cellular biochemistry,Q3,3
journal of cellular physiology,Q1,4
journal of cellular plastics,Q2,3
journal of central banking theory and practice,Q3,1.7
journal of central european agriculture,Q4,0.8
journal of central nervous system disease,Q3,2.4
journal of central south university,Q1,4.7
journal of ceramic processing research,Q3,1.4
journal of ceramic science and technology,Q4,0.9
journal of cereal science,Q2,4.3
journal of cerebral blood flow and metabolism,Q1,4.7
journal of change management,Q2,3.1
journal of chemical and engineering data,Q3,2.4
journal of chemical crystallography,Q4,0.7
journal of chemical ecology,Q3,2.1
journal of chemical education,Q1,3
journal of chemical engineering of japan,Q3,1.9
journal of chemical information and modeling,Q1,6.4
journal of chemical metrology,Q4,1.5
journal of chemical neuroanatomy,Q3,2.6
journal of chemical physics,Q1,3.7
journal of chemical research,Q3,1.5
journal of chemical sciences,Q3,1.8
journal of chemical technology and biotechnology,Q3,2.7
journal of chemical theory and computation,Q1,5.8
journal of chemical thermodynamics,Q2,2.5
journal of cheminformatics,Q1,7.9
journal of chemistry,Q2,4
journal of chemistry and technologies,Q4,0.5
journal of chemometrics,Q1,2
journal of chemotherapy,Q3,2.1
journal of chest surgery,Q3,1.5
journal of child adolescent substance use,,N/A
journal of child adolescent trauma,Q1,2.2
journal of child and adolescent mental health,Q3,1.7
journal of child and adolescent psychiatric nursing,Q3,1.5
journal of child and adolescent psychopharmacology,Q2,1.8
journal of child and family studies,Q2,2.1
journal of child cocuk dergisi,Q4,0.2
journal of child health care,Q2,1.9
journal of child language,Q1,2.1
journal of child neurology,Q3,1.6
journal of child psychology and psychiatry,Q1,6.6
journal of child psychotherapy,Q4,1
journal of child science,Q4,0.2
journal of child sexual abuse,Q3,1.3
journal of childhood studies,Q4,0.6
journal of children and media,Q1,2.3
journal of childrens orthopaedics,Q2,1.8
journal of childrens services,Q4,0.7
journal of china tourism research,Q2,2.3
journal of chinese cinemas,,0.5
journal of chinese economic and business studies,Q1,3.7
journal of chinese economic and foreign trade studies,Q2,2
journal of chinese governance,Q1,5.5
journal of chinese history,Q1,0.5
journal of chinese human resources management,Q3,2.6
journal of chinese linguistics,Q4,0.2
journal of chinese literature and culture,,0.2
journal of chinese military history,Q2,0.3
journal of chinese overseas,Q4,0.3
journal of chinese philosophy,,0.5
journal of chinese political science,Q1,5.4
journal of chinese religions,,0.8
journal of chinese sociology,Q1,2.7
journal of chinese writing systems,Q4,0.3
journal of chiropractic education,Q4,0.6
journal of chiropractic medicine,Q3,1.4
journal of choice modelling,Q1,2.8
journal of christian nursing,Q4,0.4
journal of chromatographic science,Q3,1.8
journal of chromatography a,Q2,4
journal of chromatography b analytical technologies in the biomedical and life sciences,Q3,2.5
journal of chromatography open,Q2,3.6
journal of church and state,,0.3
journal of circuits systems and computers,Q4,1
journal of circular economy,Q3,3.1
journal of civil engineering and management,Q2,3
journal of civil engineering education,Q2,2.2
journal of civil society,Q3,1.1
journal of civil structural health monitoring,Q1,4.9
journal of classical sociology,Q4,0.5
journal of classics teaching,,0.5
journal of classification,Q2,1.8
journal of cleaner production,Q1,10.7
journal of climate,Q2,4.3
journal of climate change,Q4,0.7
journal of climate change and health,Q1,4.5
journal of clinical and diagnostic research,Q4,0.2
journal of clinical and experimental hematopathology,Q4,1.4
journal of clinical and experimental hepatology,Q2,3.4
journal of clinical and experimental neuropsychology,Q2,2
journal of clinical and translational endocrinology,Q1,4.9
journal of clinical and translational hepatology,Q1,6
journal of clinical and translational science,Q3,2.7
journal of clinical anesthesia,Q1,6
journal of clinical apheresis,Q2,2.8
journal of clinical biochemistry and nutrition,Q3,1.9
journal of clinical child and adolescent psychology,Q1,5.2
journal of clinical densitometry,Q3,2.5
journal of clinical endocrinology metabolism,Q1,5.4
journal of clinical epidemiology,Q1,5.8
journal of clinical gastroenterology,Q3,2.7
journal of clinical hypertension,Q2,2.9
journal of clinical imaging science,Q4,1.1
journal of clinical immunology,Q2,4.1
journal of clinical investigation,Q1,14.3
journal of clinical laboratory analysis,Q2,2.5
journal of clinical lipidology,Q1,6.9
journal of clinical medicine,Q1,3.3
journal of clinical medicine research canada,Q2,2.2
journal of clinical microbiology,Q1,5.9
journal of clinical monitoring and computing,Q2,2.6
journal of clinical neonatology,Q4,0.4
journal of clinical neurology,Q2,3.6
journal of clinical neurophysiology,Q3,1.8
journal of clinical neuroscience,Q3,1.9
journal of clinical nursing,Q1,3.6
journal of clinical obstetrics and gynecology,Q4,0.3
journal of clinical oncology,Q1,44.7
journal of clinical pathology,Q2,2.6
journal of clinical pediatric dentistry,Q2,2.3
journal of clinical periodontology,Q1,8.3
journal of clinical pharmacology,Q3,2.2
journal of clinical pharmacy and therapeutics,Q4,1.1
journal of clinical practice and research,Q4,0.4
journal of clinical psychiatry,Q1,4.2
journal of clinical psychology,Q2,2.7
journal of clinical psychology in medical settings,Q3,1.6
journal of clinical psychopharmacology,Q2,2.9
journal of clinical research in pediatric endocrinology,Q2,1.9
journal of clinical sciences,Q4,0.3
journal of clinical sleep medicine,Q2,3.4
journal of clinical sport psychology,Q3,1.5
journal of clinical tuberculosis and other mycobacterial diseases,Q3,2.3
journal of clinical ultrasound,Q3,1.3
journal of clinical urology,Q4,1.1
journal of clinical virology,Q2,3.7
journal of clinical virology plus,Q4,1.1
journal of cloud computing advances systems and applications,Q1,5.5
journal of cluster science,Q1,4.1
journal of co operative organization and management,Q3,1.8
journal of co2 utilization,Q1,8.6
journal of coastal conservation,Q2,2.2
journal of coatings technology and research,Q2,3.4
journal of cognition,Q1,3.1
journal of cognition and culture,Q4,0.5
journal of cognition and development,Q2,2.6
journal of cognitive engineering and decision making,Q3,1.8
journal of cognitive enhancement,Q4,1.2
journal of cognitive neuroscience,Q2,3
journal of cognitive psychology,Q4,1.5
journal of cognitive psychotherapy,Q4,0.8
journal of cognitive science,Q4,0.2
journal of cold regions engineering,Q3,1.9
journal of cold war studies,Q1,0.6
journal of college of sharia and islamic studies,,0.4
journal of college student development,Q2,1.7
journal of college student mental health,Q3,2
journal of college student retention research theory practice,Q3,1.2
journal of colloid and interface science,Q1,9.6
journal of combinatorial algebra,Q1,1.3
journal of combinatorial designs,Q2,0.8
journal of combinatorial optimization,Q3,0.8
journal of combinatorial theory series a,Q1,1.7
journal of combinatorial theory series b,Q1,1.3
journal of combinatorics,Q4,0.4
journal of combustion,Q4,1.3
journal of commodity markets,Q1,5.2
journal of commonwealth literature,,0.4
journal of communication,Q1,5.3
journal of communication disorders,Q1,2.2
journal of communication in healthcare,Q2,2
journal of communication inquiry,Q3,1.1
journal of communication management,Q1,3.4
journal of communications and networks,Q3,3
journal of communications software and systems,Q4,0.7
journal of communications technology and electronics,Q4,0.4
journal of community applied social psychology,Q3,1.8
journal of community genetics,Q4,1.8
journal of community health,Q3,2.1
journal of community health nursing,Q2,1.9
journal of community hospital internal medicine perspectives,Q3,0.6
journal of community practice,Q2,1.5
journal of community psychology,Q1,2.2
journal of commutative algebra,Q3,0.5
journal of comparative economics,Q1,4.1
journal of comparative effectiveness research,Q2,2.8
journal of comparative family studies,Q4,0.8
journal of comparative germanic linguistics,Q4,0.2
journal of comparative neurology,Q1,2.3
journal of comparative pathology,Q3,1.2
journal of comparative physiology a neuroethology sensory neural and behavioral physiology,Q1,2.3
journal of comparative physiology b biochemical systems and environmental physiology,Q1,2
journal of comparative policy analysis,Q1,3.7
journal of comparative politics,Q3,0.9
journal of comparative psychology,Q3,1.1
journal of competition law economics,Q1,1.5
journal of competitiveness,Q2,2.4
journal of complex networks,Q2,1.9
journal of complexity,Q1,1.7
journal of composite materials,Q3,2.9
journal of composites for construction,Q1,4
journal of composites science,Q2,4.6
journal of computational and applied mathematics,Q1,2.4
journal of computational and graphical statistics,Q2,1.6
journal of computational and nonlinear dynamics,Q3,2.1
journal of computational and theoretical transport,Q2,1.7
journal of computational applied mechanics,Q2,2.9
journal of computational biology,Q2,1.3
journal of computational biophysics and chemistry,Q3,2.1
journal of computational chemistry,Q3,2.9
journal of computational design and engineering,Q1,6.8
journal of computational dynamics,Q3,0.7
journal of computational electronics,Q2,2.8
journal of computational finance,Q4,0.7
journal of computational geometry,Q3,0.6
journal of computational mathematics,Q1,1.2
journal of computational neuroscience,Q4,1.4
journal of computational physics,Q1,3.9
journal of computational science,Q2,4
journal of computational social science,Q2,2.6
journal of computer aided chemistry,Q4,<0.1
journal of computer aided molecular design,Q2,3
journal of computer and system sciences,Q3,1.4
journal of computer and systems sciences international,Q4,0.6
journal of computer assisted learning,Q1,5.7
journal of computer assisted tomography,Q3,1.4
journal of computer chemistry japan,Q4,0.3
journal of computer information systems,Q1,6.6
journal of computer languages,Q3,2
journal of computer mediated communication,Q1,7.4
journal of computer networks and communications,Q3,2.4
journal of computer science and technology,Q3,1.8
journal of computer science technology,Q4,0.6
journal of computer security,Q4,1.3
journal of computer virology and hacking techniques,Q3,2.7
journal of computers in education,Q1,6.6
journal of computing and information science in engineering,Q2,3.7
journal of computing in civil engineering,Q1,5.8
journal of computing in higher education,Q1,4.3
journal of conchology,Q3,1.1
journal of condensed matter nuclear science,Q4,0.3
journal of conflict archaeology,,0.8
journal of conflict resolution,Q1,2.5
journal of conflict security law,Q2,1.2
journal of confucian philosophy and culture,,0.6
journal of consciousness studies,Q3,1
journal of conservation and museum studies,,2.5
journal of construction engineering and management,Q1,5.5
journal of construction engineering management innovation,Q4,0.7
journal of construction in developing countries,Q4,0.9
journal of constructional steel research,Q1,4.6
journal of constructivist psychology,Q4,1
journal of consulting and clinical psychology,Q1,6
journal of consumer affairs,Q1,3.4
journal of consumer behaviour,Q1,7
journal of consumer culture,Q1,1.9
journal of consumer health on the internet,Q4,0.8
journal of consumer marketing,Q2,4.8
journal of consumer policy,Q3,2.3
journal of consumer protection and food safety,Q3,2.2
journal of consumer psychology,Q1,6.9
journal of consumer research,Q1,8.1
journal of consumer sciences,Q1,2.3
journal of contaminant hydrology,Q1,5.5
journal of contemporary accounting economics,Q1,3.3
journal of contemporary african studies,Q2,1.1
journal of contemporary archaeology,,0.3
journal of contemporary asia,Q1,2.8
journal of contemporary brachytherapy,Q3,1.5
journal of contemporary china,Q1,3.1
journal of contemporary chinese art,,0.2
journal of contemporary criminal justice,Q3,1.4
journal of contemporary drama in english,,0.3
journal of contemporary east asia studies,Q1,2
journal of contemporary ethnography,Q3,1.3
journal of contemporary european studies,Q1,1.8
journal of contemporary history,Q1,0.7
journal of contemporary mathematical analysis armenian academy of sciences,Q4,0.3
journal of contemporary medical sciences,Q4,0.4
journal of contemporary painting,,<0.1
journal of contemporary physics armenian academy of sciences,Q4,0.5
journal of contemporary psychotherapy,Q3,1.7
journal of contemporary religion,,0.5
journal of contemporary urban affairs,Q3,1.8
journal of contemporary water research education,Q4,1.1
journal of contextual behavioral science,Q1,3.1
journal of contingencies and crisis management,Q3,2.5
journal of continuing education in nursing,Q3,1.2
journal of continuing education in the health professions,Q2,1.8
journal of continuing higher education,Q3,0.9
journal of control and decision,Q3,2.3
journal of control automation and electrical systems,Q4,1.4
journal of control science and engineering,Q4,0.5
journal of controlled release,Q1,12.4
journal of convention event tourism,Q3,1.3
journal of convex analysis,Q2,0.8
journal of coordination chemistry,Q3,1.6
journal of corporate accounting and finance,Q3,1.3
journal of corporate finance,Q1,6.9
journal of corporate law studies,Q1,2.4
journal of corporate real estate,Q3,1.6
journal of correctional health care,Q4,0.8
journal of cosmetic and laser therapy,Q3,1
journal of cosmetic dermatology,Q1,3.5
journal of cosmetic science,Q4,0.3
journal of cosmology and astroparticle physics,Q1,6.4
journal of cotton research,Q2,3.6
journal of cotton science,Q4,0.6
journal of counseling and development,Q3,2.1
journal of counseling psychology,Q2,3.5
journal of couple relationship therapy innovations in clinical and educational interventions,Q4,0.8
journal of cranio maxillofacial surgery,Q2,2.1
journal of craniofacial surgery,Q3,1.1
journal of craniovertebral junction and spine,Q3,1
journal of creating value,Q3,1.4
journal of creative behavior,Q1,4.1
journal of creative communications,Q3,1.3
journal of creativity in mental health,Q4,0.8
journal of credit risk,Q4,0.8
journal of crime justice,Q3,1.1
journal of criminal justice,Q1,2.3
journal of criminal justice education,Q3,1.1
journal of criminal law,Q2,0.8
journal of criminal law criminology,Q2,1.2
journal of criminal psychology,Q1,2
journal of criminological research policy and practice,Q4,0.9
journal of criminology,Q1,2.2
journal of critical care,Q2,3.5
journal of critical care medicine,Q4,1.2
journal of critical intensive care,Q4,0.3
journal of critical realism,Q1,2.4
journal of crohns colitis,Q1,10.3
journal of crop health,Q2,2.8
journal of crop improvement,Q3,1
journal of crop science and biotechnology,Q3,1.7
journal of cross cultural gerontology,Q4,1
journal of cross cultural psychology,Q1,3.6
journal of crustacean biology,Q2,1.4
journal of cryptographic engineering,Q3,1.7
journal of cryptology,Q1,2.1
journal of crystal growth,Q2,2.5
journal of culinary science technology,Q4,1.3
journal of cultural cognitive science,Q3,2
journal of cultural economics,Q2,1.8
journal of cultural economy,Q1,1.8
journal of cultural geography,Q3,0.8
journal of cultural heritage,Q1,3.7
journal of cultural heritage management and sustainable development,Q4,1.3
journal of curatorial studies,,0.1
journal of current chinese affairs,Q1,2.6
journal of current issues and research in advertising,Q1,4.4
journal of current southeast asian affairs,Q1,1.7
journal of curriculum studies,Q1,2.7
journal of cutaneous immunology and allergy,Q4,0.9
journal of cutaneous medicine and surgery,Q2,2.8
journal of cutaneous pathology,Q3,1.2
journal of cybersecurity,Q1,4.4
journal of cybersecurity and privacy,Q2,3.8
journal of cycling and micromobility research,Q2,3.6
journal of cystic fibrosis,Q1,5.5
journal of cytology,Q4,0.7
journal of dairy research,Q3,1.6
journal of dairy science,Q1,4.7
journal of dance medicine science,Q3,1.5
journal of dance somatic practices,,0.1
journal of data and information science,Q2,2.7
journal of data information and management,Q3,1.4
journal of database management,Q4,1.1
journal of daylighting,Q2,3.6
journal of deaf studies and deaf education,Q1,2.2
journal of decision systems,Q1,4.7
journal of defense modeling and simulation applications methodology technology jdms,Q3,1.3
journal of democracy,Q1,5.9
journal of demographic economics,Q3,1.1
journal of dental anesthesia and pain medicine,Q3,1.8
journal of dental education,Q3,1.7
journal of dental materials and techniques,Q4,0.3
journal of dental research,Q1,6.6
journal of dental sciences,Q1,3.6
journal of dentistry,Q1,5.8
journal of dentistry for children,Q4,0.6
journal of dentistry indonesia,Q4,0.2
journal of derivatives,Q4,0.2
journal of dermatological science,Q1,4.6
journal of dermatological treatment,Q1,4.3
journal of dermatology,Q2,2.3
journal of dermatology dermatologic surgery jdds,Q4,0.2
journal of design history,,0.3
journal of destination marketing management,Q1,8
journal of developing societies,Q4,0.8
journal of development economics,Q1,5
journal of development effectiveness,Q4,1.2
journal of development studies,Q2,1.8
journal of developmental and behavioral pediatrics,Q3,1.5
journal of developmental and life course criminology,Q3,1.5
journal of developmental and physical disabilities,Q2,1.6
journal of developmental biology,Q2,2.4
journal of developmental entrepreneurship,Q3,1.4
journal of developmental origins of health and disease,Q3,1.6
journal of dharma,,0.2
journal of diabetes,Q1,5.9
journal of diabetes and its complications,Q3,3.2
journal of diabetes and metabolic disorders,Q3,2.1
journal of diabetes investigation,Q2,3.6
journal of diabetes research,Q2,3.5
journal of diabetes science and technology,Q1,4.9
journal of diabetology,Q4,0.4
journal of diagnostic medical sonography,Q4,0.4
journal of dietary supplements,Q2,3.1
journal of difference equations and applications,Q2,1.1
journal of differential equations,Q1,2.3
journal of differential geometry,Q1,1.7
journal of digestive diseases,Q3,2.7
journal of digestive endoscopy,Q4,0.5
journal of digital imaging,Q1,5.1
journal of digital media policy,Q3,0.9
journal of disability policy studies,Q4,0.9
journal of disaster research,Q4,0.7
journal of discrete mathematical sciences cryptography,Q2,1.2
journal of dispersion science and technology,Q4,2.2
journal of distribution science,Q4,0.5
journal of diversity in higher education,Q2,2.2
journal of doctoral nursing practice,Q4,0.7
journal of documentation,Q2,1.8
journal of drug delivery science and technology,Q1,5.2
journal of drug education,Q4,0.7
journal of drug issues,Q4,1.5
journal of drug targeting,Q1,4.7
journal of drugs in dermatology,Q3,2.2
journal of dual diagnosis,Q3,1.5
journal of dynamic behavior of materials,Q3,1.9
journal of dynamic systems measurement and control transactions of the asme,Q4,1.2
journal of dynamical and control systems,Q2,1.2
journal of dynamical systems and geometric theories,Q3,0.5
journal of dynamics and differential equations,Q2,1.1
journal of dynamics and games,Q3,1.2
journal of e learning and knowledge society,Q3,0.9
journal of early adolescence,Q2,1.9
journal of early american history,Q4,<0.1
journal of early childhood literacy,Q2,1.6
journal of early childhood research,Q2,1.5
journal of early childhood teacher education,Q3,1.3
journal of early christian history,,0.4
journal of early christian studies,Q1,0.6
journal of early intervention,Q2,1.8
journal of early modern christianity,Q3,0.1
journal of early modern history,Q1,0.8
journal of early modern studies,,0.2
journal of early modern studies romania,,0.1
journal of earth science,Q1,4.8
journal of earth system science,Q3,2.1
journal of earthquake and tsunami,Q2,2.7
journal of earthquake engineering,Q2,2.9
journal of east asia and international law,Q3,0.5
journal of east asian linguistics,Q2,1.2
journal of east asian studies,Q1,2.1
journal of east european management studies,Q4,0.5
journal of east west business,Q4,1.3
journal of eastern african studies,Q1,1.3
journal of eastern mediterranean archaeology and heritage studies,,0.5
journal of eating disorders,Q1,5.7
journal of ecclesiastical history,Q3,0.1
journal of echocardiography,Q4,1.1
journal of ecohydraulics,Q3,2.3
journal of ecological engineering,Q4,1.8
journal of ecology,Q1,6.3
journal of econometrics,Q1,4.7
journal of economic and administrative sciences,Q2,2.2
journal of economic asymmetries,Q1,3.2
journal of economic behavior organization,Q2,2.7
journal of economic dynamics control,Q2,1.8
journal of economic education,Q3,1.1
journal of economic entomology,Q1,2.5
journal of economic geography,Q1,4.1
journal of economic growth,Q1,3.5
journal of economic history,Q1,2.3
journal of economic inequality,Q2,1.6
journal of economic integration,Q3,1
journal of economic interaction and coordination,Q3,1.3
journal of economic issues,Q3,0.9
journal of economic literature,Q1,12.8
journal of economic methodology,Q3,1
journal of economic perspectives,Q1,10.1
journal of economic policy reform,Q1,3.3
journal of economic policy researches iktisat politikasi arastirmalari dergisi,Q4,0.2
journal of economic psychology,Q2,2.2
journal of economic sociology ekonomicheskaya sotsiologiya,Q4,0.2
journal of economic studies,Q2,2.7
journal of economic surveys,Q1,6.6
journal of economic theory,Q3,1.1
journal of economics,Q2,1.7
journal of economics and business,Q2,2.8
journal of economics and development,Q1,4.8
journal of economics and finance,Q2,1.7
journal of economics finance and administrative science,Q2,2.6
journal of economics management strategy,Q2,2.1
journal of economics race and policy,Q3,1
journal of economy culture and society,Q3,0.7
journal of ecotourism,Q2,3.3
journal of ect,Q2,2.4
journal of ecumenical studies,,0.1
journal of education and future egitim ve gelecek dergisi,Q4,0.3
journal of education and health promotion,Q3,1.5
journal of education and work,Q2,1.9
journal of education finance,Q4,0.3
journal of education for business,Q3,0.9
journal of education for students placed at risk,Q3,0.9
journal of education for teaching,Q2,2.3
journal of education policy,Q1,3.2
journal of education us,Q2,1.8
journal of educational administration,Q1,2.7
journal of educational administration and history,Q2,2.3
journal of educational and behavioral statistics,Q2,1.9
journal of educational and psychological consultation,Q4,1.3
journal of educational change,Q1,3.3
journal of educational computing research,Q1,8.5
journal of educational cultural and psychological studies,Q4,0.4
journal of educational evaluation for health professions,Q1,5.5
journal of educational measurement,Q4,1.2
journal of educational psychology,Q1,6.4
journal of educational research,Q1,2.5
journal of educational sciences psychology,Q4,0.5
journal of egyptian archaeology,,0.3
journal of egyptian history,Q1,0.6
journal of egyptian womens dermatological society,Q4,0.4
journal of elasticity,Q2,2.1
journal of elastomers and plastics,Q3,2.4
journal of elder abuse neglect,Q4,1.2
journal of elections public opinion and parties,Q2,1.6
journal of electric propulsion,Q2,2.5
journal of electrical and computer engineering,Q3,2
journal of electrical engineering elektrotechnicky casopis,Q3,1.7
journal of electrical engineering technology,Q3,2
journal of electroanalytical chemistry,Q2,4.6
journal of electrocardiology,Q3,1.5
journal of electroceramics,Q2,2.7
journal of electrochemical energy conversion and storage,Q3,2.6
journal of electrochemical science and engineering,Q3,2.4
journal of electrochemical science and technology,Q3,2.8
journal of electromagnetic engineering and science,Q4,1.5
journal of electromagnetic waves and applications,Q4,1.1
journal of electromyography and kinesiology,Q1,2.7
journal of electron spectroscopy and related phenomena,Q2,2.3
journal of electronic commerce in organizations,Q4,1
journal of electronic commerce research,Q2,4.1
journal of electronic imaging,Q4,1
journal of electronic materials,Q2,2.8
journal of electronic packaging,Q3,2.2
journal of electronic testing theory and applications,Q4,1.2
journal of electronics information technology,Q4,0.6
journal of electrostatics,Q3,2.3
journal of elementology,Q4,0.9
journal of elliptic and parabolic equations,Q2,0.9
journal of emdr practice and research,Q4,0.9
journal of emergencies trauma and shock,Q3,1
journal of emergency medicine,Q3,1.6
journal of emergency medicine case reports,Q4,<0.1
journal of emergency nursing,Q1,3.2
journal of emerging market finance,Q2,2
journal of emerging technologies in accounting,Q2,3.2
journal of emotional and behavioral disorders,Q2,1.7
journal of empirical finance,Q2,2.5
journal of empirical legal studies,Q2,1.1
journal of empirical research on human research ethics,Q2,1.7
journal of empirical theology,,0.5
journal of employment counseling,Q4,1
journal of enabling technologies,Q1,2.5
journal of endocrinological investigation,Q2,4
journal of endocrinology,Q1,5.7
journal of endocrinology and metabolism,Q4,0.7
journal of endocrinology metabolism and diabetes of south africa,Q4,0.6
journal of endodontics,Q1,3.9
journal of endometriosis and pelvic pain disorders,Q4,0.7
journal of endourology,Q2,3.2
journal of endovascular resuscitation and trauma management,Q4,0.1
journal of endovascular therapy,Q2,1.8
journal of energetic materials,Q3,1.8
journal of energy chemistry,Q1,15.6
journal of energy engineering,Q2,2.6
journal of energy in southern africa,Q4,1.6
journal of energy markets,Q4,0.5
journal of energy natural resources law,Q1,3.5
journal of energy resources technology part a sustainable and renewable energy,,N/A
journal of energy resources technology part b subsurface energy and carbon capture,,N/A
journal of energy resources technology transactions of the asme,Q3,2.9
journal of energy storage,Q1,10.7
journal of engineered fibers and fabrics,Q2,2.6
journal of engineering,Q2,2.6
journal of engineering and technological sciences,Q3,1.1
journal of engineering and technology management,Q2,4.3
journal of engineering design,Q1,4.1
journal of engineering design and technology,Q2,2.7
journal of engineering education,Q1,5.3
journal of engineering for gas turbines and power transactions of the asme,Q2,2.3
journal of engineering for sustainable buildings and cities,Q4,0.6
journal of engineering joe,Q2,1.8
journal of engineering materials and technology transactions of the asme,Q2,2.5
journal of engineering mathematics,Q2,2
journal of engineering mechanics,Q2,3.1
journal of engineering physics and thermophysics,Q4,0.5
journal of engineering research,Q1,4
journal of engineering sciences ukraine,Q4,0.5
journal of engineering technology,Q1,3.5
journal of engineering thermophysics,Q3,1.5
journal of english and germanic philology,,0.3
journal of english as a lingua franca,Q3,1
journal of english for academic purposes,Q1,3.7
journal of english linguistics,Q2,1.6
journal of enhanced heat transfer,Q3,1.5
journal of enterprise information management,Q1,9.1
journal of enterprising communities people and places in the global economy,Q2,4.9
journal of enterprising culture,Q4,0.6
journal of entomological science,Q3,1.1
journal of entrepreneurship,Q3,2.5
journal of entrepreneurship and public policy,Q1,3.2
journal of entrepreneurship in emerging economies,Q2,4
journal of entrepreneurship management and innovation,Q2,3.3
journal of environment development,Q2,2.5
journal of environmental accounting and management,Q4,0.7
journal of environmental and engineering geophysics,Q4,0.7
journal of environmental biology,Q4,1
journal of environmental chemical engineering,Q1,7.5
journal of environmental economics and management,Q1,6.4
journal of environmental economics and policy,Q4,1.7
journal of environmental education,Q1,3.1
journal of environmental engineering,Q3,1.8
journal of environmental engineering and landscape management,Q4,1
journal of environmental engineering and science,Q4,1.7
journal of environmental exposure assessment,Q2,2.7
journal of environmental health,Q3,1.5
journal of environmental health science and engineering,Q2,3.9
journal of environmental informatics,Q1,7.3
journal of environmental law,Q1,2.6
journal of environmental management,Q1,9.2
journal of environmental pathology toxicology and oncology,Q4,2
journal of environmental planning and management,Q1,3.9
journal of environmental policy planning,Q2,3
journal of environmental psychology,Q1,7.3
journal of environmental quality,Q3,2.6
journal of environmental radioactivity,Q3,2.2
journal of environmental science and health part a toxic hazardous substances environmental engineering,Q4,2
journal of environmental science and health part b pesticides food contaminants and agricultural wastes,Q3,2
journal of environmental science and health part c toxicology and carcinogenesis,Q1,5
journal of environmental science and management,Q4,0.5
journal of environmental sciences,Q1,6.5
journal of environmental studies and sciences,Q3,2.4
journal of enzyme inhibition and medicinal chemistry,Q1,5.3
journal of epidemiology,Q2,2.7
journal of epidemiology and community health,Q1,3.4
journal of epidemiology and global health,Q1,4
journal of epidemiology and population health,Q1,3.7
journal of epigraphic studies,Q3,0.1
journal of equine veterinary science,Q2,1.6
journal of essential oil bearing plants,Q2,2.1
journal of essential oil research,Q3,2.1
journal of esthetic and restorative dentistry,Q1,4.6
journal of eta maritime science,Q4,1
journal of ethics,Q3,1.2
journal of ethnic and migration studies,Q1,3.3
journal of ethnic cultural diversity in social work,Q3,1.1
journal of ethnicity in criminal justice,Q4,0.7
journal of ethnicity in substance abuse,Q4,1.1
journal of ethnobiology,Q2,1.5
journal of ethnobiology and ethnomedicine,Q1,5.1
journal of ethnopharmacology,Q1,6.8
journal of ethology,Q2,1.5
journal of eukaryotic microbiology,Q3,3.3
journal of european competition law practice,Q2,0.9
journal of european integration,Q1,3.3
journal of european public policy,Q1,5.6
journal of european real estate research,Q3,1.6
journal of european social policy,Q2,2.3
journal of european studies,,0.5
journal of evaluation in clinical practice,Q2,1.5
journal of evidence based dental practice,Q2,2.5
journal of evidence based integrative medicine,Q2,3.4
journal of evidence based medicine,Q1,4.7
journal of evidence based psychotherapies,Q3,1.4
journal of evidence based social work,Q2,1.5
journal of evolution equations,Q1,1.6
journal of evolutionary biochemistry and physiology,Q4,0.5
journal of evolutionary biology,Q3,2.3
journal of evolutionary economics,Q2,2.5
journal of evolutionary studies in business,Q4,0.5
journal of exercise rehabilitation,Q2,1.9
journal of exercise science fitness,Q1,3.7
journal of exotic pet medicine,Q4,0.6
journal of experiential education,Q3,1.3
journal of experimental and theoretical physics,Q3,1
journal of experimental biology,Q1,3
journal of experimental botany,Q1,6.5
journal of experimental child psychology,Q3,1.9
journal of experimental clinical cancer research,Q1,14.3
journal of experimental criminology,Q1,2.5
journal of experimental education,Q2,1.6
journal of experimental marine biology and ecology,Q2,2.1
journal of experimental medicine,Q1,11.6
journal of experimental nanoscience,Q3,2.9
journal of experimental orthopaedics,Q1,3.2
journal of experimental political science,Q1,3
journal of experimental psychology animal learning and cognition,Q3,0.9
journal of experimental psychology applied,Q3,2.3
journal of experimental psychology general,Q1,3.7
journal of experimental psychology human perception and performance,Q2,2.7
journal of experimental psychology learning memory and cognition,Q2,2.3
journal of experimental psychopathology,Q3,1.9
journal of experimental social psychology,Q2,3.2
journal of experimental theoretical artificial intelligence,Q3,2.1
journal of experimental zoology part a ecological and integrative physiology,Q2,1.6
journal of experimental zoology part b molecular and developmental evolution,Q2,1.7
journal of exposure science and environmental epidemiology,Q1,5.9
journal of extension,Q4,0.4
journal of extracellular biology,Q2,4.8
journal of extracellular vesicles,Q1,21.7
journal of eye movement research,Q2,2.2
journal of facilities management,Q3,2.4
journal of failure analysis and prevention,Q2,1.8
journal of family and community medicine,Q3,1.5
journal of family and economic issues,Q1,2.5
journal of family business management,Q2,3.4
journal of family business strategy,Q2,4.7
journal of family communication,Q2,1.8
journal of family history,Q1,0.5
journal of family issues,Q2,1.9
journal of family medicine and primary care,Q4,1.1
journal of family nursing,Q2,2
journal of family psychology,Q1,2.4
journal of family social work,Q4,0.8
journal of family studies,Q2,2.1
journal of family theory review,Q1,4.3
journal of family therapy,Q3,0.9
journal of family trauma child custody child development,Q2,1.4
journal of family violence,Q1,2.3
journal of fashion marketing and management,Q2,3.6
journal of feline medicine and surgery,Q1,2.6
journal of feline medicine and surgery open reports,Q4,0.7
journal of feminist family therapy,Q4,0.5
journal of feminist scholarship,Q4,0.3
journal of feminist studies in religion,,0.2
journal of fetal medicine,Q4,0.2
journal of fiber science and technology,Q4,0.4
journal of field archaeology,,1.1
journal of field ornithology,Q3,1.1
journal of field robotics,Q2,5.1
journal of film and video,,0.1
journal of finance,Q1,12.2
journal of finance and data science,Q1,3.7
journal of financial and quantitative analysis,Q1,4.1
journal of financial counseling and planning,Q2,2.1
journal of financial econometrics,Q2,1.8
journal of financial economic policy,Q1,2.8
journal of financial economics,Q1,8.8
journal of financial intermediation,Q2,2.4
journal of financial management of property and construction,Q2,2.9
journal of financial market infrastructures,Q4,0.3
journal of financial markets,Q2,2.5
journal of financial regulation,Q1,3.3
journal of financial regulation and compliance,Q2,2
journal of financial reporting,Q2,2.4
journal of financial reporting and accounting,Q1,4.3
journal of financial research,Q2,2.3
journal of financial services marketing,Q2,5.2
journal of financial services research,Q1,4.2
journal of financial stability,Q1,4.1
journal of fire sciences,Q3,1.4
journal of fish and wildlife management,Q4,0.7
journal of fish biology,Q2,1.9
journal of fish diseases,Q2,2.3
journal of fisheries,Q4,1
journal of fixed point theory and applications,Q2,1.1
journal of flood risk management,Q2,3.7
journal of flow chemistry,Q3,2.8
journal of flow visualization and image processing,Q4,0.7
journal of fluency disorders,Q1,2.8
journal of fluid mechanics,Q1,4.2
journal of fluid science and technology,Q4,0.7
journal of fluids and structures,Q2,3.6
journal of fluids engineering transactions of the asme,Q2,2.3
journal of fluorescence,Q2,3.4
journal of fluorine chemistry,Q3,1.6
journal of folklore research,,0.2
journal of food and drug analysis,Q2,3.3
journal of food and nutrition research,Q4,0.6
journal of food biochemistry,Q3,2.3
journal of food composition and analysis,Q1,5.3
journal of food engineering,Q1,5.8
journal of food measurement and characterization,Q2,3.6
journal of food process engineering,Q2,3.5
journal of food processing and preservation,Q3,3.1
journal of food products marketing,Q3,2.6
journal of food protection,Q2,3.7
journal of food quality,Q2,3.6
journal of food safety,Q3,2.7
journal of food safety and food quality archiv fur lebensmittelhygiene,Q4,0.9
journal of food science,Q2,4.1
journal of food science and technology mysore,Q2,3.4
journal of food science and technology ukraine,Q4,0.4
journal of foot and ankle research,Q2,2.3
journal of foot ankle surgery,Q3,1.4
journal of foraminiferal research,Q3,1.4
journal of forecasting,Q2,2.6
journal of forensic and legal medicine,Q3,1.7
journal of forensic nursing,Q3,1.1
journal of forensic practice,Q4,0.5
journal of forensic psychiatry psychology,Q3,1
journal of forensic psychology research and practice,Q3,1
journal of forensic sciences,Q2,1.9
journal of forest economics,Q3,1.2
journal of forest research,Q3,1.3
journal of forest science,Q3,1.2
journal of forestry,Q2,2.3
journal of forestry research,Q1,4.1
journal of formative design in learning,Q2,2
journal of fourier analysis and applications,Q2,1.5
journal of fractal geometry,Q1,1.5
journal of frailty aging,Q3,3.2
journal of french and francophone philosophy,,0.1
journal of french language studies,Q3,0.9
journal of freshwater ecology,Q3,1.4
journal of friction and wear,Q4,0.6
journal of function spaces,Q1,2
journal of functional analysis,Q1,1.6
journal of functional biomaterials,Q1,5.9
journal of functional foods,Q2,3.9
journal of functional morphology and kinesiology,Q2,2.5
journal of functional programming,Q4,1
journal of fungi,Q1,4.3
journal of further and higher education,Q2,2.1
journal of fusion energy,Q2,2.3
journal of future foods,Q1,10.6
journal of futures markets,Q2,2.8
journal of futures studies,Q4,1.1
journal of gambling issues,Q3,2
journal of gambling studies,Q2,2.4
journal of gaming and virtual worlds,Q4,0.5
journal of gastric cancer,Q1,5.1
journal of gastroenterology,Q1,5.7
journal of gastroenterology and hepatology,Q2,3.5
journal of gastrointestinal and liver diseases,Q3,2.5
journal of gastrointestinal cancer,Q3,2.2
journal of gastrointestinal oncology,Q3,2.1
journal of gastrointestinal surgery,Q1,2.8
journal of gay lesbian mental health,Q3,1.9
journal of gay lesbian social services,Q3,1
journal of gemmology,Q4,1.1
journal of gender based violence,Q3,1.2
journal of gender studies,Q2,1.9
journal of gene medicine,Q2,3
journal of general and applied microbiology,Q4,0.6
journal of general and family medicine,Q2,1.3
journal of general internal medicine,Q1,4.1
journal of general management,Q3,1.5
journal of general physiology,Q2,3.2
journal of general plant pathology,Q3,1.4
journal of general psychology,Q2,1.7
journal of general virology,Q2,3.8
journal of genetic counseling,Q3,1.9
journal of genetic engineering and biotechnology,Q3,3.4
journal of genetic psychology,Q2,1.8
journal of genetics,Q4,1
journal of genetics and genomics,Q1,7.9
journal of genocide research,Q1,3.6
journal of geochemical exploration,Q1,4.6
journal of geodesy,Q1,4.7
journal of geodetic science,Q4,1.1
journal of geodynamics,Q3,2
journal of geographical sciences,Q1,5.7
journal of geographical systems,Q2,2.8
journal of geography,Q2,1.7
journal of geography chigaku zasshi,Q4,0.2
journal of geography cografya dergisi,Q4,0.4
journal of geography in higher education,Q2,1.4
journal of geology geography and geoecology,Q4,1
journal of geometric analysis,Q1,1.5
journal of geometry,Q2,0.8
journal of geometry and physics,Q2,1
journal of geometry and symmetry in physics,Q4,0.3
journal of geophysical research atmospheres,Q2,3.8
journal of geophysical research biogeosciences,Q2,3.7
journal of geophysical research earth surface,Q1,4.1
journal of geophysical research oceans,Q1,3.3
journal of geophysical research planets,Q1,3.7
journal of geophysical research solid earth,Q1,4
journal of geophysical research space physics,Q2,2.9
journal of geophysics and engineering,Q3,2
journal of geosciences,Q3,1.4
journal of geotechnical and geoenvironmental engineering,Q1,5.2
journal of geovisualization and spatial analysis,Q1,6.8
journal of geriatric cardiology,Q2,3.4
journal of geriatric oncology,Q3,2.9
journal of geriatric physical therapy,Q1,3
journal of geriatric psychiatry and neurology,Q2,2.8
journal of germanic linguistics,Q4,0.4
journal of gerontological nursing,Q3,1.1
journal of gerontological social work,Q2,1.7
journal of gerontology and geriatrics,Q4,0.9
journal of ginseng research,Q1,7.5
journal of glaciology,Q2,3.2
journal of glass studies,,0.4
journal of glaucoma,Q2,2.2
journal of global antimicrobial resistance,Q2,3.7
journal of global economic analysis,Q2,1.8
journal of global entrepreneurship research,Q3,1.5
journal of global fashion marketing,Q1,6.1
journal of global health,Q1,5.5
journal of global history,Q1,1.6
journal of global infectious diseases,Q4,1.3
journal of global information management,Q1,4.4
journal of global information technology management,Q2,2.4
journal of global marketing,Q2,4.6
journal of global mobility the home of expatriate management research,Q3,1.8
journal of global operations and strategic sourcing,Q2,4.5
journal of global optimization,Q2,1.8
journal of global responsibility,Q2,3.7
journal of global scholars of marketing science,Q3,2.8
journal of global security studies,Q2,1.5
journal of global slavery,Q1,1.6
journal of global sport management,Q3,2.1
journal of graph theory,Q2,1
journal of great lakes research,Q1,2.5
journal of greek linguistics,,0.7
journal of green building,,1.3
journal of grey system,Q3,1.7
journal of grid computing,Q2,3.9
journal of groundwater science and engineering,Q3,1.9
journal of group theory,Q3,0.6
journal of guidance control and dynamics,Q1,3.4
journal of gynecologic oncology,Q1,4.2
journal of gynecologic surgery,Q4,0.3
journal of gynecology obstetrics and human reproduction,Q3,1.5
journal of hand and microsurgery,Q4,0.7
journal of hand surgery american volume,Q2,2.4
journal of hand surgery asian pacific volume,Q4,0.5
journal of hand surgery european volume,Q2,2.1
journal of hand therapy,Q2,1.8
journal of happiness studies,Q1,3.7
journal of hard tissue biology,Q4,0.5
journal of hazardous materials,Q1,10.6
journal of hazardous materials advances,Q1,9.1
journal of hazardous materials letters,Q1,9
journal of hazardous toxic and radioactive waste,Q4,2.4
journal of head neck physicians and surgeons,Q4,0.2
journal of head trauma rehabilitation,Q1,3.3
journal of headache and pain,Q1,8.7
journal of health and allied sciences nu,Q3,0.5
journal of health and safety at work,Q4,0.5
journal of health and social behavior,Q1,3.6
journal of health care chaplaincy,Q4,1.2
journal of health care for the poor and underserved,Q4,1.2
journal of health communication,Q1,2.9
journal of health economics,Q1,3.8
journal of health economics and outcomes research,Q2,2.5
journal of health literacy,Q4,0.6
journal of health management,Q4,0.8
journal of health organization and management,Q2,2.4
journal of health politics policy and law,Q1,2.7
journal of health population and nutrition,Q1,3.7
journal of health psychology,Q2,2
journal of health research,Q4,0.4
journal of health services research policy,Q3,2.2
journal of healthcare informatics research,Q1,4.6
journal of healthcare leadership,Q1,4.1
journal of healthcare management,Q2,2.8
journal of healthcare quality research,Q4,1.2
journal of heart and lung transplantation,Q1,6.7
journal of hebrew scriptures,,0.1
journal of hellenic studies,,0.5
journal of helminthology,Q1,2
journal of hematology,Q4,1.2
journal of hematology oncology,Q1,47.8
journal of hematopathology,Q4,1
journal of hepato biliary pancreatic sciences,Q2,2.5
journal of hepatocellular carcinoma,Q2,3.9
journal of hepatology,Q1,40.1
journal of herbal medicine,Q2,2.1
journal of herbs spices and medicinal plants,Q4,1
journal of heredity,Q3,2.2
journal of heritage tourism,Q2,2.8
journal of herpetology,Q3,1.1
journal of heterocyclic chemistry,Q2,2.9
journal of heuristics,Q2,2.1
journal of high energy astrophysics,Q1,6.1
journal of high energy physics,Q1,4.9
journal of high speed networks,Q4,1.1
journal of higher education,Q1,2.6
journal of higher education policy and leadership studies,Q4,0.6
journal of higher education policy and management,Q1,3
journal of himalayan earth sciences,Q3,0.8
journal of hindu studies,,0.3
journal of hip preservation surgery,Q3,1.6
journal of histochemistry cytochemistry,Q4,1.5
journal of historic buildings and places,,0.1
journal of historical geography,Q1,1.2
journal of historical linguistics,,0.3
journal of historical pragmatics,Q3,0.8
journal of historical research in marketing,Q4,0.4
journal of historical research in music education,,0.2
journal of historical sociolinguistics,Q2,1.1
journal of history,Q1,0.7
journal of history nccu,Q3,0.1
journal of histotechnology,Q4,1.9
journal of hiv aids social services,Q3,0.9
journal of holistic nursing,Q3,1.6
journal of holy land and palestine studies,,0.7
journal of homeland security and emergency management,Q3,1.3
journal of homosexuality,Q1,2.2
journal of homotopy and related structures,Q3,0.5
journal of horticultural science biotechnology,Q2,2.2
journal of horticultural sciences,Q4,0.4
journal of hospice palliative nursing,Q3,1.3
journal of hospital infection,Q1,3.4
journal of hospital management and health policy,Q4,1.4
journal of hospital medicine,Q2,1.8
journal of hospitality and tourism insights,Q1,5.4
journal of hospitality and tourism management,Q1,10.1
journal of hospitality and tourism technology,Q1,8.2
journal of hospitality leisure sport tourism education,Q1,3.6
journal of hospitality marketing management,Q1,12.4
journal of hospitality tourism education,Q2,2.2
journal of hospitality tourism research,Q1,7.1
journal of housing and the built environment,Q1,3.4
journal of housing economics,Q1,3.1
journal of human behavior in the social environment,Q1,1.8
journal of human capital,Q3,1.2
journal of human development and capabilities,Q3,1.7
journal of human evolution,Q1,3.3
journal of human genetics,Q3,2.3
journal of human hypertension,Q2,3.3
journal of human kinetics,Q1,4
journal of human lactation,Q2,2
journal of human nutrition and dietetics,Q3,2.3
journal of human reproductive sciences,Q3,1.4
journal of human resources,Q1,4.2
journal of human rights,Q3,1.3
journal of human rights and social work,Q3,1
journal of human rights and the environment,Q1,2.2
journal of human rights practice,Q1,1.6
journal of human sport and exercise,Q4,1.2
journal of human values,Q2,1.3
journal of humanistic counseling,Q4,0.8
journal of humanistic mathematics,Q3,0.3
journal of humanistic psychology,Q3,1.2
journal of humanitarian logistics and supply chain management,Q2,3.2
journal of hunger environmental nutrition,Q4,1
journal of huntingtons disease,Q3,2.7
journal of hydraulic engineering,Q2,2.7
journal of hydraulic research,Q3,1.7
journal of hydro environment research,Q2,2.8
journal of hydrodynamics,Q1,4
journal of hydroinformatics,Q2,2.9
journal of hydrologic engineering,Q3,2.2
journal of hydrology,Q1,7.3
journal of hydrology and hydromechanics,Q3,2.3
journal of hydrology regional studies,Q1,5.6
journal of hydrology x,Q1,4.1
journal of hydrometeorology,Q2,3.3
journal of hymenoptera research,Q2,1.7
journal of hyperbolic differential equations,Q2,1.3
journal of hypertension,Q1,5.6
journal of iberian and latin american studies,,0.3
journal of iberian geology,Q2,1.7
journal of ichthyology,Q3,0.8
journal of ict research and applications,Q4,0.6
journal of illustration,,0.1
journal of imab,Q4,0.2
journal of imaging,Q2,3.8
journal of imaging informatics in medicine,Q2,3.1
journal of imaging science and technology,Q4,0.6
journal of immersion and content based language education,Q3,0.7
journal of immigrant and minority health,Q2,2.3
journal of immigrant refugee studies,Q2,1.7
journal of immunological methods,Q4,1.7
journal of immunology,Q2,4
journal of immunology research,Q3,3.2
journal of immunotherapy,Q3,2.9
journal of immunotherapy and precision oncology,Q2,3.1
journal of immunotoxicology,Q3,2.5
journal of imperial and commonwealth history,Q1,0.9
journal of inclusion phenomena and macrocyclic chemistry,Q3,1.4
journal of indian academy of oral medicine and radiology,Q4,0.4
journal of indian association for child and adolescent mental health,Q3,1.2
journal of indian association of public health dentistry,Q4,0.4
journal of indian business research,Q2,3.2
journal of indian council of philosophical research,,0.2
journal of indian geophysical union,Q4,0.3
journal of indian philosophy,,0.3
journal of indian prosthodontic society,Q3,1.3
journal of individual differences,Q4,1.3
journal of indo european studies,,<0.1
journal of industrial and business economics,Q2,2.4
journal of industrial and engineering chemistry,Q1,7.1
journal of industrial and management optimization,Q3,1.4
journal of industrial and production engineering,Q2,3.4
journal of industrial ecology,Q1,5.7
journal of industrial economics,Q3,1.5
journal of industrial engineering and management jiem,Q3,2.2
journal of industrial information integration,Q1,11.2
journal of industrial integration and management innovation and entrepreneurship,Q4,1.3
journal of industrial microbiology biotechnology,Q2,4.5
journal of industrial relations,Q2,1.6
journal of industrial textiles,Q2,2.3
journal of industry competition trade,Q3,2.1
journal of inequalities and applications,Q1,1.9
journal of inequalities and special functions,Q4,0.4
journal of infection,Q1,10
journal of infection and chemotherapy,Q3,1.7
journal of infection and public health,Q1,4.8
journal of infection in developing countries,Q4,1.3
journal of infection prevention,Q4,1
journal of infectious diseases,Q1,4.1
journal of inflammation london,Q1,5.8
journal of inflammation research,Q2,4.6
journal of information and communication technology malaysia,Q4,1.4
journal of information and organizational sciences,Q4,1
journal of information and telecommunication,Q3,2.1
journal of information assurance and security,Q4,0.6
journal of information communication ethics in society,Q1,3.2
journal of information display,Q2,4.3
journal of information knowledge management,Q3,1
journal of information optimization sciences,Q4,0.4
journal of information processing systems,Q4,0.5
journal of information science,Q2,2.6
journal of information science and engineering,Q4,0.9
journal of information security and applications,Q2,4.4
journal of information systems,Q2,2.9
journal of information technology,Q1,8.7
journal of information technology education innovations in practice,Q2,1.9
journal of information technology education research,Q1,3.8
journal of information technology in construction,Q2,3.4
journal of information technology politics,Q2,2.3
journal of information technology research,Q3,2
journal of informetrics,Q1,3.9
journal of infrared and millimeter waves,Q4,0.6
journal of infrared millimeter and terahertz waves,Q2,3.1
journal of infrastructure intelligence and resilience,Q1,6.5
journal of infrastructure preservation and resilience,Q2,3
journal of infrastructure systems,Q2,3.8
journal of infusion nursing,Q1,4.5
journal of inherited metabolic disease,Q2,3.8
journal of innate immunity,Q2,4.6
journal of innovation economics management,Q3,2.1
journal of innovation knowledge,Q1,14
journal of innovative optical health sciences,Q3,1.9
journal of inorganic and organometallic polymers and materials,Q1,6
journal of inorganic biochemistry,Q2,3.1
journal of inorganic materials,Q3,1.7
journal of insect behavior,Q3,0.9
journal of insect biodiversity,Q4,0.7
journal of insect biodiversity and systematics,Q4,0.7
journal of insect conservation,Q1,2.2
journal of insect physiology,Q1,2.6
journal of insect science,Q1,2.3
journal of insects as food and feed,Q1,3.3
journal of institutional and theoretical economics zeitschrift fur die gesamte staatswissenschaft,Q4,0.4
journal of institutional economics,Q2,2.4
journal of institutional studies,Q4,0.7
journal of instrumentation,Q4,1.4
journal of insurance issues,Q4,0.4
journal of integral equations and applications,Q1,1.2
journal of integrated care,Q4,1
journal of integrated design process science,Q3,1
journal of integrated pest management,Q1,3.2
journal of integrative agriculture,Q1,5.7
journal of integrative and complementary medicine,Q3,1.9
journal of integrative bioinformatics,Q3,1.6
journal of integrative environmental sciences,Q2,3.7
journal of integrative medicine jim,Q1,5.2
journal of integrative neuroscience,Q2,3.3
journal of integrative plant biology,Q1,12.5
journal of intellectual capital,Q1,6.8
journal of intellectual developmental disability,Q2,1.7
journal of intellectual disabilities,Q3,1.4
journal of intellectual disabilities and offending behaviour,Q4,0.5
journal of intellectual disability research,Q1,2.4
journal of intellectual property law practice,Q2,0.9
journal of intelligence,Q1,3.8
journal of intelligence studies in business,Q4,0.9
journal of intelligent and connected vehicles,Q1,6.3
journal of intelligent information systems,Q2,3.5
journal of intelligent manufacturing,Q1,7.7
journal of intelligent material systems and structures,Q3,2.7
journal of intelligent robotic systems,Q3,3.1
journal of intelligent systems,Q3,2.3
journal of intelligent transportation systems,Q2,3.9
journal of intensive care,Q1,7.5
journal of intensive care medicine,Q3,2.3
journal of intensive medicine,Q1,5.6
journal of interactional research in communication disorders,Q4,0.4
journal of interactive advertising,Q1,10.2
journal of interactive marketing,Q1,6.4
journal of interactive media in education,Q2,2.1
journal of interconnection networks,Q4,0.7
journal of intercultural studies,Q3,0.9
journal of interdisciplinary economics,Q3,1.2
journal of interdisciplinary history,Q1,1
journal of interdisciplinary mathematics,Q2,1.1
journal of interferon and cytokine research,Q4,1.9
journal of intergenerational relationships,Q3,1.3
journal of interior design,,1.5
journal of internal medicine,Q1,7.6
journal of international accounting auditing and taxation,Q1,3.7
journal of international accounting research,Q3,1.9
journal of international advanced otology,Q3,1
journal of international and comparative education,Q3,1.3
journal of international and comparative law,Q3,0.5
journal of international and intercultural communication,Q2,1.7
journal of international arbitration,Q3,0.4
journal of international business policy,Q1,6.8
journal of international business studies,Q1,10.2
journal of international commerce economics and policy,Q2,2.4
journal of international consumer marketing,Q2,3.3
journal of international criminal justice,Q2,1.3
journal of international development,Q3,2
journal of international dispute settlement,Q2,1.3
journal of international economic law,Q1,3.6
journal of international economics,Q1,4.6
journal of international education in business,Q1,2.6
journal of international entrepreneurship,Q3,2.4
journal of international financial management accounting,Q1,5.5
journal of international financial markets institutions money,Q1,6
journal of international food agribusiness marketing,Q3,2.2
journal of international humanitarian legal studies,Q3,0.5
journal of international management,Q2,4.2
journal of international marketing,Q2,4.9
journal of international medical research,Q3,1.8
journal of international migration and integration,Q2,2
journal of international money and finance,Q1,3.6
journal of international oral health,Q4,1
journal of international political theory,Q3,0.9
journal of international relations and development,Q1,3.4
journal of international society of preventive and community dentistry,Q3,1.7
journal of international students,Q2,2.1
journal of international studies jis,Q3,1.2
journal of international trade economic development,Q2,1.8
journal of international trade law and policy,Q3,0.5
journal of internet commerce,Q2,4.2
journal of internet services and applications,Q4,1.1
journal of internet technology,Q4,1.2
journal of interpersonal violence,Q1,2.2
journal of interprofessional care,Q2,2.3
journal of intervention and statebuilding,Q2,2.4
journal of interventional cardiac electrophysiology,Q2,2.7
journal of interventional cardiology,Q3,1.4
journal of invasive cardiology,Q3,1.6
journal of inverse and ill posed problems,Q1,1.2
journal of invertebrate pathology,Q1,2.4
journal of investigational allergology and clinical immunology,Q1,6.6
journal of investigative dermatology,Q1,7
journal of investigative medicine,Q2,1.9
journal of investigative medicine high impact case reports,Q3,0.7
journal of investigative psychology and offender profiling,Q4,0.9
journal of investigative surgery,Q1,2.7
journal of investing,Q4,0.4
journal of investment management,Q4,0.9
journal of investment strategies,Q4,0.2
journal of ionic liquids,Q3,2.6
journal of iron and steel research international,Q1,4
journal of irrigation and drainage engineering,Q3,2.3
journal of isakos joint disorders orthopaedic sports medicine,Q1,3.7
journal of islamic accounting and business research,Q2,3
journal of islamic archaeology,,0.3
journal of islamic manuscripts,,0.3
journal of islamic marketing,Q2,4.9
journal of islamic studies,,1.6
journal of island coastal archaeology,,1.1
journal of israeli history,Q1,0.5
journal of istanbul faculty of medicine istanbul tip fakultesi dergisi,Q4,0.3
journal of italian cinema and media studies,,0.1
journal of japanese studies,Q3,0.6
journal of jesuit studies,Q2,0.3
journal of jewish education,Q4,0.6
journal of jewish ethics,,0.2
journal of jewish languages,,0.1
journal of jewish studies,,0.4
journal of jewish thought philosophy,,0.4
journal of judicial administration,Q4,0.2
journal of juristic papyrology,,0.3
journal of kidney cancer,Q4,1.3
journal of kinesiology and exercise sciences,Q4,1
journal of king saud university computer and information sciences,Q1,6.4
journal of king saud university science,Q2,3.3
journal of knee surgery,Q3,1.4
journal of knot theory and its ramifications,Q4,0.4
journal of knowledge management,Q1,9.5
journal of korea trade,Q3,0.8
journal of korean academy of nursing,Q3,1.1
journal of korean medical science,Q1,3.2
journal of korean neurosurgical society,Q2,1.9
journal of korean religions,,0.4
journal of korean society for atmospheric environment,Q4,1.2
journal of korean studies,Q1,1.1
journal of krishna institute of medical sciences university,Q4,0.4
journal of labelled compounds radiopharmaceuticals,Q4,1.3
journal of labor and society,Q3,0.9
journal of labor economics,Q1,4.5
journal of labor research,Q3,0.8
journal of laboratory and precision medicine,Q3,1.8
journal of laboratory medicine,Q3,1.9
journal of laboratory physicians,Q3,0.6
journal of land use science,Q2,3.5
journal of landscape architecture,,0.6
journal of landscape ecology,Q3,1.9
journal of language aggression and conflict,,1.2
journal of language and cultural education,Q3,0.8
journal of language and education,Q2,1.5
journal of language and literacy education,,0.3
journal of language and politics,Q2,1.8
journal of language and sexuality,Q3,1
journal of language and social psychology,Q1,2.5
journal of language contact,,0.4
journal of language evolution,,1.1
journal of language identity and education,Q2,1.9
journal of language literature and culture,,0.4
journal of language teaching and learning,Q4,0.4
journal of laparoendoscopic advanced surgical techniques,Q3,1.1
journal of laryngology and otology,Q3,1.1
journal of laser applications,Q3,2.1
journal of laser micro nanoengineering,Q4,1
journal of lasers in medical sciences,Q3,1.7
journal of late antiquity,,0.8
journal of latin american and caribbean anthropology,Q3,0.9
journal of latin american cultural studies,Q3,0.3
journal of latin american geography,Q3,0.7
journal of latin american studies,Q1,1.5
journal of latin linguistics,Q4,0.1
journal of latinos and education,Q3,0.9
journal of latinx psychology,Q3,1.6
journal of law and courts,Q2,1.3
journal of law and medicine,Q2,0.7
journal of law and political sciences,Q4,0.1
journal of law and religion,,0.7
journal of law and social deviance,Q4,<0.1
journal of law and society,Q1,1.4
journal of law and the biosciences,Q1,3.4
journal of law economics,Q1,1.7
journal of law economics organization,Q2,1.2
journal of law finance and accounting,Q4,0.2
journal of law medicine ethics,Q2,1.3
journal of leadership organizational studies,Q1,4.4
journal of leadership studies,Q4,0.9
journal of learning analytics,Q1,3.4
journal of learning and teaching in digital age,Q3,0.8
journal of learning disabilities,Q1,2.3
journal of learning styles,Q4,0.2
journal of legal affairs and dispute resolution in engineering and construction,Q1,2
journal of legal analysis,Q1,7.1
journal of legal education,Q3,0.5
journal of legal history,Q1,1.3
journal of legal medicine,Q3,0.5
journal of legal studies,Q1,1.4
journal of legal studies education,Q3,0.5
journal of legislative studies,Q2,0.9
journal of leisure research,Q2,2.3
journal of lesbian studies,Q2,1.2
journal of leukocyte biology,Q2,3.4
journal of lgbt youth,Q2,1.6
journal of lgbtq issues in counseling,Q3,1.3
journal of librarianship and information science,Q2,2.4
journal of library administration,Q3,1.2
journal of library and information studies,Q4,0.3
journal of lie theory,Q3,0.5
journal of lightwave technology,Q1,5.2
journal of limb lengthening reconstruction,Q4,0.3
journal of limnology,Q4,1.3
journal of linguistic anthropology,Q2,1.5
journal of linguistics,Q2,1.1
journal of lipid research,Q2,4.9
journal of liposome research,Q1,4.7
journal of liquid biopsy,Q2,5
journal of liquid chromatography related technologies,Q4,1.1
journal of literacy research,Q2,1.7
journal of literary cultural disability studies,Q3,0.4
journal of literary semantics,,0.7
journal of literary studies,,0.3
journal of literary theory,,0.2
journal of lithic studies,,1.4
journal of livestock science,Q4,0.9
journal of location based services,Q3,2
journal of logic and analysis,Q3,0.6
journal of logic and computation,Q2,0.7
journal of logic language and information,Q1,1
journal of logical and algebraic methods in programming,Q1,1
journal of loss prevention in the process industries,Q2,4.8
journal of loss trauma,Q2,2.3
journal of low frequency noise vibration and active control,Q1,3.3
journal of low power electronics and applications,Q3,1.7
journal of low temperature physics,Q4,1.2
journal of lower genital tract disease,Q2,2.3
journal of luminescence,Q2,3.8
journal of machine learning for modeling and computing,Q1,3.5
journal of machine learning research,Q1,6.8
journal of machinery manufacture and reliability,Q4,0.3
journal of macroeconomics,Q2,1.9
journal of macromarketing,Q3,2.5
journal of macromolecular science part a pure and applied chemistry,Q3,2.4
journal of macromolecular science part b physics,Q4,1.7
journal of magnesium and alloys,Q1,15.8
journal of magnetic resonance,Q2,2.1
journal of magnetic resonance imaging,Q1,4.3
journal of magnetic resonance open,Q2,2.2
journal of magnetics,Q4,0.6
journal of magnetism and magnetic materials,Q3,3
journal of mammalian evolution,Q1,2
journal of mammalogy,Q2,1.7
journal of mammary gland biology and neoplasia,Q2,3.1
journal of managed care specialty pharmacy,Q2,3.3
journal of management,Q1,10
journal of management accounting research,Q3,1.5
journal of management analytics,Q1,3.9
journal of management and governance,Q2,4.5
journal of management control,Q2,3.4
journal of management development,Q2,3.5
journal of management education,Q1,3.1
journal of management history,Q3,2.2
journal of management in engineering,Q1,6
journal of management information systems,Q1,7.2
journal of management inquiry,Q3,2.8
journal of management organization,Q2,3.2
journal of management science and engineering,Q1,3.5
journal of management spirituality religion,,1.7
journal of management studies,Q1,7.8
journal of managerial psychology,Q1,3.8
journal of manipulative and physiological therapeutics,Q3,1.4
journal of manual manipulative therapy,Q2,2.1
journal of manufacturing and materials processing,Q1,4
journal of manufacturing processes,Q1,7.8
journal of manufacturing science and engineering transactions of the asme,Q2,3.5
journal of manufacturing systems,Q1,14.9
journal of manufacturing technology management,Q1,7.8
journal of map geography libraries,Q3,0.7
journal of maps,Q2,2.1
journal of marine engineering and technology,Q1,4.2
journal of marine medical society,Q4,0.4
journal of marine science and application,Q2,3
journal of marine science and engineering,Q2,3.2
journal of marine science and technology,Q2,2.3
journal of marine science and technology taiwan,Q3,0.9
journal of marine systems,Q2,2.2
journal of marital and family therapy,Q2,1.4
journal of maritime archaeology,,0.9
journal of marketing,Q1,10.6
journal of marketing analytics,Q2,5
journal of marketing communications,Q1,4.3
journal of marketing education,Q1,4.2
journal of marketing for higher education,Q1,2.5
journal of marketing management,Q2,4.9
journal of marketing research,Q1,6.3
journal of marketing theory and practice,Q2,3.9
journal of marriage and family,Q1,3.5
journal of mass spectrometry,Q2,2.1
journal of mass spectrometry and advances in the clinical lab,Q2,3.7
journal of material culture,Q2,0.6
journal of material cycles and waste management,Q2,3.8
journal of materials and engineering structures,Q4,0.4
journal of materials chemistry a,Q1,9.2
journal of materials chemistry b,Q2,6.2
journal of materials chemistry c,Q2,5.1
journal of materials engineering and performance,Q3,2.6
journal of materials in civil engineering,Q2,3.2
journal of materials informatics,Q1,8
journal of materials processing technology,Q1,7.9
journal of materials research,Q3,2.9
journal of materials research and technology jmr t,Q1,7.3
journal of materials science,Q2,4.4
journal of materials science materials in electronics,Q2,3.2
journal of materials science materials in engineering,Q2,4.3
journal of materials science materials in medicine,Q2,4.7
journal of materials science technology,Q1,16.8
journal of materiomics,Q1,10.6
journal of maternal fetal neonatal medicine,Q2,2.1
journal of mathematical analysis and applications,Q1,1.3
journal of mathematical and fundamental sciences,Q4,0.2
journal of mathematical behavior,Q2,1.6
journal of mathematical biology,Q2,2.7
journal of mathematical chemistry,Q2,2
journal of mathematical cryptology,Q3,0.8
journal of mathematical economics,Q3,0.9
journal of mathematical extension,Q4,0.3
journal of mathematical fluid mechanics,Q2,1.5
journal of mathematical imaging and vision,Q2,1.8
journal of mathematical inequalities,Q2,1
journal of mathematical logic,Q2,0.7
journal of mathematical modeling,Q3,1
journal of mathematical physics,Q3,1.2
journal of mathematical physics analysis geometry,Q3,0.7
journal of mathematical psychology,Q3,1.4
journal of mathematical sociology,Q3,0.8
journal of mathematical study,Q3,0.5
journal of mathematics,Q1,1.3
journal of mathematics and computer science jmcs,Q1,1.5
journal of mathematics and music,Q4,0.5
journal of mathematics and the arts,Q4,0.4
journal of mathematics in industry,Q3,1.4
journal of mathematics mechanics and computer science,Q2,0.8
journal of mathematics teacher education,Q2,2.2
journal of maxillofacial oral surgery,Q4,0.7
journal of measurement and evaluation in education and psychology epod,Q4,0.5
journal of measurements in engineering,Q4,1
journal of mechanical design,Q2,3.3
journal of mechanical engineering and sciences,Q3,1.9
journal of mechanical science and technology,Q3,2.2
journal of mechanics,Q3,1.7
journal of mechanics in medicine and biology,Q4,0.6
journal of mechanics of materials and structures,Q4,1
journal of mechanisms and robotics transactions of the asme,Q2,3.2
journal of media and religion,,0.6
journal of media business studies,Q3,1.6
journal of media economics,Q3,1.3
journal of media ethics,Q2,1.5
journal of media psychology theories methods and applications,Q2,1.9
journal of medical and biological engineering,Q3,2.1
journal of medical and surgical research,Q4,<0.1
journal of medical artificial intelligence,Q3,3
journal of medical biochemistry,Q4,1.9
journal of medical biography,Q3,0.3
journal of medical case reports,Q3,0.8
journal of medical cases,Q3,0.5
journal of medical devices transactions of the asme,Q4,0.8
journal of medical economics,Q1,3.1
journal of medical education and curricular development,Q2,2
journal of medical entomology,Q2,2.1
journal of medical ethics,Q1,4.4
journal of medical ethics and history of medicine,Q4,1.1
journal of medical genetics,Q2,3.4
journal of medical humanities,,1
journal of medical imaging,Q2,2.3
journal of medical imaging and radiation oncology,Q3,1.5
journal of medical imaging and radiation sciences,Q2,2.3
journal of medical internet research,Q1,8.2
journal of medical investigation,Q4,0.9
journal of medical microbiology,Q3,2.7
journal of medical physics,Q4,1.1
journal of medical primatology,Q4,0.5
journal of medical radiation sciences,Q3,2.1
journal of medical science,Q3,1
journal of medical screening,Q2,2.3
journal of medical signals sensors,Q4,1.8
journal of medical systems,Q1,8.8
journal of medical toxicology,Q4,2
journal of medical ultrasonics,Q3,2.1
journal of medical ultrasound,Q4,1.3
journal of medical virology,Q2,3.7
journal of medicinal chemistry,Q1,7.3
journal of medicinal food,Q3,1.8
journal of medicinal plants and by products jmpb,Q4,0.7
journal of medicinal plants for economic development,Q4,0.8
journal of medicine access,Q2,2.7
journal of medicine and philosophy,Q2,2
journal of medieval and early modern studies,,0.5
journal of medieval history,,0.7
journal of medieval iberian studies,,0.5
journal of medieval religious cultures,,0.1
journal of mediterranean archaeology,,1.1
journal of mehmet akif ersoy university economics and administrative sciences faculty,Q4,0.3
journal of membrane biology,Q2,2.6
journal of membrane computing,Q2,2.4
journal of membrane science,Q1,8.8
journal of membrane science letters,Q2,4.5
journal of memory and language,Q1,3.5
journal of mens health,Q4,0.7
journal of mental health,Q1,3.5
journal of mental health and human behaviour,Q4,0.6
journal of mental health policy and economics,Q3,1.7
journal of mental health research in intellectual disabilities,Q3,1.3
journal of mental health training education and practice,Q4,0.7
journal of metals materials and minerals,Q3,3
journal of metamorphic geology,Q1,3.4
journal of metaverse,Q1,4.4
journal of meteorological research,Q2,3.5
journal of micro and bio robotics,Q4,1.6
journal of micro and nano manufacturing,Q4,1.3
journal of micro nanopatterning materials and metrology jm3,Q3,2.3
journal of microbiological methods,Q3,2.5
journal of microbiology,Q2,3.8
journal of microbiology and biotechnology,Q3,3.4
journal of microbiology biology education,Q3,1.6
journal of microbiology biotechnology and food sciences,Q4,1
journal of microbiology immunology and infection,Q2,3.8
journal of microelectromechanical systems,Q2,3.5
journal of microencapsulation,Q2,3.1
journal of micromechanics and microengineering,Q2,2.5
journal of microorganism control,Q4,1.1
journal of micropalaeontology,Q2,1.8
journal of microscopy,Q3,1.9
journal of microwave power and electromagnetic energy,Q4,1.3
journal of mid life health,Q4,1
journal of middle east womens studies,Q3,0.9
journal of midwifery womens health,Q1,2.8
journal of migration and health,Q2,2.8
journal of migration history,Q2,0.4
journal of military and strategic studies,Q4,0.1
journal of military and veterans health,Q3,0.5
journal of military history,Q3,0.2
journal of military veteran and family health,Q4,0.8
journal of mineralogical and petrological sciences,Q3,1.3
journal of minimal access surgery,Q3,1.2
journal of minimally invasive gynecology,Q2,2.9
journal of minimally invasive spine surgery and technique,Q4,0.7
journal of mining and environment,Q3,2.1
journal of mining and metallurgy section b metallurgy,Q3,1.4
journal of mining institute,Q2,2.8
journal of mining science,Q4,0.9
journal of mixed methods research,Q1,3.8
journal of modelling in management,Q2,4.7
journal of modern african studies,Q1,1.7
journal of modern craft,,0.2
journal of modern dynamics,Q2,1
journal of modern european history,Q1,0.8
journal of modern greek studies,,0.1
journal of modern history,Q1,0.9
journal of modern italian studies,Q2,0.4
journal of modern jewish studies,,0.3
journal of modern literature,,0.2
journal of modern optics,Q4,0.9
journal of modern periodical studies,,0.1
journal of modern power systems and clean energy,Q1,6.2
journal of modern russian history and historiography,Q4,<0.1
journal of molecular and cellular cardiology,Q1,4.9
journal of molecular and cellular cardiology plus,Q3,2.2
journal of molecular and engineering materials,Q4,0.9
journal of molecular biology,Q2,4.7
journal of molecular cell biology,Q2,6
journal of molecular diagnostics,Q1,3.9
journal of molecular endocrinology,Q3,3.1
journal of molecular evolution,Q3,2
journal of molecular graphics modelling,Q2,3.1
journal of molecular histology,Q3,2.6
journal of molecular medicine jmm,Q1,5
journal of molecular modeling,Q2,2.9
journal of molecular neuroscience,Q3,2.4
journal of molecular pathology,Q2,2.5
journal of molecular recognition,Q3,2.7
journal of molecular spectroscopy,Q4,1.2
journal of molecular structure,Q2,4.9
journal of molluscan studies,Q3,0.9
journal of monetary economics,Q1,4.1
journal of money credit and banking,Q2,1.9
journal of money laundering control,Q3,1.5
journal of moral education,Q2,2.3
journal of moral philosophy,Q3,1.5
journal of moravian history,,0.8
journal of morphology,Q3,1.4
journal of mosaic research,,0.1
journal of motor behavior,Q3,1.3
journal of motor learning and development,Q3,1.4
journal of mountain science,Q3,2.7
journal of movement disorders,Q1,4
journal of multi criteria decision analysis,Q3,1.8
journal of multicultural counseling and development,Q4,1.1
journal of multicultural discourses,Q1,1.7
journal of multidisciplinary healthcare,Q2,3
journal of multilingual and multicultural development,Q1,3.7
journal of multilingual theories and practices,Q2,1.3
journal of multimorbidity and comorbidity,Q2,2.7
journal of multinational financial management,Q1,5.1
journal of multiple valued logic and soft computing,Q1,1
journal of multiscale modelling,Q4,1
journal of multivariate analysis,Q2,1.6
journal of muscle research and cell motility,Q4,2.2
journal of musculoskeletal neuronal interactions,Q4,1.9
journal of musculoskeletal surgery and research,Q4,0.6
journal of museum education,Q3,0.7
journal of music teacher education,Q3,1
journal of music theory,,0.6
journal of music therapy,Q2,2.3
journal of musicological research,,0.8
journal of musicology,,0.4
journal of muslim mental health,Q3,1.3
journal of nano research,Q4,1
journal of nanobiotechnology,Q1,15
journal of nanoelectronics and optoelectronics,Q4,0.6
journal of nanofluids,Q4,1.9
journal of nanoparticle research,Q2,3.5
journal of nanophotonics,Q4,1
journal of nanostructure in chemistry,Q1,19.2
journal of nanostructures,Q4,1.5
journal of nanotechnology,Q3,3.1
journal of natural fibers,Q1,4.1
journal of natural history,Q3,0.9
journal of natural medicines,Q3,2.6
journal of natural products,Q2,3.7
journal of naval architecture and marine engineering,Q3,1.4
journal of navigation,Q2,2.6
journal of near eastern studies,,1.6
journal of near infrared spectroscopy,Q3,1.8
journal of nematology,Q1,2
journal of neonatal perinatal medicine,Q3,1
journal of nephrology,Q2,2.6
journal of nervous and mental disease,Q3,1.5
journal of network and computer applications,Q1,7.7
journal of network and systems management,Q2,3.6
journal of neural engineering,Q2,4
journal of neural transmission,Q1,4.4
journal of neuro oncology,Q2,3.4
journal of neuro ophthalmology,Q3,2.1
journal of neuroanaesthesiology and critical care,Q4,0.2
journal of neurochemistry,Q1,4.6
journal of neurodevelopmental disorders,Q2,3.6
journal of neuroendocrinology,Q1,5
journal of neuroendovascular therapy,Q3,1.2
journal of neuroengineering and rehabilitation,Q1,6
journal of neurogastroenterology and motility,Q2,3.7
journal of neurogenetics,Q4,1.1
journal of neuroimaging,Q2,2.5
journal of neuroimmune pharmacology,Q1,6.1
journal of neuroimmunology,Q3,3.1
journal of neuroinflammation,Q1,11.5
journal of neurointerventional surgery,Q1,4.4
journal of neurolinguistics,Q2,1.5
journal of neurologic physical therapy,Q1,3.6
journal of neurological surgery part a central european neurosurgery,Q4,0.9
journal of neurological surgery part b skull base,Q4,0.8
journal of neurological surgery reports,Q4,0.8
journal of neurology,Q1,5.4
journal of neurology neurosurgery and psychiatry,Q1,7.7
journal of neuromuscular diseases,Q2,3.5
journal of neuropathology and experimental neurology,Q2,3.3
journal of neurophysiology,Q3,2.3
journal of neuropsychiatry and clinical neurosciences,Q2,3.3
journal of neuropsychology,Q3,1.8
journal of neuroradiology,Q2,3.3
journal of neurorestoratology,Q2,3.4
journal of neuroscience,Q2,4.3
journal of neuroscience methods,Q3,2.5
journal of neuroscience nursing,Q2,2.3
journal of neuroscience psychology and economics,Q3,1.4
journal of neuroscience research,Q3,3.1
journal of neurosciences in rural practice,Q4,1.3
journal of neurosurgery,Q1,3.8
journal of neurosurgery case lessons,Q4,0.7
journal of neurosurgery pediatrics,Q2,2.2
journal of neurosurgery spine,Q1,3.9
journal of neurosurgical anesthesiology,Q1,2.7
journal of neurosurgical sciences,Q3,1.2
journal of neurotrauma,Q2,3.8
journal of neurovirology,Q3,2
journal of neutron research,Q4,0.8
journal of new approaches in educational research,Q1,6.6
journal of new music research,Q4,1.4
journal of new zealand studies,Q4,0.3
journal of nietzsche studies,,0.2
journal of nippon medical school,Q2,1.8
journal of non crystalline solids,Q1,3.6
journal of non crystalline solids x,Q2,2.3
journal of non equilibrium thermodynamics,Q2,3.6
journal of non newtonian fluid mechanics,Q2,2.7
journal of noncommutative geometry,Q2,1.1
journal of nondestructive evaluation,Q2,3
journal of nondestructive evaluation diagnostics and prognostics of engineering systems,Q2,2
journal of nonlinear and convex analysis,Q3,0.5
journal of nonlinear and variational analysis,Q1,1.5
journal of nonlinear complex and data science,Q3,1.1
journal of nonlinear functional analysis,Q2,0.8
journal of nonlinear mathematical physics,Q1,2
journal of nonlinear optical physics materials,Q4,1.4
journal of nonlinear science,Q1,2.6
journal of nonparametric statistics,Q3,1
journal of nonprofit education and leadership,Q3,0.6
journal of nonprofit public sector marketing,Q3,1.4
journal of nonverbal behavior,Q3,1.9
journal of north african studies,Q2,0.9
journal of northwest semitic languages,,0.2
journal of nuclear cardiology,Q2,3
journal of nuclear engineering,Q3,1.7
journal of nuclear engineering and radiation science,Q4,0.8
journal of nuclear fuel cycle and waste technology,Q4,1
journal of nuclear materials,Q1,3.3
journal of nuclear medicine,Q1,9.6
journal of nuclear medicine technology,Q3,1.5
journal of nuclear science and technology,Q1,2.5
journal of nucleic acids,Q3,2.7
journal of number theory,Q3,0.7
journal of numerical mathematics,Q1,2.8
journal of nursing administration,Q3,1.8
journal of nursing and midwifery sciences,Q4,0.9
journal of nursing care quality,Q3,1.7
journal of nursing education,Q2,2.3
journal of nursing management,Q1,4.4
journal of nursing measurement,Q4,1
journal of nursing regulation,Q1,7.5
journal of nursing research,Q1,2.7
journal of nursing scholarship,Q1,3.9
journal of nursology,Q4,1
journal of nusantara studies jonus,Q3,0.6
journal of nutrition,Q2,4.2
journal of nutrition and metabolism,Q2,4
journal of nutrition education and behavior,Q1,2.9
journal of nutrition health aging,Q1,5
journal of nutritional biochemistry,Q1,5.2
journal of nutritional science,Q3,2.3
journal of nutritional science and vitaminology,Q4,1.1
journal of obesity,Q2,4.1
journal of obesity metabolic syndrome,Q1,12.7
journal of object technology,Q4,0.9
journal of obsessive compulsive and related disorders,Q3,2.1
journal of obstetric anaesthesia and critical care,Q4,0.5
journal of obstetrics and gynaecology,Q2,2.2
journal of obstetrics and gynaecology canada,Q2,2.3
journal of obstetrics and gynaecology research,Q3,1.7
journal of obstetrics and gynecology of india,Q4,0.5
journal of occupational and environmental hygiene,Q4,1.4
journal of occupational and environmental medicine,Q4,1.4
journal of occupational and organizational psychology,Q1,4.8
journal of occupational health,Q2,2.8
journal of occupational health psychology,Q1,6.7
journal of occupational medicine and toxicology,Q2,3.2
journal of occupational rehabilitation,Q1,2.7
journal of occupational science,Q1,2
journal of occupational therapy schools and early intervention,Q4,1
journal of ocean engineering and marine energy,Q2,2.6
journal of ocean engineering and science,Q1,5.8
journal of ocean engineering and technology,Q3,1.5
journal of ocean university of china,Q3,1.6
journal of oceanography,Q2,2.4
journal of oceanology and limnology,Q2,1.9
journal of ocular pharmacology and therapeutics,Q2,2.2
journal of offender rehabilitation,Q3,1.2
journal of official statistics,Q3,1
journal of offshore mechanics and arctic engineering transactions of the asme,Q3,1.8
journal of oil palm research,Q4,1
journal of oleo science,Q3,1.7
journal of oncology pharmacy practice,Q4,1.3
journal of open archaeology data,,0.8
journal of open humanities data,Q3,0.9
journal of operational meteorology,Q4,1.9
journal of operational oceanography,Q2,2.8
journal of operational risk,Q4,0.5
journal of operations management,Q1,10.1
journal of operator theory,Q3,0.7
journal of ophthalmic inflammation and infection,Q3,2
journal of ophthalmic vision research,Q3,1.4
journal of ophthalmology,Q2,2.2
journal of optical communications and networking,Q1,5.1
journal of optical microsystems,Q3,2
journal of optical technology,Q4,0.4
journal of optics,Q2,2.6
journal of optics india,Q3,2.2
journal of optimization theory and applications,Q1,1.9
journal of optoelectronic and biomedical materials,Q4,0.8
journal of optoelectronics and advanced materials,Q4,0.6
journal of optometry,Q2,3.1
journal of oral and maxillofacial anesthesia,Q3,0.9
journal of oral and maxillofacial surgery,Q2,2.5
journal of oral and maxillofacial surgery medicine and pathology,Q4,0.5
journal of oral biosciences,Q2,2.2
journal of oral facial pain and headache,Q2,2.9
journal of oral health and oral epidemiology,Q4,0.4
journal of oral implantology,Q4,1.1
journal of oral microbiology,Q1,6.7
journal of oral pathology medicine,Q2,2.3
journal of oral rehabilitation,Q1,3.8
journal of oral research and review,Q4,0.2
journal of oral science,Q3,1.4
journal of organic chemistry,Q1,3.3
journal of organisational studies and innovation,Q4,0.4
journal of organization design,Q2,3.2
journal of organizational and end user computing,Q1,5.1
journal of organizational behavior,Q1,9
journal of organizational behavior management,Q3,1.7
journal of organizational change management,Q2,4.5
journal of organizational computing and electronic commerce,Q3,2.2
journal of organizational effectiveness people and performance,Q2,3.7
journal of organizational ethnography,Q4,1.4
journal of organometallic chemistry,Q2,2.7
journal of ornithology,Q1,1.7
journal of orofacial orthopedics fortschritte der kieferorthopadie,Q3,1.9
journal of orthodontics,Q3,1.8
journal of orthopaedic research,Q2,2.4
journal of orthopaedic science,Q3,1.7
journal of orthopaedic sports physical therapy,Q1,6.9
journal of orthopaedic surgery,Q2,1.8
journal of orthopaedic surgery and research,Q1,3.8
journal of orthopaedic translation,Q1,9.8
journal of orthopaedic trauma,Q2,2
journal of orthopaedics,Q3,1.8
journal of orthopaedics and traumatology,Q1,4.5
journal of orthopaedics trauma and rehabilitation,Q4,1
journal of orthoptera research,Q3,1.1
journal of osseointegration,Q4,0.8
journal of osteopathic medicine,Q2,1.3
journal of osteoporosis,Q2,2.6
journal of otolaryngology head neck surgery,Q1,2.5
journal of otology,Q3,1.3
journal of outdoor and environmental education,Q2,2.1
journal of outdoor recreation and tourism research planning and management,Q1,4.9
journal of outdoor recreation education and leadership,Q4,0.8
journal of ovarian research,Q1,5.3
journal of ovonic research,Q4,1.2
journal of pacific archaeology,,1.3
journal of pacific history,Q1,0.6
journal of pacific rim psychology,Q1,3.3
journal of paediatrics and child health,Q3,1.4
journal of pain,Q1,4.4
journal of pain and symptom management,Q1,4
journal of pain palliative care pharmacotherapy,Q3,1.3
journal of pain research,Q2,3.1
journal of palaeogeography english,Q1,2.5
journal of paleolimnology,Q3,1.3
journal of paleolithic archaeology,Q1,2.5
journal of paleontology,Q3,1.3
journal of palestine studies,Q1,2.2
journal of palliative care,Q3,1.6
journal of palliative medicine,Q3,1.8
journal of pancreatology,Q4,1.6
journal of parallel and distributed computing,Q2,3.4
journal of parasitology,Q4,1.2
journal of parasitology research,Q3,1.7
journal of parenteral and enteral nutrition,Q2,3.3
journal of park and recreation administration,Q4,0.9
journal of parkinsons disease,Q1,5.9
journal of partial differential equations,Q4,0.2
journal of pastoral care counseling,,0.7
journal of pastoral theology,,0.8
journal of pathology,Q1,5.4
journal of pathology and translational medicine,Q2,3
journal of pathology clinical research,Q1,4.1
journal of patient centered research and reviews,Q2,2.5
journal of patient experience,Q3,2
journal of patient reported outcomes,Q2,2.9
journal of patient safety,Q3,1.9
journal of patient safety and risk management,Q4,1
journal of peace education,Q3,1.2
journal of peace research,Q1,3.5
journal of peacebuilding development,Q3,1
journal of peasant studies,Q1,5
journal of pediatric and adolescent gynecology,Q2,2
journal of pediatric endocrinology metabolism,Q3,1
journal of pediatric epilepsy,Q4,0.2
journal of pediatric gastroenterology and nutrition,Q1,3.1
journal of pediatric genetics,Q4,0.4
journal of pediatric health care,Q2,2
journal of pediatric hematology oncology,Q3,0.9
journal of pediatric hematology oncology nursing,Q3,1.6
journal of pediatric infection,Q4,0.2
journal of pediatric infectious diseases,Q4,0.2
journal of pediatric intensive care,Q4,0.3
journal of pediatric neurology,Q4,0.3
journal of pediatric neuropsychology,Q4,1
journal of pediatric neurosciences,Q4,0.1
journal of pediatric nursing nursing care of children families,Q1,2.6
journal of pediatric ophthalmology strabismus,Q3,1.4
journal of pediatric orthopaedics,Q3,1.7
journal of pediatric orthopaedics part b,Q3,0.9
journal of pediatric psychology,Q2,2.4
journal of pediatric rehabilitation medicine,Q3,1
journal of pediatric research,Q4,0.7
journal of pediatric surgery,Q2,2.3
journal of pediatric surgery case reports,Q4,0.3
journal of pediatric surgery open,Q4,0.7
journal of pediatric urology,Q2,2.2
journal of pediatrics,Q1,3.6
journal of pediatrics review,Q4,0.4
journal of penal law and criminology ceza hukuku ve kriminoloji dergisi,Q4,0.1
journal of pension economics finance,Q3,1.3
journal of pentecostal theology,,0.1
journal of peptide science,Q3,2.6
journal of performance of constructed facilities,Q3,2.1
journal of perianesthesia nursing,Q1,2.6
journal of perinatal education,Q3,0.8
journal of perinatal medicine,Q3,1.3
journal of perinatal neonatal nursing,Q2,1.8
journal of perinatology,Q2,2.3
journal of periodontal and implant science,Q1,3.1
journal of periodontal research,Q1,5.4
journal of periodontology,Q1,4.5
journal of perioperative practice,Q4,0.9
journal of persianate studies,,0.3
journal of personal selling sales management,Q2,4.4
journal of personality,Q1,3.3
journal of personality and social psychology,Q1,6.8
journal of personality assessment,Q2,2.6
journal of personality disorders,Q2,2.6
journal of personnel psychology,Q4,1.1
journal of pest science,Q1,4.4
journal of pesticide science,Q2,1.5
journal of petroleum exploration and production technology,Q2,3.9
journal of petroleum geology,Q3,2.3
journal of petrology,Q1,3.8
journal of pharmaceutical analysis,Q1,11.2
journal of pharmaceutical and biomedical analysis,Q2,3.4
journal of pharmaceutical health care and sciences,Q4,1.3
journal of pharmaceutical health services research,Q4,1.1
journal of pharmaceutical innovation,Q3,2.6
journal of pharmaceutical investigation,Q1,4.7
journal of pharmaceutical policy and practice,Q2,2.6
journal of pharmaceutical sciences,Q2,3.9
journal of pharmacokinetics and pharmacodynamics,Q2,3.3
journal of pharmacological and toxicological methods,Q3,2.1
journal of pharmacological sciences,Q3,2.8
journal of pharmacology and experimental therapeutics,Q2,4.3
journal of pharmacology pharmacotherapeutics,Q4,1
journal of pharmacopuncture,Q3,1.5
journal of pharmacy and pharmaceutical sciences,Q1,5.5
journal of pharmacy and pharmacology,Q2,3.7
journal of pharmacy pharmacognosy research,Q4,1
journal of pharmacy practice,Q4,1
journal of pharmacy practice and research,Q4,1
journal of pharmacy technology,Q4,1.5
journal of phase equilibria and diffusion,Q3,2
journal of philanthropy,,N/A
journal of philanthropy and marketing,Q4,1.1
journal of philosophical economics,Q4,0.5
journal of philosophical logic,,1.2
journal of philosophical research,,0.2
journal of philosophy,,1.6
journal of philosophy of education,Q2,1.1
journal of phonetics,Q1,2.3
journal of photochemistry and photobiology a chemistry,Q2,4.4
journal of photochemistry and photobiology b biology,Q1,4
journal of photochemistry and photobiology c photochemistry reviews,Q1,11.6
journal of photonics for energy,Q3,2.5
journal of photopolymer science and technology,Q4,0.7
journal of phycology,Q1,4.3
journal of physical activity health,Q2,2.6
journal of physical and chemical reference data,Q2,3
journal of physical chemistry a,Q2,3
journal of physical chemistry b,Q2,3.2
journal of physical chemistry c,Q3,3.4
journal of physical chemistry letters,Q1,4.5
journal of physical education recreation and dance,Q3,1.1
journal of physical oceanography,Q2,2.9
journal of physical organic chemistry,Q3,1.9
journal of physical science,Q3,1.1
journal of physical studies,Q4,0.4
journal of physics a mathematical and theoretical,Q2,1.9
journal of physics and chemistry of solids,Q2,5.9
journal of physics b atomic molecular and optical physics,Q3,1.7
journal of physics communications,Q3,1.5
journal of physics complexity,Q1,2.3
journal of physics condensed matter,Q3,2.9
journal of physics d applied physics,Q2,3.2
journal of physics energy,Q2,5.7
journal of physics g nuclear and particle physics,Q2,3.1
journal of physics materials,Q2,4.2
journal of physics photonics,Q1,4.7
journal of physiological anthropology,Q1,4
journal of physiological investigation,Q4,1.6
journal of physiological sciences,Q2,3.3
journal of physiology and biochemistry,Q1,5.1
journal of physiology and pharmacology,Q3,2.5
journal of physiology london,Q1,4.6
journal of physiotherapy,Q1,9.4
journal of phytopathology,Q3,1.2
journal of pidgin and creole languages,Q4,0.4
journal of pineal research,Q1,7.5
journal of pioneering medical sciences,Q3,0.5
journal of pipeline science and engineering,Q1,5
journal of pipeline systems engineering and practice,Q3,2.5
journal of place management and development,Q2,2.4
journal of plankton research,Q2,2
journal of planning education and research,Q2,2.7
journal of planning history,Q4,0.7
journal of planning literature,Q1,6.2
journal of plant biochemistry and biotechnology,Q2,2
journal of plant biology,Q2,2.7
journal of plant diseases and protection,Q2,2.8
journal of plant ecology,Q1,4.5
journal of plant growth regulation,Q1,4.2
journal of plant interactions,Q2,3.3
journal of plant nutrition,Q3,1.8
journal of plant nutrition and soil science,Q1,3.3
journal of plant pathology,Q2,2.1
journal of plant physiology,Q1,4.8
journal of plant protection research,Q3,1.5
journal of plant registrations,Q4,0.8
journal of plant research,Q2,2.2
journal of plasma physics,Q2,2.8
journal of plastic and reconstructive surgery,Q4,0.2
journal of plastic film sheeting,Q4,1.6
journal of plastic reconstructive and aesthetic surgery,Q2,2.4
journal of plastic surgery and hand surgery,Q3,1.4
journal of poetry therapy,Q4,0.7
journal of police and criminal psychology,Q2,1.6
journal of policing intelligence and counter terrorism,Q3,1.2
journal of policy analysis and management,Q1,2.8
journal of policy and practice in intellectual disabilities,Q2,2.2
journal of policy history,Q1,0.5
journal of policy modeling,Q1,2.8
journal of policy research in tourism leisure and events,Q2,2.3
journal of politeness research language behaviour culture,Q2,2
journal of political ecology,Q2,3.5
journal of political economy,Q1,6.4
journal of political ideologies,Q2,1.6
journal of political marketing,Q2,2.1
journal of political power,Q2,1.6
journal of political science education,Q3,1
journal of politics,Q1,3.2
journal of politics in latin america,Q1,2.8
journal of pollination ecology,Q3,1.8
journal of polymer composites,Q4,0.3
journal of polymer engineering,Q3,1.9
journal of polymer materials,Q2,3.5
journal of polymer research,Q2,3.5
journal of polymer science,Q2,3.9
journal of polymers and the environment,Q1,5.6
journal of polytechnic politeknik dergisi,Q4,0.6
journal of popular culture,Q4,0.2
journal of popular film and television,,0.2
journal of popular music studies,,0.8
journal of popular television,,0.2
journal of population ageing,Q3,1.7
journal of population economics,Q1,2.6
journal of population research,Q3,1.3
journal of porous materials,Q2,3
journal of porous media,Q3,2.2
journal of porphyrins and phthalocyanines,Q4,1
journal of portfolio management,Q3,1
journal of portuguese linguistics,,0.2
journal of positive behavior interventions,Q3,1.5
journal of positive psychology,Q1,3.6
journal of post keynesian economics,Q3,0.9
journal of postcolonial writing,,0.3
journal of postgraduate medicine,Q3,1.1
journal of posthuman studies philosophy technology media,,0.3
journal of postsecondary education and disability,Q4,0.7
journal of postsecondary student success,Q2,1.4
journal of poultry science,Q2,2.1
journal of poverty,Q3,1
journal of poverty and social justice,Q2,1.1
journal of power electronics,Q4,1.5
journal of power sources,Q1,8.4
journal of power sources advances,Q2,4.3
journal of power technologies,Q4,0.3
journal of practical ethics,Q4,0.5
journal of pragmatics,Q1,2.2
journal of pre raphaelite studies new series,,<0.1
journal of pregnancy,Q3,1.5
journal of pressure vessel technology transactions of the asme,Q3,1.5
journal of prevention,Q2,2.5
journal of preventive medicine public health,Q2,2.9
journal of primary care and community health,Q2,2.7
journal of primary health care,Q4,1.1
journal of print and media technology research,Q4,0.3
journal of prison education and reentry,Q3,1.5
journal of private enterprise,Q4,0.1
journal of private international law,Q3,0.5
journal of probability and statistics,Q3,0.8
journal of process control,Q2,4.4
journal of product and brand management,Q1,7.1
journal of product innovation management,Q1,12
journal of productivity analysis,Q2,2.3
journal of professional capital and community,Q2,2
journal of professional nursing,Q1,2.8
journal of professions and organization,Q4,1.3
journal of progressive human services,Q2,1.5
journal of property investment finance,Q2,2.2
journal of property planning and environmental law,Q2,0.8
journal of property research,Q3,1.1
journal of propulsion and power,Q1,2.8
journal of prosthetic dentistry,Q1,5.6
journal of prosthetics and orthotics,Q4,0.7
journal of prosthodontic research,Q1,3.8
journal of prosthodontics implant esthetic and reconstructive dentistry,Q1,3.6
journal of proteome research,Q2,3.8
journal of proteomics,Q2,3.1
journal of pseudo differential operators and applications,Q1,1.6
journal of psychedelic studies,Q1,3.7
journal of psychiatric and mental health nursing,Q1,3.1
journal of psychiatric nursing,Q4,0.7
journal of psychiatric practice,Q4,1.1
journal of psychiatric research,Q2,3.6
journal of psychiatry neuroscience,Q1,4.8
journal of psychoactive drugs,Q2,2.4
journal of psychoeducational assessment,Q4,1.3
journal of psycholinguistic research,Q2,2
journal of psychologists and counsellors in schools,Q1,1.8
journal of psychology,Q2,2.5
journal of psychology and theology,Q3,1.5
journal of psychology in africa,Q3,1.1
journal of psychopathology,Q3,1.9
journal of psychopathology and behavioral assessment,Q3,1.8
journal of psychopathology and clinical science,Q1,4.6
journal of psychopharmacology,Q1,5.3
journal of psychophysiology,Q4,1.3
journal of psychosocial nursing and mental health services,Q3,1.5
journal of psychosocial oncology,Q3,1.9
journal of psychosocial oncology research and practice,Q4,0.9
journal of psychosocial studies,Q3,0.7
journal of psychosomatic obstetrics gynecology,Q2,2.6
journal of psychosomatic research,Q2,3.3
journal of psychotherapy integration,Q3,1.9
journal of public administration research and theory,Q1,7.4
journal of public affairs,Q3,1.7
journal of public affairs education,Q2,2
journal of public and nonprofit affairs,Q3,0.8
journal of public budgeting accounting financial management,Q2,3.1
journal of public child welfare,Q2,1.5
journal of public economic theory,Q3,0.9
journal of public economics,Q1,3.2
journal of public finance and public choice,Q2,1.5
journal of public health,Q1,3.5
journal of public health and emergency,Q3,1.4
journal of public health dentistry,Q3,1.8
journal of public health heidelberg,Q3,1.6
journal of public health in africa,Q4,1.3
journal of public health management and practice,Q3,1.7
journal of public health policy,Q3,2.1
journal of public health research,Q3,2.1
journal of public mental health,Q4,1
journal of public policy,Q2,2.4
journal of public policy marketing,Q2,5.3
journal of public procurement,Q2,2.2
journal of public relations research,Q1,4.8
journal of public transportation,Q2,4.4
journal of purchasing and supply management,Q1,7.4
journal of pure and applied algebra,Q3,0.7
journal of pure and applied microbiology,Q4,1.1
journal of quality assurance in hospitality tourism,Q2,2.8
journal of quality in maintenance engineering,Q3,2.3
journal of quality measurement and analysis,Q4,0.2
journal of quality technology,Q1,2
journal of quantitative analysis in sports,Q3,1.4
journal of quantitative criminology,Q1,2.7
journal of quantitative economics,Q3,1
journal of quantitative linguistics,Q3,1
journal of quantitative spectroscopy radiative transfer,Q3,2
journal of quaternary science,Q3,1.9
journal of quranic studies,,0.3
journal of race ethnicity and politics,Q1,2.5
journal of racial and ethnic health disparities,Q2,2.2
journal of radiation protection and research,Q4,1
journal of radiation research,Q2,2.1
journal of radiation research and applied sciences,Q1,3.5
journal of radio audio media,Q3,1
journal of radioanalytical and nuclear chemistry,Q3,1.7
journal of radiological protection,Q3,1.7
journal of radiosurgery and sbrt,Q4,0.8
journal of radiotherapy in practice,Q4,0.7
journal of rail transport planning management,Q3,2.3
journal of rajasthan academy of physical sciences,Q4,0.1
journal of raman spectroscopy,Q2,2.2
journal of raptor research,Q2,1.3
journal of rare earths,Q1,9.6
journal of rational emotive and cognitive behavior therapy,Q2,2.1
journal of real estate finance and economics,Q2,2.1
journal of real estate research,Q3,1.3
journal of real time image processing,Q2,4.9
journal of receptors and signal transduction,Q4,1.9
journal of reconstructive microsurgery,Q2,2.3
journal of reformed theology,,0.2
journal of refractive surgery,Q1,2.9
journal of refugee studies,Q1,2.3
journal of regional and city planning,Q4,1
journal of regional science,Q2,2.4
journal of regulatory economics,Q3,1.2
journal of rehabilitation and assistive technologies engineering,Q3,2.2
journal of rehabilitation medicine,Q2,2.3
journal of rehabilitation sciences and research,Q4,0.3
journal of reinforced plastics and composites,Q3,2.3
journal of reliability and statistical studies,Q3,1.1
journal of religion,,0.5
journal of religion and popular culture,,0.5
journal of religion and spirituality in social work,Q3,1.2
journal of religion health,Q2,2.2
journal of religion in africa,,0.4
journal of religion in europe,,0.6
journal of religion in japan,,0.1
journal of religion media and digital culture,Q4,0.4
journal of religion spirituality aging,Q4,1
journal of religious education,,1
journal of religious ethics,,0.4
journal of religious history,Q2,0.3
journal of remote sensing,Q1,11
journal of renal care,Q2,2
journal of renal injury prevention,Q4,0.5
journal of renal nutrition,Q1,4
journal of renewable and sustainable energy,Q4,2.4
journal of reports in pharmaceutical sciences,Q4,0.2
journal of reproduction and development,Q2,2.1
journal of reproductive and infant psychology,Q2,2.3
journal of reproductive immunology,Q1,3.5
journal of research administration,Q3,2.2
journal of research in applied linguistics,Q1,2.4
journal of research in childhood education,Q2,1.6
journal of research in crime and delinquency,Q1,3.2
journal of research in education sciences,Q4,0.5
journal of research in health sciences,Q3,2
journal of research in interactive marketing,Q1,11
journal of research in international education,Q3,1.1
journal of research in marketing and entrepreneurship,Q3,2.8
journal of research in medical sciences,Q2,1.7
journal of research in music education,Q3,1.3
journal of research in nursing,Q2,2.1
journal of research in personality,Q1,3.4
journal of research in pharmacy,Q4,0.8
journal of research in pharmacy practice,Q4,0.7
journal of research in reading,Q2,1.7
journal of research in science teaching,Q1,4.8
journal of research in special educational needs,Q2,1.8
journal of research on adolescence,Q1,2.7
journal of research on educational effectiveness,Q2,1.8
journal of research on leadership education,Q2,1.5
journal of research on technology in education,Q1,3.5
journal of responsible innovation,Q1,3.1
journal of responsible technology,Q1,4.9
journal of retailing,Q1,8.9
journal of retailing and consumer services,Q1,13.7
journal of revenue and pricing management,Q3,1.6
journal of rheology,Q2,3.6
journal of rheumatic diseases,Q2,3.8
journal of rheumatology,Q2,3.7
journal of risk,Q4,0.5
journal of risk and insurance,Q2,1.9
journal of risk and uncertainty,Q2,2.2
journal of risk finance,Q2,3.4
journal of risk model validation,Q4,0.4
journal of risk research,Q1,2.4
journal of road engineering,Q1,12.8
journal of road safety jrs,Q4,0.7
journal of robotic surgery,Q1,4.2
journal of robotics,Q3,1.9
journal of robotics and mechatronics,Q4,1
journal of robotics networking and artificial life,Q4,0.3
journal of rock mechanics and geotechnical engineering,Q1,10.8
journal of roman archaeology,,1
journal of roman studies,,1.4
journal of romance studies,,0.2
journal of rubber research,Q4,1.4
journal of rural and community development,Q4,0.8
journal of rural health,Q1,3.2
journal of rural studies,Q1,5.7
journal of russian laser research,Q4,1
journal of safety research,Q1,4.3
journal of safety science and resilience,Q1,6.3
journal of sandwich structures materials,Q2,2.4
journal of saudi chemical society,Q2,5.2
journal of scandinavian cinema,,0.3
journal of scheduling,Q3,1.6
journal of scholarly publishing,Q3,1
journal of school health,Q2,1.8
journal of school nursing,Q2,2.1
journal of school psychology,Q1,4
journal of school violence,Q2,1.9
journal of science advanced materials and devices,Q2,6.9
journal of science and arts,Q3,0.7
journal of science and medicine in sport,Q1,4.5
journal of science and technology of the arts,,<0.1
journal of science and technology policy management,Q2,4.1
journal of science education and technology,Q1,5.5
journal of science in sport and exercise,Q2,2.1
journal of science teacher education,Q2,1.7
journal of scientific computing,Q1,2.6
journal of scientific industrial research,Q3,0.8
journal of scientometric research,Q3,1.3
journal of scleroderma and related disorders,Q3,1.5
journal of scottish historical studies,Q2,0.3
journal of scottish philosophy,,0.4
journal of screenwriting,,0.2
journal of sea research,Q1,3.8
journal of second language pronunciation,Q3,0.7
journal of second language studies,Q3,0.8
journal of second language writing,Q1,7.7
journal of sedimentary environments,Q4,1.7
journal of sedimentary research,Q2,1.9
journal of seed science,Q3,1.4
journal of seismic exploration,Q4,0.8
journal of seismology,Q3,1.3
journal of semantics,Q3,0.9
journal of semiconductor technology and science,Q4,1
journal of semiconductors,Q2,5.1
journal of semitic studies,,0.4
journal of sensor and actuator networks,Q2,4.8
journal of sensors,Q3,1.9
journal of sensors and sensor systems,Q4,1.2
journal of sensory studies,Q4,1.6
journal of separation science,Q2,3.6
journal of service management,Q1,8.5
journal of service research,Q1,8.6
journal of service theory and practice,Q1,6.7
journal of services marketing,Q1,5.7
journal of settlements and spatial planning,Q4,0.4
journal of sex marital therapy,Q1,2.2
journal of sex research,Q1,3
journal of sexual aggression,Q1,2.3
journal of sexual medicine,Q1,3.6
journal of shellfish research,Q3,0.9
journal of shia islamic studies,,<0.1
journal of ship production and design,Q3,1.3
journal of shoulder and elbow surgery,Q1,3.4
journal of siberian federal university chemistry,Q4,0.3
journal of siberian federal university mathematics physics,Q4,0.3
journal of signal processing systems for signal image and video technology,Q3,1.7
journal of simulation,Q3,1.7
journal of singularities,Q3,0.6
journal of skin cancer,Q4,0.9
journal of sleep research,Q1,4.6
journal of small animal practice,Q2,1.5
journal of small business and enterprise development,Q2,3.9
journal of small business management,Q1,5.7
journal of smoking cessation,Q3,1.7
journal of social and clinical psychology,Q4,1.1
journal of social and economic development,Q3,1.4
journal of social and personal relationships,Q1,2.3
journal of social and political philosophy,Q4,0.2
journal of social archaeology,Q2,1.5
journal of social distress and the homeless,Q3,1
journal of social entrepreneurship,Q3,2.1
journal of social history,Q1,0.6
journal of social issues,Q1,3.5
journal of social marketing,Q3,2.9
journal of social philosophy,Q3,0.9
journal of social policy,Q1,2.5
journal of social policy studies,Q4,0.3
journal of social psychology,Q3,1.8
journal of social service research,Q3,1.2
journal of social welfare and family law,Q2,0.8
journal of social work,Q1,2.2
journal of social work education,Q1,1.8
journal of social work education and practice,Q4,0.5
journal of social work in end of life palliative care,Q2,1.3
journal of social work practice,Q3,1.2
journal of social work practice in the addictions,Q3,0.9
journal of sociolinguistics,Q1,4
journal of sociology,Q1,3
journal of software evolution and process,Q3,1.6
journal of soil and water conservation,Q2,3.1
journal of soil science and plant nutrition,Q2,3.6
journal of soils and sediments,Q2,3.3
journal of sol gel science and technology,Q1,4.2
journal of solar energy engineering transactions of the asme,Q2,2.4
journal of solid state chemistry,Q2,3.2
journal of solid state electrochemistry,Q3,3.1
journal of solution chemistry,Q4,1.3
journal of song yuan studies,Q1,0.9
journal of sound and vibration,Q1,5.8
journal of south american earth sciences,Q3,1.7
journal of south asian development,Q3,1.8
journal of southeast asian economies,Q3,1.5
journal of southeast asian studies,Q2,0.7
journal of southern african studies,Q2,0.8
journal of southern hemisphere earth systems science,Q3,1.9
journal of southern history,Q2,0.3
journal of space safety engineering,Q3,1.8
journal of space weather and space climate,Q2,2.7
journal of spacecraft and rockets,Q2,2
journal of spanish cultural studies,Q3,0.5
journal of spatial information science,Q2,2.3
journal of spatial science,Q3,2.2
journal of special education,Q2,1.8
journal of special education technology,Q1,2.7
journal of specialised translation,Q2,1.9
journal of spectral theory,Q2,0.9
journal of spectroscopy,Q3,1.7
journal of speculative philosophy,,0.2
journal of speech language and hearing research,Q1,2.5
journal of spinal cord medicine,Q4,1.3
journal of spine surgery,Q2,2.3
journal of spiritual formation and soul care,,0.4
journal of spirituality in mental health,Q4,1
journal of sport and health research,Q4,0.8
journal of sport and health science,Q1,13.1
journal of sport exercise psychology,Q2,3
journal of sport for development,Q2,2.5
journal of sport management,Q1,4.6
journal of sport psychology in action,Q3,2.4
journal of sport rehabilitation,Q2,1.7
journal of sport social issues,Q1,3.3
journal of sports analytics,Q2,2
journal of sports economics,Q2,1.7
journal of sports medicine and physical fitness,Q3,1.3
journal of sports science and medicine,Q1,4.1
journal of sports sciences,Q2,3.1
journal of statistical computation and simulation,Q2,1.3
journal of statistical mechanics theory and experiment,Q2,1.9
journal of statistical physics,Q3,1.1
journal of statistical planning and inference,Q3,1.1
journal of statistical software,Q1,14.3
journal of statistical theory and applications,Q1,3.4
journal of statistical theory and practice,Q3,0.8
journal of statistics and data science education,Q2,2.3
journal of stem cells regenerative medicine,Q4,1.3
journal of steroid biochemistry and molecular biology,Q3,3.1
journal of stomatology oral and maxillofacial surgery,Q2,2.4
journal of stored products research,Q1,3.4
journal of strain analysis for engineering design,Q3,2
journal of strategic information systems,Q1,9.1
journal of strategic marketing,Q2,3.7
journal of strategic studies,Q1,2.5
journal of strategy and management,Q2,3.2
journal of strength and conditioning research,Q2,3
journal of stroke,Q1,11
journal of stroke cerebrovascular diseases,Q3,2.1
journal of structural biology,Q3,2.3
journal of structural biology x,Q2,2.9
journal of structural chemistry,Q4,1.5
journal of structural design and construction practice,,N/A
journal of structural engineering,Q1,3.8
journal of structural fire engineering,Q3,1.8
journal of structural geology,Q2,3
journal of structural integrity and maintenance,Q1,4.6
journal of student affairs research and practice,Q3,0.7
journal of student financial aid,Q4,0.3
journal of studies in international education,Q1,2.9
journal of studies on alcohol and drugs,Q2,2.4
journal of substance use,Q4,0.7
journal of substance use addiction treatment,Q2,2.8
journal of sufi studies,,0.4
journal of sulfur chemistry,Q3,1.7
journal of supercomputing,Q2,3.5
journal of superconductivity and novel magnetism,Q3,1.8
journal of supercritical fluids,Q2,4
journal of superhard materials,Q4,1.2
journal of supply chain management,Q1,13.5
journal of supreme court history,Q4,<0.1
journal of surface investigation,Q4,0.4
journal of surfactants and detergents,Q3,2
journal of surgical case reports,Q4,0.5
journal of surgical education,Q2,2.2
journal of surgical oncology,Q2,1.9
journal of surgical research,Q3,1.6
journal of survey statistics and methodology,Q1,1.9
journal of surveying engineering,Q4,1
journal of sustainable agriculture and environment,Q1,4
journal of sustainable cement based materials,Q2,3.6
journal of sustainable development of energy water and environment systems jsdewes,Q4,2.1
journal of sustainable finance investment,Q1,5.9
journal of sustainable forestry,Q3,1.2
journal of sustainable metallurgy,Q2,3.5
journal of sustainable mining,Q3,1.5
journal of sustainable tourism,Q1,8.4
journal of sustainable water in the built environment,Q4,1.7
journal of swine health and production,Q2,1.5
journal of symbolic computation,Q3,0.9
journal of symbolic logic,Q3,0.6
journal of symplectic geometry,Q2,0.8
journal of synchrotron radiation,Q2,2.8
journal of synthetic organic chemistry japan,Q4,0.3
journal of systematic palaeontology,Q1,2.9
journal of systematics and evolution,Q2,3.2
journal of systems and software,Q2,3.8
journal of systems architecture,Q1,5.3
journal of systems engineering and electronics,Q2,2.6
journal of systems science and systems engineering,Q3,2.1
journal of systems science complexity,Q2,1.9
journal of taibah university for science,Q1,3.6
journal of taibah university medical sciences,Q2,2.7
journal of tax administration,Q4,0.5
journal of tax reform,Q3,1.7
journal of teacher education,Q1,4.5
journal of teaching and learning,Q3,1.2
journal of teaching english for specific and academic purposes,Q4,0.6
journal of teaching in international business,Q3,1.2
journal of teaching in physical education,Q2,1.6
journal of teaching in social work,Q4,0.6
journal of teaching in travel tourism,Q2,2.4
journal of technical education and training,Q3,1
journal of technical writing and communication,Q3,1.1
journal of technology and chinese language teaching,Q2,1.8
journal of technology in human services,Q1,1.8
journal of technology transfer,Q1,5.4
journal of tekirdag agriculture faculty tekirdag ziraat fakultesi dergisi,Q3,0.9
journal of telemedicine and telecare,Q2,3.3
journal of terramechanics,Q3,3.9
journal of testing and evaluation,Q3,1.3
journal of texture studies,Q3,3.2
journal of the academy of consultation liaison psychiatry,Q2,2.7
journal of the academy of marketing science,Q1,8.8
journal of the academy of nutrition and dietetics,Q1,5.2
journal of the acm,Q2,3
journal of the acoustical society of america,Q1,2.6
journal of the acoustical society of korea,Q4,0.3
journal of the agricultural and applied economics association,Q3,1.8
journal of the air waste management association,Q3,2.4
journal of the american academy of audiology,Q3,1.4
journal of the american academy of child and adolescent psychiatry,Q1,9.6
journal of the american academy of dermatology,Q1,12.3
journal of the american academy of orthopaedic surgeons,Q1,2.9
journal of the american academy of orthopaedic surgeons global research and reviews,Q3,1.5
journal of the american academy of psychiatry and the law,Q1,2.3
journal of the american academy of religion,,0.9
journal of the american association for laboratory animal science,Q2,1.5
journal of the american association of nurse practitioners,Q3,1.4
journal of the american board of family medicine,Q2,2.3
journal of the american ceramic society,Q1,4.2
journal of the american chemical society,Q1,16.6
journal of the american college of clinical pharmacy,Q3,1.7
journal of the american college of emergency physicians open,Q2,1.8
journal of the american college of radiology,Q1,5.3
journal of the american college of surgeons,Q1,3.2
journal of the american dental association,Q1,4.4
journal of the american geriatrics society,Q1,4.6
journal of the american heart association,Q1,6
journal of the american helicopter society,Q3,1.5
journal of the american institute for conservation,,0.9
journal of the american leather chemists association,Q4,0.4
journal of the american mathematical society,Q1,4.4
journal of the american medical directors association,Q2,3.4
journal of the american medical informatics association,Q1,7.1
journal of the american mosquito control association,Q2,1.4
journal of the american musicological society,,1.1
journal of the american nutrition association,Q2,3.3
journal of the american oil chemists society,Q3,2.4
journal of the american oriental society,,0.2
journal of the american pharmacists association,Q3,2.4
journal of the american philosophical association,,1.3
journal of the american planning association,Q1,4.2
journal of the american podiatric medical association,Q4,0.7
journal of the american pomological society,Q4,0.2
journal of the american psychiatric nurses association,Q2,2.1
journal of the american psychoanalytic association,Q2,0.8
journal of the american society for horticultural science,Q3,1.5
journal of the american society for mass spectrometry,Q2,2.9
journal of the american society of brewing chemists,Q3,2.1
journal of the american society of cytopathology,Q2,2.7
journal of the american society of echocardiography,Q1,8.3
journal of the american society of nephrology,Q1,9.7
journal of the american statistical association,Q1,4
journal of the american taxation association,Q3,1.7
journal of the american water resources association,Q2,3
journal of the anatomical society of india,Q4,0.4
journal of the anus rectum and colon,Q4,1.5
journal of the asabe,Q3,1.4
journal of the asean federation of endocrine societies,Q4,1.5
journal of the asia pacific economy,Q3,1.5
journal of the association for consumer research,Q3,2.4
journal of the association for information science and technology,Q1,5.1
journal of the association for information systems,Q1,7.5
journal of the association of environmental and resource economists,Q1,3.1
journal of the association of medical microbiology and infectious disease canada jammi,Q4,1.4
journal of the astronautical sciences,Q2,1.9
journal of the atmospheric sciences,Q2,3.3
journal of the audio engineering society,Q3,1.5
journal of the australasian tax teachers association,Q4,0.3
journal of the australian ceramic society,Q2,2.6
journal of the australian early medieval association,,0.2
journal of the australian library and information association,Q2,1.8
journal of the australian mathematical society,Q2,0.9
journal of the belgian society of radiology,Q3,1.4
journal of the brazilian chemical society,Q3,1.5
journal of the brazilian society of mechanical sciences and engineering,Q2,2.7
journal of the british archaeological association,,0.3
journal of the british blockchain association,Q2,2.1
journal of the british society for phenomenology,,0.5
journal of the canadian academy of child and adolescent psychiatry,Q2,2.9
journal of the canadian association of gastroenterology,Q2,3.8
journal of the canadian dental association,Q4,0.8
journal of the canadian health libraries association,Q1,3.4
journal of the ceramic society of japan,Q3,1.1
journal of the chemical society of pakistan,Q4,0.6
journal of the chilean chemical society,Q4,0.9
journal of the chinese chemical society,Q3,2
journal of the chinese institute of engineers,Q3,1.3
journal of the chinese medical association,Q2,2.3
journal of the chinese society of mechanical engineers,Q4,0.2
journal of the civil war era,Q1,1.2
journal of the dermatology nurses association,Q4,0.2
journal of the dow university of health sciences,Q4,0.1
journal of the early republic,Q1,1.1
journal of the economic and social history of the orient,Q1,0.7
journal of the economic science association jesa,Q3,1.1
journal of the economics of ageing,Q1,2.6
journal of the egyptian national cancer institute,Q3,2.2
journal of the egyptian ophthalmological society,Q4,0.1
journal of the egyptian public health association,Q2,2.4
journal of the electrochemical society,Q2,3.5
journal of the endocrine society,Q2,4.4
journal of the energy institute,Q2,6.5
journal of the entomological research society,Q4,0.7
journal of the european academy of dermatology and venereology,Q1,9.2
journal of the european ceramic society,Q1,6.3
journal of the european economic association,Q1,3.5
journal of the european mathematical society,Q1,3.1
journal of the european optical society rapid publications,Q3,1.7
journal of the experimental analysis of behavior,Q3,1.9
journal of the faculty of agriculture kyushu university,Q4,0.3
journal of the faculty of engineering and architecture of gazi university,Q3,1
journal of the formosan medical association,Q1,2.8
journal of the franklin institute,Q1,3.7
journal of the geographical institute jovan cvijic sasa,Q2,1.4
journal of the geological society,Q2,2.9
journal of the geological society of india,Q4,1.2
journal of the geological society of korea,Q4,0.6
journal of the gilded age and progressive era,Q2,0.3
journal of the global power and propulsion society,Q3,2.2
journal of the hellenic veterinary medical society,Q4,0.6
journal of the history of biology,Q2,0.7
journal of the history of collections,,0.1
journal of the history of economic thought,Q1,0.5
journal of the history of ideas,,0.9
journal of the history of international law,Q2,0.8
journal of the history of medicine and allied sciences,Q3,0.4
journal of the history of philosophy,,0.5
journal of the history of sexuality,Q1,0.7
journal of the history of the behavioral sciences,Q3,0.7
journal of the history of the neurosciences,Q3,0.5
journal of the indian academy of wood science,Q3,1.7
journal of the indian chemical society,Q2,3.4
journal of the indian institute of science,Q2,2.3
journal of the indian ocean region,Q2,0.7
journal of the indian society for probability and statistics,Q3,0.8
journal of the indian society of remote sensing,Q3,2.1
journal of the indonesian mathematical society,Q4,0.4
journal of the indonesian tropical animal agriculture,Q4,0.7
journal of the institute of brewing,Q3,2
journal of the institute of conservation,,0.8
journal of the institute of mathematics of jussieu,Q2,1.1
journal of the intensive care society,Q3,1.9
journal of the international aids society,Q1,5.2
journal of the international association for shell and spatial structures,Q4,0.5
journal of the international association of providers of aids care,Q3,2.1
journal of the international clinical dental research organization,Q4,0.3
journal of the international council for small business,Q3,2.1
journal of the international network for korean language and culture,,0.1
journal of the international neuropsychological society,Q2,3
journal of the international phonetic association,Q3,0.8
journal of the international society of sports nutrition,Q1,4.9
journal of the iranian chemical society,Q3,2.4
journal of the japan institute of energy,Q4,0.4
journal of the japan institute of metals and materials,Q4,0.3
journal of the japan petroleum institute,Q4,0.5
journal of the japanese and international economies,Q1,2.6
journal of the japanese society for food science and technology nippon shokuhin kagaku kogaku kaishi,Q4,0.1
journal of the kansas entomological society,Q3,0.8
journal of the korean academy of child and adolescent psychiatry,Q3,2
journal of the korean association of oral and maxillofacial surgeons,Q3,1.6
journal of the korean astronomical society,Q4,1.1
journal of the korean ceramic society,Q1,4.4
journal of the korean chemical society daehan hwahak hoe jee,Q4,0.4
journal of the korean crystal growth and crystal technology,Q4,0.3
journal of the korean earth science society,Q4,0.4
journal of the korean electrochemical society,Q4,0.3
journal of the korean geosynthetic society,Q4,0.4
journal of the korean magnetic resonance society,Q4,0.4
journal of the korean magnetics society,Q4,0.2
journal of the korean mathematical society,Q3,0.5
journal of the korean medical association,Q3,0.5
journal of the korean ophthalmological society,Q4,0.1
journal of the korean physical society,Q3,1
journal of the korean society for aeronautical and space sciences,Q4,0.3
journal of the korean society for industrial and applied mathematics,Q4,0.7
journal of the korean society for nondestructive testing,Q4,0.4
journal of the korean society of combustion,Q4,0.5
journal of the korean society of mathematical education series b theoretical mathematics and pedagogical mathematics,,N/A
journal of the korean society of radiology,Q4,0.7
journal of the korean statistical society,Q3,0.8
journal of the learning sciences,Q1,4.7
journal of the lepidopterists society,Q4,0.4
journal of the liaquat university of medical and health sciences,Q4,0.2
journal of the london mathematical society second series,Q1,1.4
journal of the marine biological association of the united kingdom,Q3,1.1
journal of the mathematical society of japan,Q3,0.6
journal of the mechanical behavior of biomedical materials,Q2,4.1
journal of the mechanical behavior of materials,Q3,2.2
journal of the mechanics and physics of solids,Q1,6.2
journal of the medical library association,Q2,1.7
journal of the meteorological society of japan,Q2,3.9
journal of the mexican chemical society,Q4,1
journal of the musical arts in africa,,0.6
journal of the national cancer center,Q1,25.2
journal of the national comprehensive cancer network,Q1,17.5
journal of the national medical association,Q2,2.3
journal of the national science foundation of sri lanka,Q3,0.7
journal of the neurological sciences,Q2,3.1
journal of the operational research society,Q2,2.6
journal of the operations research society of china,Q4,1
journal of the optical society of america a optics image science and vision,Q3,1.5
journal of the optical society of america b optical physics,Q3,1.9
journal of the pakistan institute of chemical engineers,Q4,0.2
journal of the pakistan medical association,Q3,0.8
journal of the palaeontological society of india,Q4,0.9
journal of the pediatric infectious diseases society,Q1,3.3
journal of the pediatric orthopaedic society of north america,Q3,1.1
journal of the peripheral nervous system,Q2,3
journal of the philosophy of history,Q1,0.8
journal of the philosophy of sport,Q3,1.4
journal of the physical society of japan,Q2,2.8
journal of the polynesian society,Q3,0.7
journal of the practice of cardiovascular sciences,Q4,0.4
journal of the professional association for cactus development,Q4,0.8
journal of the ramanujan mathematical society,Q4,0.3
journal of the renin angiotensin aldosterone system,Q1,10.6
journal of the royal anthropological institute,Q2,1.5
journal of the royal asiatic society,,0.8
journal of the royal college of physicians of edinburgh,Q2,1.8
journal of the royal musical association,,0.2
journal of the royal society interface,Q2,3.4
journal of the royal society of medicine,Q1,5.9
journal of the royal society of new zealand,Q2,2.3
journal of the royal statistical society series a statistics in society,Q1,1.9
journal of the royal statistical society series b statistical methodology,Q1,3.8
journal of the royal statistical society series c applied statistics,Q2,1.4
journal of the saudi heart association,Q3,1.4
journal of the science of food and agriculture,Q1,4
journal of the scientific society,Q4,0.3
journal of the selva andina research society,Q4,0.3
journal of the serbian chemical society,Q4,0.8
journal of the serbian society for computational mechanics,Q4,0.5
journal of the society for american music,,0.1
journal of the society for information display,Q3,2
journal of the society for social work and research,Q1,2.2
journal of the society of architectural historians,,0.6
journal of the society of christian ethics,,0.3
journal of the society of leather technologists and chemists,Q4,0.1
journal of the south african institution of civil engineering,Q4,0.2
journal of the south african veterinary association,Q4,0.6
journal of the southern african institute of mining and metallurgy,Q3,1.3
journal of the southwest,Q3,0.2
journal of the statistical and social inquiry society of ireland,Q4,0.2
journal of the taiwan institute of chemical engineers,Q1,6.9
journal of the textile institute,Q3,1.6
journal of the torrey botanical society,Q4,0.5
journal of the turkish german gynecological association,Q3,1.4
journal of the warburg and courtauld institutes,,0.4
journal of the world aquaculture society,Q1,4.7
journal of the world federation of orthodontists,Q1,3.5
journal of theological interpretation,,0.1
journal of theological studies,,0.7
journal of theoretical and applied electronic commerce research,Q2,4.5
journal of theoretical and applied mechanics,Q4,0.9
journal of theoretical and applied mechanics bulgaria,Q4,0.4
journal of theoretical and computational acoustics,Q4,0.7
journal of theoretical and philosophical psychology,Q3,1
journal of theoretical biology,Q2,1.9
journal of theoretical politics,Q3,0.7
journal of theoretical probability,Q4,0.7
journal of theoretical social psychology,Q4,1.1
journal of thermal analysis and calorimetry,Q1,4.1
journal of thermal biology,Q1,3.2
journal of thermal engineering,Q3,1.8
journal of thermal science,Q2,3.2
journal of thermal science and engineering applications,Q3,2.2
journal of thermal science and technology,Q4,1.2
journal of thermal spray technology,Q2,3.4
journal of thermal stresses,Q3,2.4
journal of thermophysics and heat transfer,Q4,1.4
journal of thermoplastic composite materials,Q2,4
journal of thoracic and cardiovascular surgery,Q1,4.7
journal of thoracic disease,Q3,2.3
journal of thoracic imaging,Q4,1.3
journal of thoracic oncology,Q1,23.3
journal of thrombosis and haemostasis,Q1,5.2
journal of thrombosis and thrombolysis,Q3,2.1
journal of time series analysis,Q3,1.2
journal of time series econometrics,Q4,0.4
journal of tissue engineering,Q1,10.1
journal of tissue engineering and regenerative medicine,Q3,2
journal of tissue viability,Q2,2.5
journal of topology,Q1,1.6
journal of topology and analysis,Q4,0.3
journal of tourism and cultural change,Q2,3
journal of tourism and services,Q1,5.2
journal of tourism futures,Q1,4.2
journal of tourism history,Q4,0.9
journal of tourism management research,Q3,1.1
journal of tourism sustainability and well being,Q3,1.3
journal of toxicologic pathology,Q4,1.1
journal of toxicological sciences,Q4,1.8
journal of toxicology,Q3,2.8
journal of toxicology and environmental health part a current issues,Q2,2.4
journal of toxicology and environmental health part b critical reviews,Q1,11.6
journal of trace elements and minerals,Q2,3.7
journal of trace elements in medicine and biology,Q2,4.1
journal of traditional and complementary medicine,Q2,3.9
journal of traditional chinese medicine,Q2,2.6
journal of traffic and transportation engineering english edition,Q1,9.6
journal of transcultural nursing,Q2,1.9
journal of transformative education,Q2,1.5
journal of translational autoimmunity,Q2,3.8
journal of translational critical care medicine,Q4,0.5
journal of translational genetics and genomics,Q4,1.5
journal of translational internal medicine,Q1,12.5
journal of translational medicine,Q1,9.7
journal of transplantation,Q3,1.5
journal of transport and land use,Q3,2.3
journal of transport and supply chain management,Q4,1.4
journal of transport economics and policy,Q4,0.4
journal of transport geography,Q1,6.8
journal of transport health,Q2,3.3
journal of transport history,Q2,0.4
journal of transportation engineering part a systems,Q3,2.5
journal of transportation engineering part b pavements,Q2,2.9
journal of transportation safety security,Q3,2.8
journal of transportation security,Q4,1.4
journal of trauma and acute care surgery,Q1,3.9
journal of trauma and injury,Q4,0.6
journal of trauma dissociation,Q2,2.7
journal of trauma nursing,Q4,0.8
journal of traumatic stress,Q1,3.4
journal of travel medicine,Q1,5.5
journal of travel research,Q1,9.7
journal of travel tourism marketing,Q1,11
journal of tribology transactions of the asme,Q2,2.8
journal of tropical ecology,Q4,1.4
journal of tropical forest science,Q4,0.9
journal of tropical medicine,Q2,2.6
journal of tropical meteorology,Q4,1.8
journal of tropical pediatrics,Q3,1.1
journal of trust research,Q1,5.4
journal of turbomachinery transactions of the asme,Q2,3.2
journal of turbulence,Q3,1.9
journal of turkish sleep medicine turk uyku tibbi dergisi,Q4,0.6
journal of ultrasonography,Q3,1.5
journal of ultrasound,Q3,1.6
journal of ultrasound in medicine,Q2,2.1
journal of universal computer science,Q3,1
journal of university teaching and learning practice,Q1,5.2
journal of unschooling and alternative learning,Q4,0.2
journal of urban affairs,Q2,2.7
journal of urban and regional analysis,Q3,1.3
journal of urban culture research,,0.5
journal of urban design,Q2,2.7
journal of urban ecology,Q3,2.1
journal of urban economics,Q1,4
journal of urban ethnology,Q4,<0.1
journal of urban health bulletin of the new york academy of medicine,Q1,3.2
journal of urban history,Q2,0.4
journal of urban management,Q1,5.6
journal of urban mobility,Q1,6.5
journal of urban planning and development,Q2,2.6
journal of urban technology,Q1,4.2
journal of urological surgery,Q4,0.6
journal of urology,Q1,9.7
journal of usability studies,Q4,1.2
journal of vacation marketing,Q1,5.6
journal of vacuum science technology a,Q3,2.5
journal of vacuum science technology b,Q4,1.6
journal of value inquiry,Q4,0.5
journal of vascular access,Q3,2
journal of vascular and interventional radiology,Q2,3.1
journal of vascular diseases,Q4,1.1
journal of vascular nursing,Q4,0.9
journal of vascular research,Q4,1.3
journal of vascular surgery,Q1,3.9
journal of vascular surgery cases innovations and techniques,Q4,0.9
journal of vascular surgery venous and lymphatic disorders,Q1,3.1
journal of vector borne diseases,Q3,1.4
journal of vector ecology,Q2,1.5
journal of vegetation science,Q1,3.3
journal of venomous animals and toxins including tropical diseases,Q2,2.5
journal of verification validation and uncertainty quantification,Q3,0.9
journal of vertebrate biology,Q2,1.3
journal of vertebrate paleontology,Q2,1.9
journal of vestibular research equilibrium orientation,Q3,1.2
journal of veterinary behavior clinical applications and research,Q2,1.9
journal of veterinary cardiology,Q2,1.5
journal of veterinary dentistry,Q3,0.8
journal of veterinary diagnostic investigation,Q3,1.4
journal of veterinary emergency and critical care,Q2,1.6
journal of veterinary internal medicine,Q1,2.4
journal of veterinary medical education,Q3,1.1
journal of veterinary medical science,Q3,1.1
journal of veterinary pharmacology and therapeutics,Q3,1.4
journal of veterinary research,Q2,1.8
journal of veterinary science,Q2,1.8
journal of vibration and acoustics transactions of the asme,Q2,1.7
journal of vibration and control,Q2,2.4
journal of vibration engineering technologies,Q2,3.5
journal of vibroengineering,Q4,1
journal of victorian culture,Q2,0.4
journal of vietnamese studies,Q3,0.4
journal of vinyl additive technology,Q1,4
journal of viral hepatitis,Q3,2.3
journal of virological methods,Q4,1.7
journal of virology,Q1,4.1
journal of virus eradication,Q2,2.8
journal of visceral surgery,Q2,2.3
journal of vision,Q2,2.2
journal of visual art and design,,0.1
journal of visual art practice,,0.4
journal of visual communication and image representation,Q2,2.8
journal of visual communication in medicine,Q4,1.2
journal of visual culture,Q2,0.8
journal of visual impairment blindness,Q3,1.6
journal of visualization,Q3,2.3
journal of visualized surgery,Q4,0.4
journal of vitreoretinal diseases,Q3,1.3
journal of vocational behavior,Q1,7
journal of vocational education and training,Q2,2
journal of vocational rehabilitation,Q3,1.5
journal of voice,Q1,2.3
journal of volcanology and geothermal research,Q2,2.5
journal of volcanology and seismology,Q4,0.9
journal of war culture studies,Q3,0.3
journal of water and climate change,Q2,3.7
journal of water and health,Q3,2.4
journal of water chemistry and technology,Q4,0.9
journal of water management modeling,Q4,1.4
journal of water process engineering,Q1,6.6
journal of water resources planning and management,Q2,2.6
journal of water sanitation and hygiene for development,Q4,1.5
journal of waterway port coastal and ocean engineering,Q3,1.9
journal of web engineering,Q3,1.6
journal of web librarianship,Q2,3.2
journal of web semantics,Q2,3.2
journal of wildlife and biodiversity,Q4,0.7
journal of wildlife diseases,Q3,1.3
journal of wildlife management,Q2,1.9
journal of wind engineering and industrial aerodynamics,Q1,5.1
journal of wine economics,Q2,2.2
journal of women aging,Q2,1.8
journal of women and minorities in science and engineering,Q3,1
journal of women politics policy,Q2,1.6
journal of womens health,Q2,1.8
journal of womens history,Q1,0.6
journal of wood chemistry and technology,Q2,1.9
journal of wood science,Q1,2.5
journal of work and organizational psychology revista de psicologia del trabajo y de las organizaciones,Q2,2.5
journal of work applied management,Q2,3.3
journal of workplace behavioral health,Q3,2
journal of workplace learning,Q2,1.7
journal of world business,Q1,6.6
journal of world christianity,,0.2
journal of world energy law business,Q1,1.5
journal of world history,Q1,0.5
journal of world intellectual property,Q2,0.8
journal of world investment trade,Q1,2.3
journal of world literature,,0.2
journal of world popular music,,0.2
journal of world prehistory,Q1,2.5
journal of world systems research,Q3,0.9
journal of world trade,Q2,1.3
journal of wound care,Q3,2
journal of wound ostomy and continence nursing,Q3,1.4
journal of wrist surgery,Q4,0.7
journal of writing research,Q3,1.3
journal of wuhan university of technology materials science edition,Q4,1.4
journal of x ray science and technology,Q3,1.6
journal of xenobiotics,Q1,4.6
journal of yeungnam medical science,Q2,2
journal of young pharmacists,Q4,0.7
journal of youth and adolescence,Q1,4.5
journal of youth development,Q4,0.7
journal of youth studies,Q1,2.2
journal of zhejiang university science a,Q1,4.3
journal of zhejiang university science b,Q1,5.7
journal of zoo and aquarium research,Q3,1
journal of zoo and wildlife medicine,Q4,0.5
journal of zoological and botanical gardens,Q3,1.6
journal of zoological systematics and evolutionary research,Q1,3
journal of zoology,Q1,2
journal on efficiency and responsibility in education and science,Q3,1.2
journal on ethnopolitics and minority issues in europe,Q4,0.3
journal on multimodal user interfaces,Q3,2.6
journalism,Q1,2.6
journalism and media,Q1,2.5
journalism mass communication quarterly,Q1,2.8
journalism practice,Q2,2.3
journalism studies,Q1,3.8
journals of gerontology series a biological sciences and medical sciences,Q1,4.6
journals of gerontology series b psychological sciences and social sciences,Q1,3.6
jove journal of visualized experiments,Q3,1.2
jp journal of algebra number theory and applications,Q4,0.1
jp journal of biostatistics,Q4,0.2
jpad journal of prevention of alzheimers disease,Q1,6.7
jpc journal of planar chromatography modern tlc,Q4,1.6
jpras open,Q2,1.8
jrsm cardiovascular disease,Q4,0.6
jrsm open,Q3,0.7
jses international,Q2,2
jsfa reports,Q2,1.9
jsiam letters,Q4,0.2
jsls journal of the society of laparoendoscopic surgeons,Q2,2
jtcvs open,Q2,2.2
jtcvs techniques,Q2,2.4
jto clinical and research reports,Q2,3.6
judaica bohemiae,,0.1
judgment and decision making,Q2,2.5
junctures the journal for thematic dialogue,,0.3
jundishapur journal of microbiology,Q4,0.6
jundishapur journal of natural pharmaceutical products,Q4,1.3
jung journal culture psyche,,<0.1
juridical tribune review of comparative and international law,Q1,1.4
juridicas cuc,Q2,0.6
jurisprudence an international journal of legal and political thought,Q2,1
jurnal cita hukum indonesian law journal,Q3,0.4
jurnal fizik malaysia,Q4,0.1
jurnal gizi dan pangan,Q4,0.4
jurnal ilmiah peuradeun,Q3,0.9
jurnal ilmu dan teknologi kelautan tropis,Q4,0.2
jurnal ilmu ternak dan veteriner,Q4,0.3
jurnal kejuruteraan,Q3,0.8
jurnal komunikasi malaysian journal of communication,Q3,1
jurnal manajemen hutan tropika,Q4,0.4
jurnal pendidikan fisika indonesia indonesian journal of physics education,Q3,0.8
jurnal penelitian dan pembelajaran ipa,Q4,0.1
jurnal teknologi sciences engineering,Q4,0.7
jurnal tribologi,Q3,1.8
justice evaluation journal,Q3,1.3
justice quarterly,Q1,2.4
justicia,Q3,0.4
juvenile and family court journal,Q3,0.4
jvs vascular science,Q3,2.3
kadim,Q3,0.2
kafkas universitesi iktisadi ve idari bilimler fakultesi dergisi,Q4,0.2
kafkas universitesi veteriner fakultesi dergisi,Q2,1.8
kagaku kogaku ronbunshu,Q4,0.3
kajian malaysia,Q3,0.4
kalagatos revista de filosofia,,0.2
kamchatka revista de analisis cultural,,0.1
kant studien,,0.3
kant yearbook,,0.6
kantian review,,0.7
kaohsiung journal of medical sciences,Q2,3.1
kardiochirurgia i torakochirurgia polska polish journal of thoracic and cardiovascular surgery,Q3,1
kardiologie,Q4,1.1
kardiologiya,Q4,0.4
kastamonu university journal of forestry faculty,Q4,0.8
keats shelley review,,0.2
kedi journal of educational policy,Q4,0.4
keio journal of medicine,Q4,0.8
kemija u industriji journal of chemists and chemical engineers,Q4,0.5
kennedy institute of ethics journal,Q3,0.8
kenyon review,,0.1
kerntechnik,Q4,0.9
kesmas national public health journal,Q4,0.4
kew bulletin,Q4,0.7
khazar journal of humanities and social sciences,Q4,0.3
khyber medical university journal kmuj,Q4,0.3
kidney and dialysis,Q3,1.3
kidney blood pressure research,Q3,2.1
kidney cancer,Q3,1.4
kidney diseases,Q1,3.7
kidney international,Q1,21.8
kidney international reports,Q1,6.2
kidney international supplements,Q1,8.3
kidney medicine,Q1,4.1
kidney research and clinical practice,Q1,3.5
kidney360,Q1,3.6
kierkegaard studies yearbook,,0.2
kindheit und entwicklung,Q4,0.5
kinematics and physics of celestial bodies,Q4,0.4
kinesiologia slovenica,Q4,0.3
kinesiology,Q3,1.2
kinesiology review,Q2,2.2
kinetic and related models,Q2,1
kinetics and catalysis,Q4,1
kino the western undergraduate journal of film studies,,0.4
kiva journal of southwestern anthropology and history,,0.6
kleintierpraxis,Q4,<0.1
klimik journal,Q3,0.6
klinik psikiyatri dergisi turkish journal of clinical psychiatry,Q4,0.6
klinische monatsblatter fur augenheilkunde,Q4,1.1
klinische neurophysiologie,Q4,0.3
klinische padiatrie,Q4,0.8
knee,Q2,2.4
knee surgery related research,Q1,4.9
knee surgery sports traumatology arthroscopy,Q1,5.5
knjizevna smotra,,0.1
knowledge and information systems,Q2,3.6
knowledge and management of aquatic ecosystems,Q3,1.5
knowledge and process management,Q3,1.9
knowledge based systems,Q1,8
knowledge engineering review,Q4,1.3
knowledge management e learning an international journal,Q1,2.5
knowledge management research practice,Q1,3.6
knowledge organization,Q3,0.5
knygotyra,Q3,0.1
kocatepe islami ilimler dergisi,,0.2
kodai mathematical journal,Q4,0.2
koedoe,Q4,0.9
kolner zeitschrift fur soziologie und sozialpsychologie,Q2,1.6
kome an international journal of pure communication inquiry,Q3,0.8
kompleksnoe ispolzovanie mineralnogo syra,Q3,1.7
komunikacie vedecke listy zilinskej univerzity v ziline,Q4,1
kona powder and particle journal,Q3,2.7
konstantinove listy constantines letters,,0.4
konsthistorisk tidskrift,,0.2
konsultativnaya psikhologiya i psikhoterapiya counseling psychology and psychotherapy,Q4,0.5
kontakt journal of nursing and social sciences related to health and illness,Q4,0.5
konuralp tip dergisi,Q4,0.4
konya journal of engineering sciences,Q4,0.6
koot revista de museologia,,<0.1
korea australia rheology journal,Q3,2.4
korea journal,,0.3
korea observer,Q1,1.4
korean chemical engineering research,Q4,0.5
korean circulation journal,Q2,3.4
korean economic review,Q4,0.3
korean journal of anesthesiology,Q1,4
korean journal of applied statistics,Q4,0.3
korean journal of chemical engineering,Q2,3.4
korean journal of defense analysis,Q4,0.4
korean journal of family medicine,Q1,3.4
korean journal of gastroenterology,Q4,1.1
korean journal of internal medicine,Q2,2.2
korean journal of international and comparative law,Q4,0.2
korean journal of international studies,Q4,0.4
korean journal of materials research,Q4,0.5
korean journal of mathematics,Q3,0.7
korean journal of medical history,Q3,0.4
korean journal of metals and materials,Q3,1.4
korean journal of neurotrauma,Q3,1.9
korean journal of optics and photonics,Q4,0.3
korean journal of orthodontics,Q2,2.8
korean journal of pain,Q1,4.2
korean journal of physiology pharmacology,Q3,2.5
korean journal of plant taxonomy,Q4,1
korean journal of radiology,Q1,6.1
korean journal of women health nursing,Q1,2.6
korean language in america,,0.2
korean linguistics,,0.2
korean studies,,0.3
kosciol i prawo,,0.1
kotuitui new zealand journal of social sciences online,Q1,2
kovove materialy metallic materials,Q4,0.6
kragujevac journal of mathematics,Q3,0.7
kratkie soobshcheniya instituta arkheologii,,0.2
kritika explorations in russian and eurasian history,Q2,0.4
kritika kultura,,0.1
kritike an online journal of philosophy,,0.2
kronoscope journal for the study of time,,0.2
krytyka prawa niezalezne studia nad prawem,Q4,0.2
ksce journal of civil engineering,Q3,2.4
ksii transactions on internet and information systems,Q4,1
ksu tarim ve doga dergisi ksu journal of agriculture and nature,Q3,0.6
kultur revista interdisciplinaria sobre la cultura de la ciutat,,0.2
kulturno istoricheskaya psikhologiya cultural historical psychology,Q4,0.6
kunstiteaduslikke uurimusi,,1
kunstliche intelligenz,Q3,3.2
kuwait journal of science,Q2,2.6
kuwait medical journal,Q4,<0.1
kvasny prumysl,Q4,0.8
kwartalnik historii zydow jewish history quarterly,Q4,<0.1
kybernetes,Q2,3.2
kybernetika,Q4,1.4
kyiv mohyla humanities journal,,0.3
kyklos,Q2,1.7
kyoto journal of mathematics,Q2,1.1
kyungpook mathematical journal,Q4,0.3
l1 educational studies in language and literature,Q3,0.8
lab animal,Q1,6.8
lab on a chip,Q1,6.3
labor history,Q1,1
labor studies in working class history of the americas,Q4,0.4
laboratoire italien politique et societe,Q4,0.1
laboratorio de arte,,0.2
laboratorium russian review of social research,Q3,0.5
laboratory animal research,Q1,3.1
laboratory animals,Q2,1.3
laboratory investigation,Q1,4.1
laboratory medicine,Q4,1
laboratory phonology,Q2,1.4
laborhistorico,,<0.1
labour and industry,Q2,1.6
labour economics,Q2,2
labour england,Q3,0.8
labour history,Q3,0.1
labour history review,Q3,0.2
labour le travail,Q1,0.7
laeknabladid,Q4,0.4
lake and reservoir management,Q3,0.9
lancet,Q1,109
lancet child adolescent health,Q1,13.4
lancet diabetes endocrinology,Q1,36.3
lancet digital health,Q1,25.5
lancet gastroenterology hepatology,Q1,39.1
lancet global health,Q1,22.5
lancet haematology,Q1,20.4
lancet healthy longevity,Q1,20.5
lancet hiv,Q1,14.6
lancet infectious diseases,Q1,29.4
lancet microbe,Q1,21.9
lancet neurology,Q1,54.6
lancet oncology,Q1,33.7
lancet planetary health,Q1,20.5
lancet psychiatry,Q1,21.1
lancet public health,Q1,26.5
lancet regional health americas,Q1,9.1
lancet regional health europe,Q1,15.7
lancet regional health southeast asia,Q1,6.4
lancet regional health western pacific,Q1,9.4
lancet respiratory medicine,Q1,34.7
lancet rheumatology,Q1,29.5
land,Q2,3.5
land degradation development,Q2,4
land economics,Q2,1.9
land use policy,Q1,6.6
landbauforschung journal of sustainable and organic agricultural systems,Q3,1.1
landfall,,0.1
landscape and ecological engineering,Q2,2.1
landscape and urban planning,Q1,11.4
landscape architecture and art,,0.6
landscape architecture frontiers,,1.6
landscape ecology,Q1,4.7
landscape journal,,1.5
landscape research,Q2,1.7
landslides,Q1,7.4
langages,Q4,0.1
langenbecks archives of surgery,Q2,2.2
langmuir,Q2,4.4
langston hughes review,,<0.1
language,Q2,2
language acquisition,Q2,1.7
language and cognition,Q2,1.6
language and dialogue,,0.6
language and education,Q1,3.1
language and intercultural communication,Q2,1.8
language and linguistics,Q4,0.3
language and linguistics compass,,1.9
language and literacy,Q3,0.9
language and literature,Q3,0.7
language and sociocultural theory,Q3,0.8
language and speech,Q2,1.1
language assessment quarterly,Q1,4.4
language awareness,Q1,3
language cognition and neuroscience,Q1,2.2
language communication,Q2,1.8
language context and text the social semiotics forum,Q3,0.7
language culture and curriculum,Q1,2.8
language culture and society,Q2,1.1
language documentation conservation,Q3,0.5
language dynamics and change,,1.5
language history,Q3,0.2
language in society,Q1,2.1
language learning,Q1,3.5
language learning and development,Q2,1.1
language learning in higher education,Q3,0.8
language learning journal,Q1,2.7
language learning technology,Q1,4.5
language matters,Q2,1.2
language policy,Q1,3.7
language problems language planning,Q2,1.1
language resources and evaluation,Q3,2
language sciences,Q1,2.2
language speech and hearing services in schools,Q1,3
language teaching,Q1,8
language teaching for young learners,Q3,1
language teaching research,Q1,4.7
language testing,Q1,2.8
language testing in asia,Q1,2.6
language variation and change,Q2,1.6
languages,Q2,1.3
languages in contrast,,0.4
langue francaise,,0.3
lanx journal of the scuola di specializzazione in archeologia of the university of milan,,<0.1
laparoscopic endoscopic and robotic surgery,Q1,3
lares quadrimestrale di studi demoetnoantropologici,,<0.1
large animal review,Q4,0.5
large scale assessments in education,Q1,3
laryngo rhino otologie,Q2,1.6
laryngoscope,Q2,2
laryngoscope investigative otolaryngology,Q2,1.9
laser and particle beams,Q3,2.1
laser focus world,Q4,<0.1
laser optoelectronics progress,Q4,1.2
laser photonics reviews,Q1,9.7
laser physics,Q4,1.1
laser physics letters,Q3,1.5
lasers in engineering,Q4,0.4
lasers in manufacturing and materials processing,Q2,3.1
lasers in medical science,Q1,2.7
lasers in surgery and medicine,Q2,2.1
late imperial china,Q2,0.3
laterality,Q2,2.5
latin american and caribbean ethnic studies,Q4,0.5
latin american and latinx visual culture,Q4,0.1
latin american antiquity,Q2,1.1
latin american applied research,Q4,0.5
latin american business review,Q4,0.5
latin american economic review,Q4,0.3
latin american journal of aquatic research,Q4,0.8
latin american journal of central banking,Q3,1.5
latin american journal of solids and structures,Q4,1
latin american music review revista de musica latinoamericana,,0.5
latin american perspectives,Q2,0.9
latin american policy,Q3,1.3
latin american politics and society,Q1,2.3
latin american research review,Q2,1.1
latin american theatre review,,<0.1
latin americanist,,0.3
latino studies,Q4,0.6
latomus,,0.1
latvian journal of physics and technical sciences,Q4,1.1
laval theologique et philosophique,,0.2
law and critique,Q2,0.7
law and development review,Q3,0.5
law and financial markets review,Q3,0.4
law and history review,Q1,1.1
law and human behavior,Q1,3.2
law and humanities,Q3,0.5
law and philosophy,Q3,0.5
law culture and the humanities,Q2,0.7
law library journal,Q3,0.4
law literature,,0.3
law policy,Q1,1.9
law practice of international courts and tribunals,Q3,0.5
law probability risk,Q1,1.4
law social inquiry,Q1,1.5
law society review,Q1,2.7
law teacher,Q3,1.3
law technology and humans,Q1,1.5
law text culture,Q3,0.4
laws,Q2,1.1
lc revue de recherches sur le corbusier,,<0.1
le tre corone rivista internazionale di studi su dante petrarca boccaccio,,<0.1
lea lingue e letterature d oriente e d occidente,,0.1
leadership,Q3,2.4
leadership and policy in schools,Q2,1.4
leadership in health services,Q2,2.3
leadership organization development journal,Q2,4.2
leadership quarterly,Q1,10
learned publishing,Q1,4.2
learning and individual differences,Q1,9.7
learning and instruction,Q1,5.7
learning and motivation,Q1,4.4
learning and teaching the international journal of higher education in the social sciences,Q3,0.9
learning behavior,Q2,1.9
learning culture and social interaction,Q2,2.1
learning disabilities a multidisciplinary journal,Q4,0.8
learning disabilities research practice,Q1,2
learning disability quarterly,Q2,1.9
learning environments research,Q1,2.8
learning health systems,Q2,2.3
learning landscapes,Q4,0.3
learning media and technology,Q1,4
learning memory,Q4,1.7
learning organization,Q2,3.5
lebenswelt aesthetics and philosophy of experience,,0.1
lectora revista de dones i textualitat,,0.2
lecturas de economia,Q4,0.4
led i sneg ice and snow,Q4,0.5
ledger,Q3,1.4
legal and criminological psychology,Q1,2
legal education review,Q3,1.3
legal ethics,Q2,1
legal information management,Q4,0.2
legal issues of economic integration,Q2,0.9
legal medicine,Q3,1.4
legal pluralism and critical social analysis,Q2,0.8
legal studies,Q2,1.3
legal theory,Q2,1.3
lege artis language yesterday today tomorrow,,0.9
legislative studies quarterly,Q2,1.7
legume research,Q3,1
legume science,Q2,4.4
leiden journal of international law,Q1,2.5
leisure sciences,Q2,1.9
leisure studies,Q2,2.8
lejana,,0.2
lengua y habla,,0.1
lengua y migracion language and migration,Q3,0.5
lenguaje y textos,Q4,0.1
leonardo,,0.4
leprosy review,Q3,1.3
lesnoy zhurnal forestry journal,Q4,0.2
lethaia,Q2,1.8
letras de hoje estudos e debates em linguistica literatura e lingua portuguesa,,<0.1
letras lima,,0.4
letras verdes,Q4,0.4
letteratura e letterature,,<0.1
lettere italiane,,0.1
letters in applied microbiology,Q4,2
letters in drug design discovery,Q4,1.6
letters in mathematical physics,Q2,1.6
letters in organic chemistry,Q3,1.1
letters in spatial and resource sciences,Q2,1.8
letters on materials,Q4,0.9
leukemia,Q1,8.8
leukemia lymphoma,Q3,2.1
leukemia research,Q2,2.4
leukemia research reports,Q4,0.8
leukos,Q3,1.7
levant,,1.3
leviathan a journal of melville studies,,0.5
lex portus,Q2,1
lexicographica,Q4,0.3
lexikos,Q2,1.2
lexonomica,Q4,0.2
lfe revista de lenguas para fines especificos,Q4,0.2
lgbt health,Q2,3.1
lgbtq family an interdisciplinary journal,Q2,1.6
lhb hydroscience journal,Q4,0.8
liaquat national journal of primary care,Q4,0.2
liberabit revista de psicologia,Q4,0.5
liberte,,0.1
library,,0.8
library and information science,Q2,2.5
library information history,Q4,0.2
library information science research,Q2,2.6
library journal,Q3,1
library management,Q3,1.3
library quarterly,Q3,0.9
library resources technical services,Q3,0.7
library trends,Q3,0.6
libres library and information science research electronic journal,Q3,0.7
libri international journal of libraries and information studies,Q2,1.8
libri liberi,,0.1
libros de la corte,,0.2
libyan journal of medicine,Q2,2.5
lichenologist,Q3,1.2
lied und populare kultur song and popular culture,,0.1
lietuvos istorijos studijos,Q4,<0.1
life basel,Q1,3.9
life medicine,Q1,7.7
life metabolism,Q1,6.3
life science alliance,Q2,3.1
life sciences,Q1,6.4
life sciences in space research,Q1,3.3
life span and disability,Q4,0.4
life writing,,0.4
lifestyle genomics,Q3,2.3
lifetime data analysis,Q2,1.5
light advanced manufacturing,Q1,10.2
light engineering,Q4,0.4
light science applications,Q1,24
lighting research technology,Q3,2
lili zeitschrift fur literaturwissenschaft und linguistik,,0.1
limite revista de estudios portugueses y de la lusofonia,,0.4
limite revista de filosofia y psicologia,Q4,0.3
limnetica,Q3,1.1
limnologica,Q3,1.8
limnology,Q3,1.4
limnology and oceanography,Q1,3.5
limnology and oceanography letters,Q1,7.3
limnology and oceanography methods,Q2,2.2
linacre quarterly,Q4,0.6
linear algebra and its applications,Q2,1.1
linear multilinear algebra,Q2,0.9
lingua,Q2,1.6
lingua e stile,,0.5
lingua italiana,Q4,0.1
lingua montenegrina,,0.1
lingua nostra,,0.1
linguae rivista di lingue e culture moderne,,0.1
linguamatica,Q4,0.4
linguas e instrumentos linguisticos,,<0.1
linguas letras,,<0.1
lingue antiche e moderne,,<0.1
lingue e linguaggio,,0.3
linguistic approaches to bilingualism,Q1,2.7
linguistic inquiry,Q1,2.3
linguistic landscape an international journal,Q2,1.9
linguistic research,,0.4
linguistic review,Q2,1.1
linguistic typology,Q2,1.2
linguistic variation,,0.3
linguistica antverpiensia new series themes in translation studies,Q2,1.5
linguistica e filologia,,<0.1
linguistica pragensia,,0.2
linguistica y literatura,,0.2
linguisticae investigationes,,0.2
linguistics,Q2,1.3
linguistics and education,Q1,3
linguistics and philosophy,Q2,1.5
linguistics and the human sciences,,0.8
linguistics of the tibeto burman area,,0.3
linguistics vanguard,Q3,0.8
linguistique,,0.1
linha d agua,,0.1
linhas criticas,Q4,0.1
links rivista di letteratura e cultura tedesca,,<0.1
lino revista anual de historia del arte,,0.1
lion and the unicorn,,<0.1
lipids,Q4,1.6
lipids in health and disease,Q1,6.9
liquid crystals,Q3,1.6
liquid crystals and their application,Q4,0.5
liquid crystals reviews,Q1,3.4
liquid crystals today,Q3,0.9
liquids,Q4,1.8
listy cukrovarnicke a reparske,Q4,0.2
listy filologicke,,<0.1
lit literature interpretation theory,,0.1
litera journal of language literature and culture studies,,0.2
literacy,Q2,2
literacy research and instruction,Q2,1.5
literary imagination,,0.1
literary journalism studies,,<0.1
literary voice,,<0.1
literator journal of literary criticism comparative linguistics and literary studies,,0.6
literatur und kritik,,<0.1
literatura e autoritarismo,,<0.1
literatura e sociedade,,<0.1
literatura mexicana,,0.4
literatura teoria historia critica,,0.1
literature and aesthetics,,0.1
literature and medicine,,0.5
literature and theology,,0.3
literature compass,,0.3
literature critique and empire today,,0.1
literature history third series,Q2,0.4
lithic technology,Q2,1.4
lithology and mineral resources,Q4,0.7
lithos,Q2,2.5
lithosphere,Q2,1.6
lithuanian historical studies,Q3,0.1
lithuanian journal of physics,Q3,1
lithuanian mathematical journal,Q2,0.9
litterature,,0.1
litteratures,,<0.1
liturgy,,0.1
liver cancer,Q1,10.5
liver international,Q1,6.2
liver research,Q2,4.3
liver transplantation,Q1,3.8
liverpool law review,Q2,0.7
livers,Q3,2.2
livestock science,Q2,2.2
living reviews in relativity,Q1,64.6
living reviews in solar physics,Q1,29.4
ljetopis socijalnog rada,Q4,0.1
llengua literatura,Q4,<0.1
llengua societat i comunicacio,,0.1
llt journal a journal on language and language teaching,Q4,0.6
lobachevskii journal of mathematics,Q2,0.8
local and regional anesthesia,Q3,1.8
local economy,Q2,1.9
local environment,Q2,2.8
local government studies,Q2,1.8
logforum,Q4,1.3
loggia arquitectura restauracion,,0.2
logic and logical philosophy,Q3,0.6
logic journal of the igpl,Q2,0.7
logica universalis,Q4,0.4
logical methods in computer science,Q2,0.8
logistics basel,Q1,4.4
logopedics phoniatrics vocology,Q3,1
logos,,0.2
logos a journal of catholic thought and culture,,0.1
logos anales del seminario de metafisica,,0.2
logos ciencia tecnologia,Q3,0.5
logos pneuma chinese journal of theology,,0.1
logos revista de linguistica filosofia y literatura,,0.1
logos vilnius,,0.2
loisir societe society and leisure,Q4,0.2
london journal,Q1,0.8
london review of education,Q2,2.2
london review of international law,Q1,1.5
long range planning,Q1,5.6
longitudinal and life course studies,Q2,1.1
loquens,Q3,0.7
lotus international,,<0.1
low carbon materials and green construction,Q1,4
low temperature physics,Q4,0.9
lubricants,Q2,3.6
lubrication science,Q3,2.1
lucentum,,0.5
luminescence,Q3,2.8
lung,Q1,4.3
lung cancer,Q1,5.3
lung cancer management,Q3,2.1
lung cancer targets and therapy,Q2,3.3
lung india,Q4,1.5
lupus,Q3,1.8
lupus science medicine,Q1,4.2
luso brazilian review,,<0.1
lusotopie,,0.2
luts lower urinary tract symptoms,Q3,1.8
luxury history culture consumption,,0.9
luz,Q4,<0.1
lwt food science and technology,Q1,7.1
lymphatic research and biology,Q3,1.7
lymphology,Q3,2.1
lymphosign journal the journal of inherited immune disorders,Q4,0.1
m a revista electronica de medio ambiente,Q4,0.1
m s medecine sciences,Q4,0.5
m som manufacturing service operations management,Q2,4.1
mabs,Q1,7.9
macedonian journal of chemistry and chemical engineering,Q4,0.8
macedonian veterinary review,Q4,0.7
machine intelligence research,Q1,10
machine learning,Q2,4.9
machine learning and knowledge extraction,Q1,8.4
machine learning science and technology,Q1,4.2
machine learning with applications,Q1,6.1
machine vision and applications,Q3,2
machines,Q2,3
machining science and technology,Q2,3.2
macroeconomic dynamics,Q3,1
macroeconomics and finance in emerging market economies,Q3,1.3
macroheterocycles,Q4,0.6
macromol,Q1,7.2
macromolecular bioscience,Q2,4.2
macromolecular chemistry and physics,Q3,2.8
macromolecular materials and engineering,Q1,5.2
macromolecular rapid communications,Q2,4.1
macromolecular reaction engineering,Q4,1.3
macromolecular research,Q2,3.7
macromolecular theory and simulations,Q4,1.8
macromolecules,Q1,5.7
madera y bosques,Q4,0.8
maderas ciencia y tecnologia,Q2,1.5
madrygal revista de estudios gallegos,,0.1
maejo international journal of science and technology,Q4,0.4
magallania,Q2,1.1
magazine antiques,,<0.1
magazine of civil engineering,Q4,0.6
magazine of concrete research,Q3,2.3
magic ritual and witchcraft,,0.4
magis revista internacional de investigacion en educacion,Q4,0.2
magnesium research,Q4,1.6
magnetic resonance imaging,Q3,2.1
magnetic resonance imaging clinics of north america,Q3,2
magnetic resonance in chemistry,Q2,2.1
magnetic resonance in medical sciences,Q2,3.4
magnetic resonance in medicine,Q2,3.2
magnetic resonance in solids,Q4,0.3
magnetic resonance letters,Q2,2.6
magnetic resonance materials in physics biology and medicine,Q2,3.1
magnetism,Q4,1.2
magnetochemistry,Q2,2.8
magnetohydrodynamics,Q4,0.7
magnificat cultura i literatura medievals,,0.2
magyar allatorvosok lapja,Q2,1.8
maia rivista di letterature classiche,,0.1
main group chemistry,Q3,1.8
main group metal chemistry,Q3,1.1
majalah kedokteran bandung,Q4,0.1
makara hubs asia,Q3,0.8
makara journal of health research,Q4,0.3
makara journal of science,Q3,0.9
makara journal of technology,Q4,0.2
malacologia,Q4,0.6
malaria journal,Q1,3.7
malawi medical journal,Q4,0.9
malaysian applied biology,Q4,0.6
malaysian family physician,Q4,1.2
malaysian journal of computer science,Q4,0.8
malaysian journal of economic studies,Q4,0.5
malaysian journal of elt research,Q3,0.8
malaysian journal of fundamental and applied sciences,Q3,0.9
malaysian journal of learning instruction,Q3,1.3
malaysian journal of library information science,Q3,0.7
malaysian journal of mathematical sciences,Q1,1.5
malaysian journal of medical sciences,Q4,1.6
malaysian journal of microbiology,Q4,0.3
malaysian journal of music,,0.4
malaysian journal of pathology,Q4,1.1
malaysian journal of soil science,Q4,0.6
malaysian orthopaedic journal,Q4,1
malimbus,Q4,0.2
maliye dergisi,Q4,<0.1
mammal research,Q2,1.7
mammal review,Q1,3.3
mammal study,Q3,1.2
mammalia,Q3,0.8
mammalian biology,Q2,1.3
mammalian genome,Q2,2.6
management,Q4,0.5
management accounting research,Q1,4.5
management and organization review,Q2,3.1
management and production engineering review,Q4,0.8
management communication quarterly,Q1,2.7
management decision,Q1,6.6
management in education,Q1,4.3
management international review,Q2,4.4
management journal of contemporary management issues,Q4,0.8
management learning,Q2,3.7
management marketing,Q3,2.1
management of biological invasions,Q3,1.9
management of environmental quality,Q1,5.1
management organizational history,Q1,1.6
management poland,Q4,0.4
management research and practice,Q4,0.7
management research review,Q2,3.5
management research the journal of the iberoamerican academy of management,Q3,1.9
management review quarterly,Q1,7.6
management revue,Q4,1.1
management science,Q1,5.7
management systems in production engineering,Q4,1.6
management theory and studies for rural business and infrastructure development,Q4,0.7
managerial and decision economics,Q2,2.7
managerial auditing journal,Q2,2.6
managerial finance,Q3,1.9
managing sport and leisure,Q3,1.7
manchester journal of international economic law,Q3,0.3
manchester school,Q3,0.9
mandenkan bulletin semestriel d etudes linguistiques mande,Q4,0.4
manoa a pacific journal of international writing,,0.1
manuelle medizin,Q4,0.5
manufacturing engineering,Q4,0.1
manufacturing letters,Q3,2.8
manufacturing review,Q3,3.5
manufacturing technology,Q3,1.5
manuscript studies a journal of the schoenberg institute for manuscript studies,,0.2
manuscripta mathematica,Q3,0.6
manuscrito,,0.2
manzar the scientific journal of landscape,,0.3
mapan journal of metrology society of india,Q4,1.4
margin journal of applied economic research,Q4,0.6
marine and coastal fisheries,Q1,2.7
marine and freshwater behaviour and physiology,Q3,1.6
marine and freshwater research,Q2,1.8
marine biodiversity,Q2,2.1
marine biology,Q2,2.3
marine biology research,Q3,1.2
marine biotechnology,Q1,2.8
marine chemistry,Q2,2.5
marine drugs,Q1,5.7
marine ecology an evolutionary perspective,Q2,1.9
marine ecology progress series,Q2,2.3
marine environmental research,Q1,3.4
marine genomics,Q4,1.3
marine geodesy,Q3,1.6
marine geology,Q2,2.6
marine geophysical research,Q2,2.4
marine georesources geotechnology,Q2,2.4
marine intellectual technologies,Q4,0.3
marine life science technology,Q1,5.7
marine mammal science,Q2,1.7
marine micropaleontology,Q2,1.8
marine ornithology,Q3,1
marine policy,Q1,3.9
marine pollution bulletin,Q1,4.9
marine resource economics,Q2,2
marine structures,Q1,5.6
marine technology society journal,Q4,1.1
mariners mirror,Q1,0.5
maritime business review,Q3,3
maritime economics logistics,Q1,6.8
maritime engineering,Q1,5
maritime policy management,Q2,4.4
maritime studies,Q3,2.4
maritime transport research,Q2,3.6
mark twain annual,,0.3
market trziste,Q4,0.5
marketing and management of innovations,Q4,1.2
marketing intelligence planning,Q1,6
marketing letters,Q3,1.7
marketing science,Q2,5.2
marketing theory,Q2,3.4
markov processes and related fields,Q4,0.3
marmara medical journal,Q4,0.4
marriage and family review,Q3,0.9
marvels tales journal of fairy tale studies,,<0.1
masonry society journal,Q4,<0.1
mass communication and society,Q1,3
mass spectrometry letters,Q4,0.7
mass spectrometry reviews,Q1,6
massachusetts review,,0.1
master drawings,,<0.1
masyarakat kebudayaan dan politik,Q4,0.4
matatu,Q4,0.1
match communications in mathematical and in computer chemistry,Q2,2.1
matematica,Q4,0.4
matematiche,Q4,0.4
matematicki vesnik,Q4,0.2
matematika,Q2,0.8
materia arquitectura,,<0.1
materia rio de janeiro,Q4,1.5
material religion,,0.6
materiale plastice,Q4,0.8
materiales de construccion,Q3,1.3
materiales para la historia del deporte,Q4,0.2
materiali e discussioni per l analisi dei testi classici,,0.1
materiali in tehnologije,Q4,0.7
materiali per una storia della cultura giuridica,Q4,0.2
materialia,Q3,3.1
materials,Q2,3.7
materials advances,Q2,5.8
materials and corrosion werkstoffe und korrosion,Q2,2.1
materials and manufacturing processes,Q2,4.5
materials and structures,Q1,3.9
materials at high temperatures,Q3,1.2
materials characterization,Q1,6.2
materials chemistry and physics,Q2,5.2
materials chemistry frontiers,Q1,8.1
materials design,Q1,8.2
materials evaluation,Q4,0.5
materials for quantum technology,Q2,4.4
materials for renewable and sustainable energy,Q2,6.6
materials futures,Q1,12.3
materials genome engineering advances,Q1,13.9
materials horizons,Q1,11.4
materials letters,Q3,2.6
materials letters x,Q3,2.3
materials performance and characterization,Q4,0.8
materials physics and mechanics,Q4,1
materials reports energy,Q1,16.2
materials research bulletin,Q2,5.8
materials research express,Q3,2.5
materials research ibero american journal of materials,Q4,1.5
materials research letters,Q1,7.5
materials science,Q4,1.3
materials science and engineering a structural materials properties microstructure and processing,Q1,7.9
materials science and engineering b advanced functional solid state materials,Q2,5.7
materials science and technology,Q3,1.8
materials science engineering r reports,Q1,21.1
materials science in additive manufacturing,Q2,4.4
materials science in semiconductor processing,Q1,5.2
materials science medziagotyra,Q4,0.8
materials science poland,Q4,2.1
materials technology,Q2,4
materials testing,Q2,3.3
materials today,Q1,24.1
materials today advances,Q1,8
materials today bio,Q1,11
materials today catalysis,Q1,10.1
materials today chemistry,Q1,7.4
materials today communications,Q2,4.9
materials today electronics,Q1,8.1
materials today energy,Q1,8.1
materials today nano,Q1,7.6
materials today physics,Q1,9.3
materials today sustainability,Q1,9.4
materials transactions,Q3,1.7
materialwissenschaft und werkstofftechnik,Q4,1
materiaux techniques,Q4,0.9
maternal and child health journal,Q3,1.9
maternal and child nutrition,Q1,2.5
maternal fetal medicine,Q3,1.9
mathematica bohemica,Q3,0.7
mathematica scandinavica,Q3,0.6
mathematica slovaca,Q2,0.9
mathematical and computational applications,Q2,2.2
mathematical and computational forestry natural resource sciences,Q4,0.1
mathematical and computer modelling of dynamical systems,Q1,3.5
mathematical biosciences,Q2,2.6
mathematical communications,Q1,1.2
mathematical control and related fields,Q2,0.9
mathematical finance,Q1,3.6
mathematical foundations of computing,Q3,1.3
mathematical gazette,Q4,0.3
mathematical geosciences,Q1,4.1
mathematical inequalities applications,Q2,0.8
mathematical intelligencer,Q4,0.4
mathematical logic quarterly,Q4,0.4
mathematical medicine and biology a journal of the ima,Q4,0.9
mathematical methods in the applied sciences,Q1,2
mathematical methods of operations research,Q2,1.2
mathematical methods of statistics,Q4,0.4
mathematical modelling and analysis,Q1,1.6
mathematical modelling and control,Q1,2.9
mathematical modelling of natural phenomena,Q2,1.4
mathematical models methods in applied sciences,Q1,2.9
mathematical notes,Q3,0.6
mathematical physics analysis and geometry,Q2,1.2
mathematical population studies,Q3,1.2
mathematical proceedings of the cambridge philosophical society,Q3,0.7
mathematical programming,Q1,2.1
mathematical programming computation,Q1,4.9
mathematical reports,Q4,0.1
mathematical research letters,Q2,0.8
mathematical sciences,Q1,2
mathematical social sciences,Q4,0.7
mathematical structures in computer science,Q4,0.9
mathematical thinking and learning,Q2,1.6
mathematics,Q1,2.3
mathematics and computers in simulation,Q1,4
mathematics and financial economics,Q3,0.9
mathematics and informatics,Q4,0.3
mathematics and mechanics of complex systems,Q1,4.9
mathematics and mechanics of solids,Q3,1.8
mathematics education research journal,Q2,2
mathematics enthusiast,Q3,0.5
mathematics in applied sciences and engineering,Q4,0.7
mathematics in computer science,Q1,1.9
mathematics in engineering,Q3,1.3
mathematics of computation,Q1,2
mathematics of control signals and systems,Q3,1.5
mathematics of operations research,Q2,1.5
mathematika,Q3,0.6
mathematische annalen,Q1,1.8
mathematische nachrichten,Q2,1
mathematische zeitschrift,Q2,1.1
matraga estudos linguisticos e literario,,<0.1
matrix biology,Q1,5.9
matter,Q1,15.7
matter and radiation at extremes,Q1,4.7
maturitas,Q1,4.2
mausam,Q4,1.1
maxillofacial plastic and reconstructive surgery,Q1,3.5
maydica,Q4,0.4
mayo clinic proceedings,Q1,6.5
mayo clinic proceedings digital health,Q1,5
mayo clinic proceedings innovations quality outcomes,Q1,4.5
mbio,Q1,5.4
mcgill journal of education,Q4,0.3
mcgill journal of law and health,Q2,1.1
mcgill journal of sustainable development law,Q4,0.2
mcn the american journal of maternal child nursing,Q2,1.9
mcs masculinities and social change,Q3,0.8
mdm policy practice,Q3,1.9
meandros medical and dental journal,Q4,0.3
meanjin,,0.1
measurement,Q1,6.1
measurement and evaluation in counseling and development,Q2,3.2
measurement control,Q3,2.3
measurement food,Q1,6.3
measurement in physical education and exercise science,Q2,1.6
measurement interdisciplinary research and perspectives,Q2,1.1
measurement science and technology,Q1,3.7
measurement science review,Q4,1.3
measurement techniques,Q4,0.5
measuring business excellence,Q3,2.9
meat and muscle biology,Q2,1.8
meat science,Q1,6.4
meccanica,Q3,2.2
mechanical engineering journal,Q4,0.6
mechanical sciences,Q4,1.4
mechanical systems and signal processing,Q1,10.2
mechanics based design of structures and machines,Q2,3.7
mechanics industry,Q4,1.3
mechanics of composite materials,Q3,1.6
mechanics of materials,Q1,4.1
mechanics of solids,Q4,1
mechanics of time dependent materials,Q1,4.5
mechanics research communications,Q2,2.6
mechanika,Q4,0.8
mechanism and machine theory,Q1,5.9
mechanisms of ageing and development,Q1,6.5
mechanobiology in medicine,Q2,3.1
mechatronic systems and control,Q4,1
mechatronics,Q2,3.2
med,Q1,13.3
medcomm,Q1,14.1
medcomm oncology,Q1,8.5
medecine droit,Q4,0.2
medecine nucleaire imagerie fonctionnelle et metabolique,Q4,0.2
medecine palliative,Q4,0.6
medeniyet medical journal,Q2,1.5
media and communication,Q1,3.1
media culture society,Q1,3.2
media education mediaobrazovanie,Q4,0.2
media history,Q4,0.3
media international australia,Q2,1.6
media jornalismo,Q4,0.4
media literacy and academic research,Q4,0.5
media psychology,Q1,3
media war and conflict,Q2,2.2
mediaciones sociales,Q4,0.3
mediaevalia an interdisciplinary journal of medieval studies worldwide,,0.9
mediators of inflammation,Q2,4.9
medical acupuncture,Q4,1.1
medical and veterinary entomology,Q1,2.3
medical anthropology,Q2,1.3
medical anthropology quarterly,Q1,1.9
medical biological engineering computing,Q2,3.1
medical bulletin of sisli etfal hospital,Q3,1
medical care,Q3,1.9
medical care research and review,Q2,2.7
medical clinics of north america,Q1,4.5
medical decision making,Q3,2
medical devices evidence and research,Q4,1.5
medical dosimetry,Q3,1.7
medical education,Q1,6.2
medical education online,Q1,4.4
medical engineering physics,Q3,2.4
medical gas research,Q2,4.2
medical history,Q2,1.1
medical humanities,,1.3
medical hypotheses,Q4,1
medical image analysis,Q1,14
medical journal of australia,Q1,6.8
medical journal of bakirkoy,Q4,0.2
medical journal of indonesia,Q4,0.3
medical law review,Q1,3.1
medical letter on drugs and therapeutics,Q4,1.1
medical microbiology and immunology,Q3,3.1
medical molecular morphology,Q3,1.4
medical mycology,Q1,3.5
medical mycology case reports,Q4,1.1
medical mycology journal,Q4,1.8
medical oncology,Q2,4.7
medical physics,Q2,3.2
medical principles and practice,Q2,2.7
medical problems of performing artists,Q3,0.9
medical science educator,Q2,1.8
medical science monitor,Q3,2.5
medical science monitor basic research,Q4,1.4
medical sciences,Q1,5.9
medical studies studia medyczne,Q3,0.7
medical surgical journal revista medico chirurgicala,Q4,0.2
medical teacher,Q1,4
medical ultrasonography,Q2,1.8
medicina balear,Q3,1.1
medicina buenos aires,Q3,0.6
medicina clinica,Q1,2.8
medicina de familia semergen,Q4,1
medicina del lavoro,Q3,2.1
medicina dello sport,Q3,0.5
medicina intensiva,Q3,2.5
medicina lithuania,Q1,2.9
medicina oral patologia oral y cirugia bucal,Q2,2.2
medicinal chemistry,Q3,2.5
medicinal chemistry research,Q2,3.5
medicinal plant biology,Q1,4.4
medicinal research reviews,Q1,13.6
medicine,Q2,2
medicine advances,Q1,5.3
medicine and health,Q4,0.3
medicine and law,Q3,0.4
medicine health care and philosophy,Q1,3.6
medicine in novel technology and devices,Q2,4.5
medicine law society,Q4,0.2
medicine science and the law,Q1,1.7
medicine science in sports exercise,Q1,4
medicni perspektivi,Q4,0.3
medieval archaeology,,1
medieval encounters,Q1,0.6
medieval history journal,,0.3
medieval mystical theology,,0.1
medieval sermon studies,,0.5
medievalismo,,0.2
medijske studije media studies,Q4,0.2
medisur revista de ciencias medicas de cienfuegos,Q4,0.1
meditari accountancy research,Q1,3.8
mediterranea ricerche storiche,Q3,0.1
mediterranean agricultural sciences,Q4,0.5
mediterranean botany,Q4,0.9
mediterranean historical review,Q1,0.5
mediterranean journal of clinical psychology,Q3,1.6
mediterranean journal of hematology and infectious diseases,Q3,2.3
mediterranean journal of infection microbes and antimicrobials,Q4,0.5
mediterranean journal of mathematics,Q1,1.2
mediterranean journal of nutrition and metabolism,Q4,1.7
mediterranean journal of rheumatology,Q3,2.1
mediterranean marine science,Q2,2.5
mediterranean nursing and midwifery,Q4,0.5
mediterranean politics,Q2,1.2
mediterranean studies,,<0.1
medium aevum,,0.1
medizinhistorisches journal,Q4,0.2
medizinische genetik,Q4,1.2
medizinische klinik intensivmedizin und notfallmedizin,Q2,1.6
medwave,Q3,0.8
medycyna paliatywna palliative medicine,Q4,0.3
medycyna pracy workers health and safety,Q4,1
medycyna weterynaryjna veterinary medicine science and practice,Q4,0.4
megaron,,0.4
mehran university research journal of engineering and technology,Q3,0.9
melanges de la casa de velazquez,Q3,0.2
melanoma management,Q4,1.1
melanoma research,Q3,1.8
melbourne journal of international law,Q2,0.7
melbourne university law review,Q2,1
melus,,0.2
membrane and water treatment,Q4,0.9
membranes,Q2,4.2
membranes and membrane technologies,Q4,1.2
memetic computing,Q2,2.5
memo magazine of european medical oncology,Q4,0.6
memoires identites marginalites dans le monde occidental contemporain,Q4,<0.1
memoirs of the american mathematical society,Q1,2.4
memoirs on differential equations and mathematical physics,Q4,0.4
memoria e ricerca rivista di storia contemporanea,Q3,0.1
memoria investigaciones en ingenieria,Q4,0.5
memoria y civilizacion anuario de historia,Q3,0.1
memorias do instituto oswaldo cruz,Q3,1.9
memory,Q3,1.9
memory cognition,Q3,1.8
memory studies,Q1,1.4
men and masculinities,Q2,2
menadzment u hotelijerstvu i turizmu,Q3,1.3
mendeleev communications,Q3,1.4
menopause review przeglad menopauzalny,Q2,2.2
menopause the journal of the menopause society,Q1,3.9
mental health and physical activity,Q1,3.1
mental health and social inclusion,Q2,1.5
mental health prevention,Q1,3.3
mental health religion culture,Q4,0.8
mental health review journal,Q4,1
mental illness,Q4,1.1
mental lexicon,Q3,0.8
mentoring tutoring,Q2,1.4
meridiano 47 journal of global studies,Q4,0.1
meridians feminism race transnationalism,Q3,0.9
merkur deutsche zeitschrift fur europaisches denken,,0.1
merrill palmer quarterly journal of developmental psychology,Q4,0.3
mester,,<0.1
mesto a dejiny the city and history,Q3,0.1
meta,,0.1
meta radiology,Q1,13.3
meta research in hermeneutics phenomenology and practical philosophy,,0.2
metabarcoding and metagenomics,Q2,3.5
metabolic brain disease,Q2,3.8
metabolic engineering,Q1,7.3
metabolic engineering communications,Q2,4.2
metabolic syndrome and related disorders,Q4,1.6
metabolism and target organ damage,Q2,3.9
metabolism clinical and experimental,Q1,16.7
metabolism open,Q2,3.5
metabolites,Q2,4.5
metabolomics,Q2,3.5
metacognition and learning,Q1,3.5
metacritic journal for comparative studies and theory,,0.1
metal music studies,Q3,0.5
metal science and heat treatment,Q4,0.6
metallography microstructure and analysis,Q2,2.1
metallomics,Q3,2.9
metallophysics and advanced technologies,Q4,0.5
metallurgia italiana,Q4,0.2
metallurgical and materials transactions a physical metallurgy and materials science,Q2,3
metallurgical and materials transactions b process metallurgy and materials processing science,Q2,3.3
metallurgical research technology,Q3,1.2
metallurgist,Q4,0.9
metals,Q2,3.1
metals and materials international,Q1,4.5
metalurgija,Q4,0.3
metaphilosophy,,0.6
metaphor and symbol,Q1,2.9
metaphor and the social world,Q2,1.1
metaphysica international journal for ontology metaphysics,,0.1
meteoritics planetary science,Q2,3.2
meteorological applications,Q3,3.1
meteorologische zeitschrift,Q4,1.5
meteorology and atmospheric physics,Q4,2
meteorology hydrology and water management research and operational applications,Q3,1.9
methaodos revista de ciencias sociales,Q3,0.8
method theory in the study of religion,,0.6
methodology and computing in applied probability,Q3,1.1
methodology european journal of research methods for the behavioral and social sciences,Q1,3.1
methodos savoirs et textes,,0.1
methods,Q2,3.6
methods and applications in fluorescence,Q3,2.5
methods and applications of analysis,Q4,0.2
methods and objects of chemical analysis,Q4,0.7
methods and protocols,Q3,2.5
methods data analyses,Q3,1.1
methods in ecology and evolution,Q1,5.7
methods of functional analysis and topology,Q4,0.4
methods of information in medicine,Q2,2.4
methodsx,Q2,2.9
metode science studies journal,Q4,0.2
metodicki ogledi methodical review,Q4,0.2
metodos de informacion,Q4,0.3
metrika,Q3,1.2
metroeconomica,Q3,0.8
metrologia,Q2,3.2
metrology,Q3,2.1
metrology and measurement systems,Q4,1.3
metron international journal of statistics,Q2,1.5
metropolitan museum journal,,0.3
metropolitan museum of art bulletin,,0.4
metu journal of the faculty of architecture,,0.3
mexican law review,Q4,0.2
mexican studies estudios mexicanos,Q3,0.2
mexico y la cuenca del pacifico,Q4,0.4
mfs modern fiction studies,,0.2
mgimo review of international relations,Q4,0.3
mhealth,Q2,3.3
mhsalud revista en ciencias del movimiento humano y la salud,Q4,1
michigan historical review,Q4,<0.1
michigan law review,Q1,1.8
michigan mathematical journal,Q3,0.7
micro and nano engineering,Q1,4.6
micro and nano systems letters,Q1,8
micro and nanostructures,Q2,3.1
micro nano letters,Q3,2.3
micro switzerland,Q3,2.4
microbe,Q2,3.9
microbes and environments,Q3,2.6
microbes and infection,Q2,2.9
microbial biotechnology,Q1,6.7
microbial cell,Q2,4.1
microbial cell factories,Q1,5.8
microbial drug resistance,Q3,1.8
microbial ecology,Q1,4.3
microbial genomics,Q1,4.5
microbial pathogenesis,Q2,3.9
microbial physiology,Q4,1.9
microbial risk analysis,Q3,2.2
microbiological research,Q1,8.5
microbiology,Q4,1
microbiology and immunology,Q4,1.6
microbiology and molecular biology reviews,Q1,11.8
microbiology australia,Q4,1.5
microbiology research,Q3,2.5
microbiology resource announcements,Q4,0.6
microbiology sgm,Q2,4.3
microbiology spectrum,Q2,4.1
microbiologyopen,Q2,3.6
microbiome,Q1,14.9
microbiome research reports,Q2,5.2
microchemical journal,Q1,5.2
microchimica acta,Q1,5.4
microcirculation,Q2,2.4
microelectronic engineering,Q2,3.3
microelectronics international,Q4,1
microelectronics journal,Q3,2.2
microelectronics reliability,Q3,2.5
microfluidics and nanofluidics,Q2,2.9
microgravity science and technology,Q3,1.5
micrologus nature science and medieval societies,,<0.1
micromachines,Q2,3.5
micron,Q2,2.7
microorganisms,Q2,4.7
micropaleontology,Q3,1.4
microplastics,Q2,4.8
microplastics and nanoplastics,Q1,8.4
microporous and mesoporous materials,Q2,4.5
microprocessors and microsystems,Q2,2.5
microrna,Q4,1.6
microscopy,Q4,1.8
microscopy and microanalysis,Q1,3.9
microscopy research and technique,Q2,2.1
microstructures,Q1,8.5
microsurgery,Q3,1.5
microsystem technologies micro and nanosystems information storage and processing systems,Q3,1.9
microsystems nanoengineering,Q1,11.1
microvascular research,Q2,2.9
microwave and optical technology letters,Q4,1.1
microwave journal,Q4,0.3
midcontinental journal of archaeology,,0.2
middle east critique,Q1,3.2
middle east current psychiatry mecpsych,Q2,2.6
middle east development journal,Q4,1.1
middle east fertility society journal,Q4,1.3
middle east journal,Q3,0.5
middle east journal of cancer,Q4,0.5
middle east journal of culture and communication,,0.4
middle east journal of management,Q4,0.7
middle east law and governance,Q2,0.6
middle east policy,Q1,1.5
middle eastern literatures,,0.3
middle eastern studies,Q3,0.6
midland history,Q3,0.2
midwest studies in philosophy,,0.3
midwifery,Q1,2.7
mier journal of educational studies trends and practices,Q3,0.7
migraciones,Q3,1.1
migration studies,Q1,2.8
mikrobiyoloji bulteni,Q4,0.8
milan journal of mathematics,Q2,0.8
milbank quarterly,Q1,6.2
militargeschichtliche zeitschrift,Q3,0.2
military medical research,Q1,29
military medicine,Q2,1.2
military operations research,Q4,0.3
military psychology,Q2,1.7
millennial asia,Q2,1.1
millennium film journal,,<0.1
millennium journal of international studies,Q2,2.2
milli folklor,,0.1
milton quarterly,,0.1
milton studies,,0.3
mind,,2.1
mind brain and education,Q2,2
mind culture and activity,Q2,1.7
mind language,Q1,2.4
mindanao journal of science and technology,Q4,0.2
mindfulness,Q1,4.1
minds and machines,Q2,4.7
mine water and the environment,Q3,2.2
mineral economics,Q1,4.4
mineral processing and extractive metallurgy review,Q1,4.7
mineral processing and extractive metallurgy transactions of the institutions of mining and metallurgy,Q3,1.3
mineralium deposita,Q1,5
mineralogical journal ukraine,Q4,0.2
mineralogical magazine,Q3,1.5
mineralogy and petrology,Q3,1.9
minerals,Q2,2.7
minerals engineering,Q1,6
minerva,Q1,2.9
minerva anestesiologica,Q1,3.5
minerva biotechnology and biomolecular research,Q4,0.6
minerva cardiology and angiology,Q3,1.5
minerva dental and oral science,Q3,1.4
minerva endocrinology,Q3,2.3
minerva gastroenterology,Q4,1.5
minerva obstetrics and gynecology,Q4,1.2
minerva orthopedics,Q4,0.4
minerva psychiatry,Q4,0.3
minerva respiratory medicine,Q4,0.1
minerva revista de filologia clasica,,0.1
minerva surgery,Q3,1.3
minerva urology and nephrology,Q1,5.1
ming qing yanjiu,Q3,0.1
ming studies,,0.7
mini invasive surgery,Q4,0.8
mini reviews in medicinal chemistry,Q2,4
mini reviews in organic chemistry,Q2,2.4
minimally invasive therapy allied technologies,Q2,1.8
minimax theory and its applications,Q4,0.4
mining,Q2,2.9
mining metallurgy exploration,Q2,2.5
mining of mineral deposits,Q2,2.8
mining science,Q4,0.6
mining technology transactions of the institutions of mining and metallurgy,Q1,3.4
minnesota law review,Q1,1.9
minnesota review,,0.1
mir rossii universe of russia,Q3,0.4
miranda,,<0.1
mires and peat,Q4,1.9
mirovaya ekonomika i mezhdunarodnye otnosheniya,Q4,0.3
mis quarterly,Q1,7.3
mis quarterly executive,Q2,3.1
miscelanea de estudios arabes y hebraicos seccion arabe islam,,0.1
miscelanea de estudios arabes y hebraicos seccion hebreo,,<0.1
miscellanea geographica,Q3,0.7
miskolc mathematical notes,Q2,0.8
missiology an international review,,0.1
mission studies,,0.3
mississippi quarterly,,<0.1
missouri journal of mathematical sciences,Q4,0.1
missouri review,,0.1
mit sloan management review,Q2,4.3
mit technology review,Q1,7.2
mitigation and adaptation strategies for global change,Q2,4.4
mitochondrial dna part a,Q4,1
mitochondrial dna part b resources,Q4,0.7
mitochondrion,Q1,5.7
mitologias hoy revista de pensamiento critica y estudios literarios latinoamericanos,,0.2
mitteilungen der osterreichischen geographischen gesellschaft,Q4,0.2
mitteilungen des kunsthistorischen institutes in florenz,,<0.1
mitteilungen klosterneuburg,Q4,0.2
mkg chirurgie,Q4,0.1
mlife,Q1,6.7
mljekarstvo,Q3,1.6
mln,,0.2
mltj muscles ligaments and tendons journal,Q4,1.1
mm science journal,Q4,0.6
mmwr morbidity and mortality weekly report,Q1,16.2
mmwr recommendations and reports,Q1,51.3
mmwr surveillance summaries,Q1,96.9
mnemosyne,,0.4
mobile dna,Q1,4.2
mobile media communication,Q2,2.4
mobile networks applications,Q3,1.7
mobilities,Q1,2.9
mobilization,Q3,1.4
modeling earth systems and environment,Q3,3.6
modeling identification and control,Q3,1.5
modelling,Q2,1.8
modelling and simulation in engineering,Q3,1.1
modelling and simulation in materials science and engineering,Q3,2.3
modern american history,Q1,0.7
modern asian studies,Q2,0.8
modern british history,Q3,0.2
modern china,Q2,1.1
modern chinese literature and culture,Q4,0.1
modern contemporary france,Q2,0.3
modern drama,,0.1
modern geografia,Q3,0.7
modern intellectual history,Q1,0.7
modern italy,Q1,0.6
modern judaism,,0.4
modern language journal,Q1,4.5
modern language quarterly,,0.4
modern language review,,0.1
modern law review,Q1,1.5
modern pathology,Q1,6.6
modern philology,,0.2
modern physics letters a,Q3,1.5
modern physics letters b,Q1,3
modern phytomorphology,Q4,0.6
modern rheumatology,Q3,2.1
modern rheumatology case reports,Q4,0.9
modern stochastics theory and applications,Q3,1.2
modern theology,,0.2
moderna sprak,,0.2
modernism modernity,,0.2
modernist cultures,,0.1
moenia revista lucense de linguistica literatura,,0.1
mokuzai gakkaishi,Q4,0.2
molbank,Q4,0.3
molecular and biochemical parasitology,Q4,1.4
molecular and cellular biochemistry,Q2,4.7
molecular and cellular biology,Q3,2.8
molecular and cellular endocrinology,Q2,3.4
molecular and cellular neuroscience,Q2,3.4
molecular and cellular pediatrics,Q1,4.1
molecular and cellular probes,Q2,3.2
molecular and clinical oncology,Q4,1.9
molecular aspects of medicine,Q1,13.8
molecular autism,Q1,5.7
molecular biology,Q4,1.3
molecular biology and evolution,Q1,6.4
molecular biology of the cell,Q3,3
molecular biology reports,Q3,3.2
molecular biology research communications,Q4,1.4
molecular biomedicine,Q1,13
molecular biotechnology,Q3,3.2
molecular brain,Q2,3.8
molecular breeding,Q1,3.6
molecular cancer,Q1,42.2
molecular cancer research,Q1,5.8
molecular cancer therapeutics,Q1,6.9
molecular carcinogenesis,Q2,3.5
molecular catalysis,Q2,4.3
molecular cell,Q1,16
molecular cellular oncology,Q3,2.1
molecular cellular proteomics,Q1,6.3
molecular cellular toxicology,Q4,1.4
molecular crystals and liquid crystals,Q4,0.7
molecular cytogenetics,Q4,1.4
molecular diagnosis therapy,Q1,5.8
molecular diversity,Q2,4.3
molecular ecology,Q1,3.7
molecular ecology resources,Q1,5.9
molecular genetics and genomics,Q3,2.2
molecular genetics and metabolism,Q2,4
molecular genetics and metabolism reports,Q4,1.8
molecular genetics genomic medicine,Q4,1.6
molecular genetics microbiology and virology,Q4,0.4
molecular horticulture,Q1,10
molecular human reproduction,Q1,4.2
molecular imaging,Q3,2.2
molecular imaging and biology,Q2,2.5
molecular imaging and radionuclide therapy,Q4,0.9
molecular immunology,Q2,3.7
molecular informatics,Q2,3.1
molecular medicine,Q1,8.3
molecular medicine reports,Q2,5
molecular metabolism,Q1,6.3
molecular microbiology,Q3,3.1
molecular neurobiology,Q1,5.5
molecular neurodegeneration,Q1,19.6
molecular nutrition food research,Q2,4.5
molecular omics,Q3,2.4
molecular oncology,Q2,4.5
molecular oral microbiology,Q1,3.4
molecular pain,Q2,3.8
molecular pharmaceutics,Q1,4.9
molecular pharmacology,Q2,3
molecular phylogenetics and evolution,Q1,4
molecular physics,Q3,1.8
molecular plant,Q1,32.7
molecular plant microbe interactions,Q1,3.9
molecular plant pathology,Q1,5
molecular psychiatry,Q1,10.4
molecular reproduction and development,Q2,2.6
molecular simulation,Q3,2.1
molecular syndromology,Q4,0.8
molecular systems biology,Q1,6.7
molecular systems design engineering,Q3,3.2
molecular therapy,Q1,11.4
molecular therapy methods clinical development,Q2,5
molecular therapy nucleic acids,Q1,6.5
molecular therapy oncology,Q1,8.5
molecular vision,Q3,1.8
molecules,Q2,5.1
molecules and cells,Q1,8.2
molluscan research,Q3,0.8
momento revista de fisica,Q4,0.3
momona ethiopian journal of science,Q4,0.4
monaldi archives for chest disease,Q4,0.8
monash bioethics review,Q2,1.6
monash university law review,Q2,0.6
monatshefte,,0.3
monatshefte fur chemie,Q3,2.2
monatshefte fur mathematik,Q3,0.6
monatsschrift fur kriminologie und strafrechtsreform,Q4,0.3
monatsschrift kinderheilkunde,Q4,0.4
monist,,0.8
monographs of the society for research in child development,Q1,6.8
montana the magazine of western history,Q3,0.1
monte carlo methods and applications,Q4,0.6
monteagudo,,0.1
montenegrin journal of economics,Q3,0.8
montenegrin journal of sports science and medicine,Q3,1.4
monthly labor review,Q3,0.9
monthly notices of the royal astronomical society,Q1,5.2
monthly review an independent socialist magazine,Q2,1.7
monthly weather review,Q2,3.3
monti,Q4,0.2
monumenta nipponica,,0.1
monumenta serica journal of oriental studies,,0.3
moral philosophy and politics,Q3,0.6
moravian geographical reports,Q2,1.7
moreana,,0.1
moroccan journal of chemistry,Q3,2.8
morphologie,Q2,1.5
morphology,,1.6
mortality,Q2,1.3
moscow mathematical journal,Q4,0.4
moscow university chemistry bulletin,Q4,0.6
moscow university geology bulletin,Q4,0.4
moscow university mathematics bulletin,Q4,0.4
moscow university mechanics bulletin,Q4,0.5
moscow university physics bulletin,Q4,0.4
motivation and emotion,Q2,2.5
motivation science,Q1,3.6
motor control,Q3,1.6
mountain research and development,Q3,2
mouseion journal of the classical association of canada,,0.4
moussons recherche en sciences humaines sur l asie du sud est,,0.1
mouvement social,Q3,0.2
movement disorders,Q1,7.7
movement disorders clinical practice,Q2,3.4
movement ecology,Q1,4
movimento,Q4,0.4
moyen age,,0.4
mrs advances,Q4,1.2
mrs bulletin,Q1,5.7
mrs communications,Q3,2.7
mrs energy sustainability,Q3,3.9
msk muskuloskelettale physiotherapie,Q4,0.1
msphere,Q2,4
msystems,Q2,5.2
mucosal immunology,Q1,5.5
multiagent and grid systems,Q4,0.8
multibody system dynamics,Q2,3.3
multicultural education review,Q3,1.3
multicultural perspectives,Q3,1
multicultural shakespeare translation appropriation and performance,,<0.1
multidimensional systems and signal processing,Q2,2
multidisciplinary journal for education social and technological sciences,Q3,1.3
multidisciplinary respiratory medicine,Q3,2.1
multidiscipline modeling in materials and structures,Q2,3.4
multilingua journal of cross cultural and interlanguage communication,Q2,1.2
multimedia systems,Q2,2.8
multimodal technologies and interaction,Q2,3.3
multimodal transportation,Q1,5.1
multinational business review,Q3,2.8
multiple sclerosis and related disorders,Q2,3
multiple sclerosis journal,Q1,4.1
multiple sclerosis journal experimental translational and clinical,Q3,2
multiscale and multidisciplinary modeling experiments and design,Q2,2.8
multiscale modeling simulation,Q2,2.2
multisensory research,Q2,2.1
multivariate behavioral research,Q1,3.5
mundo agrario,Q4,0.3
mundo amazonico,Q4,<0.1
mundo da saude,Q4,0.2
mundo eslavo journal of slavic studies,,<0.1
muqarnas an annual on the visual cultures of the islamic world,,0.1
muscle nerve,Q2,2.9
muscles,Q4,1.6
musculoskeletal care,Q3,1.5
musculoskeletal science and practice,Q2,2.2
museologia scientifica,,0.1
museon,,0.2
museum anthropology,Q2,1.2
museum history journal,Q3,0.1
museum international,,0.9
museum management and curatorship,,2.4
museum worlds,,0.7
museums social issues a journal of reflective discourse,,1.3
music analysis,,0.3
music and the moving image,,0.1
music education research,Q3,1.2
music educators journal,Q4,0.5
music letters,,0.2
music perception,Q3,1.8
music sound and the moving image,,<0.1
music theory online,,0.8
music theory spectrum,,0.8
music therapy perspectives,Q4,0.6
musica hodie,,0.2
musica oral del sur,,<0.1
musica tecnologia,,0.3
musicae scientiae,Q4,1.5
musical quarterly,,0.2
musicologica brunensia,,0.1
musicologist,,0.3
musicology australia,,0.2
musicology today,,0.1
musik in bayern,,<0.1
musik und kirche,,<0.1
musikforschung,,0.1
musiktheorie,,<0.1
muslim world,,0.5
mutagenesis,Q2,3.1
mutation research fundamental and molecular mechanisms of mutagenesis,Q3,2.4
mutation research genetic toxicology and environmental mutagenesis,Q2,2.8
mutation research reviews in mutation research,Q1,6.5
muttersprache,,0.1
muzeologia a kulturne dedicstvo museology and cultural heritage,,1
muziki journal of music research in africa,,0.5
muzikologija musicology,,0.1
muzikoloski zbornik,,<0.1
muzyka,,0.1
mycobiology,Q2,2.5
mycokeys,Q1,4.1
mycologia,Q3,2.2
mycological progress,Q3,2.5
mycology an international journal on fungal biology,Q1,5.7
mycopathologia,Q1,4.1
mycorrhiza,Q1,4
mycoscience,Q4,1.4
mycoses,Q2,3.4
mycosphere,Q1,19.9
mycotoxin research,Q2,3.5
myrmecological news,Q1,2.2
myrtia,,<0.1
nacc nova acta cientifica compostelana bioloxia,Q4,0.4
nafta gaz,Q3,0.8
nagoya journal of medical science,Q4,0.8
nagoya mathematical journal,Q2,0.8
naharaim,,0.2
nais native american and indigenous studies association,Q3,0.6
names a journal of onomastics,Q3,0.6
namik kemal medical journal,Q4,0.4
nan nu men women and gender in china,,0.6
nankai business review international,Q2,3.1
nano,Q4,1.3
nano communication networks,Q3,2.6
nano convergence,Q1,13.8
nano energy,Q1,16.7
nano express,Q2,3
nano futures,Q1,5.2
nano hybrids and composites,Q4,0.6
nano letters,Q1,9.1
nano life,Q4,1.6
nano materials science,Q1,20.5
nano micro letters,Q1,38.5
nano research,Q1,9.4
nano research energy,Q1,22.6
nano select,Q2,4.9
nano today,Q1,10.7
nanobiotechnology reports,Q4,0.6
nanocomposites,Q2,4.1
nanoenergy advances,Q2,4.2
nanoethics,Q1,2.4
nanofabrication,Q4,1.2
nanoimpact,Q1,6.7
nanomanufacturing and metrology,Q1,6.5
nanomaterials,Q2,4.8
nanomaterials and energy,Q4,1.8
nanomaterials and nanotechnology,Q3,2.3
nanomedicine,Q2,4.6
nanomedicine journal,Q4,2.1
nanomedicine nanotechnology biology and medicine,Q2,4.3
nanophotonics,Q1,6.8
nanoscale,Q1,5.2
nanoscale advances,Q2,6.3
nanoscale and microscale thermophysical engineering,Q2,2.6
nanoscale horizons,Q2,6.4
nanoscience and technology an international journal,Q4,1.3
nanosystems physics chemistry mathematics,Q4,1
nanotechnologies in construction a scientific internet journal,Q4,0.8
nanotechnology,Q3,2.9
nanotechnology and precision engineering,Q3,2.4
nanotechnology reviews,Q1,5.6
nanotechnology science and applications,Q2,7.6
nanotoxicology,Q2,3.6
nar cancer,Q2,4.6
nar genomics and bioinformatics,Q2,3
narrative,,0.8
narrative culture,,0.8
narrative inquiry,Q2,1.1
narrative works issues investigations interventions,,0.6
nase more,Q3,1.2
nashim a journal of jewish womens studies gender issues,,0.5
naslede,,<0.1
nation,Q3,1.1
national academy science letters india,Q3,1.1
national accounting review,Q3,1
national identities,Q3,0.7
national institute economic review,Q3,1.2
national journal of clinical anatomy,Q4,0.6
national medical journal of india,Q2,1.2
national science review,Q1,18.1
national taiwan university law review,Q4,<0.1
national tax journal,Q3,1
nationalism and ethnic politics,Q2,2
nationalities papers the journal of nationalism and ethnicity,Q1,1.1
nations and nationalism,Q1,1.3
nativa,Q4,0.5
natural areas journal,Q4,0.8
natural computing,Q2,1.9
natural gas industry b,Q1,5
natural hazards,Q1,4.5
natural hazards and earth system sciences,Q1,5.4
natural hazards review,Q2,3.3
natural history,Q4,<0.1
natural language engineering,Q1,2.5
natural language linguistic theory,Q3,0.8
natural language processing,Q2,1.6
natural language semantics,Q3,0.7
natural product communications,Q4,1.5
natural product reports,Q1,12.5
natural product research,Q3,1.8
natural products and bioprospecting,Q1,5.8
natural products journal,Q4,1.1
natural resource modeling,Q2,2
natural resources forum,Q2,4.7
natural resources journal,Q2,1
natural resources research,Q1,6
natural sciences,Q1,4.1
nature,Q1,56.1
nature aging,Q1,25
nature and science of sleep,Q2,3.4
nature astronomy,Q1,15.2
nature based solutions,Q2,4
nature biomedical engineering,Q1,26.3
nature biotechnology,Q1,44.5
nature cancer,Q1,28
nature cardiovascular research,Q1,12.6
nature catalysis,Q1,48.3
nature cell biology,Q1,22.7
nature chemical biology,Q1,15.8
nature chemical engineering,Q1,29.7
nature chemistry,Q1,24.5
nature cities,Q1,15.3
nature climate change,Q1,26.9
nature communications,Q1,18.1
nature computational science,Q1,20.3
nature conservation bulgaria,Q3,1.8
nature conservation research,Q4,1.2
nature culture,Q4,0.5
nature ecology evolution,Q1,17.1
nature electronics,Q1,42.3
nature energy,Q1,70.1
nature food,Q1,24.7
nature genetics,Q1,25.5
nature geoscience,Q1,20.6
nature human behaviour,Q1,17.5
nature immunology,Q1,26.5
nature machine intelligence,Q1,29.8
nature materials,Q1,38
nature medicine,Q1,52.5
nature mental health,Q1,9.3
nature metabolism,Q1,27.5
nature methods,Q1,28.3
nature microbiology,Q1,18.7
nature nanotechnology,Q1,37.5
nature neuroscience,Q1,20.3
nature photonics,Q1,38.1
nature physics,Q1,18
nature plants,Q1,15
nature protocols,Q1,18.4
nature reviews bioengineering,Q1,42.7
nature reviews cancer,Q1,60.7
nature reviews cardiology,Q1,50.2
nature reviews chemistry,Q1,50.3
nature reviews clinical oncology,Q1,94.6
nature reviews disease primers,Q1,79.8
nature reviews drug discovery,Q1,91.2
nature reviews earth environment,Q1,74.1
nature reviews electrical engineering,Q1,34.8
nature reviews endocrinology,Q1,39.1
nature reviews gastroenterology hepatology,Q1,57.5
nature reviews genetics,Q1,51.4
nature reviews immunology,Q1,47.1
nature reviews materials,Q1,83.3
nature reviews methods primers,Q1,54.2
nature reviews microbiology,Q1,104.6
nature reviews molecular cell biology,Q1,118
nature reviews nephrology,Q1,46.7
nature reviews neurology,Q1,31.2
nature reviews neuroscience,Q1,29
nature reviews physics,Q1,46.6
nature reviews psychology,Q1,22
nature reviews rheumatology,Q1,33.7
nature reviews urology,Q1,13.6
nature structural molecular biology,Q1,10.1
nature sustainability,Q1,32.1
nature synthesis,Q1,22.6
nature water,Q1,30.7
nauchnye i tekhnicheskie biblioteki scientific and technical libraries,Q4,0.2
nauchnyi dialog,,0.2
nauka televideniya the art and science of television,,0.4
naunyn schmiedebergs archives of pharmacology,Q2,4
nauplius,Q4,0.6
nautilus,Q3,0.8
naval engineers journal,Q4,0.2
naval research logistics,Q3,2.3
naval war college review,Q4,0.7
navigation journal of the institute of navigation,Q2,2.7
navigator subsidios para a historia maritima do brasil,Q3,0.1
navus revista de gestao e tecnologia,Q4,0.1
nawpa pacha,Q3,0.7
nazariyat journal for the history of islamic philosophy and sciences,,0.2
nber macroeconomics annual,Q1,9.6
ndt e international,Q1,6
near eastern archaeology,,0.4
near surface geophysics,Q3,1.4
nefrologia,Q3,2.1
negotiation and conflict management research,Q4,0.7
negotiation journal,Q1,2
neizvestnyi dostoevskii the unknown dostoevsky,,0.5
nejm catalyst innovations in care delivery,Q1,4.4
nejm evidence,Q1,11.6
nematology,Q3,1
nematropica,Q4,0.7
neo victorian studies,,0.5
neobiota,Q2,3.2
neohelicon,,0.2
neonatal network,Q4,0.8
neonatology,Q1,3.8
neophilologus,,0.2
neoplasia,Q2,4.8
neoplasma,Q3,2.5
neotestamentica,,0.2
neotropical biology and conservation,Q3,1.1
neotropical entomology,Q2,1.8
neotropical ichthyology,Q1,2.1
nepal journal of epidemiology,Q4,1.4
nepalese heart journal,Q4,0.1
nepalese journal of ophthalmology,Q4,0.3
nephrologie,Q4,0.1
nephrologie therapeutique,Q4,0.8
nephrology,Q3,2
nephrology dialysis transplantation,Q1,8.3
nephrology nursing journal,Q4,1
nephron,Q2,2.3
nervenarzt,Q4,1.1
netherlands heart journal,Q2,2.5
netherlands international law review,Q2,1.3
netherlands journal of critical care,Q4,<0.1
netherlands journal of geosciences,Q4,1.2
netherlands quarterly of human rights,Q2,1.2
netherlands yearbook for history of art nederlands kunsthistorisch jaarboek,,0.2
network,Q2,3.7
network computation in neural systems,Q4,1.6
network modeling analysis in health informatics and bioinformatics,Q3,2.4
network neuroscience,Q2,3.4
network science,Q2,1.6
networks,Q3,2
networks and heterogeneous media,Q3,1.7
networks spatial economics,Q3,2.2
neue rundschau,,<0.1
neue zeitschrift fur systematische theologie und religionsphilosophie,,0.1
neues jahrbuch fur geologie und palaontologie abhandlungen,Q4,0.7
neues jahrbuch fur mineralogie abhandlungen,Q3,1.3
neuphilologische mitteilungen,,0.3
neural computation,Q3,2.1
neural development,Q4,1.3
neural network world,Q4,0.5
neural networks,Q1,7.2
neural plasticity,Q2,3.4
neural processing letters,Q3,2.8
neural regeneration research,Q1,8.5
neuro oncology,Q1,13.1
neuro oncology advances,Q1,4.6
neuro oncology practice,Q3,2.5
neuro ophthalmology,Q4,0.6
neurobiology of aging,Q2,4
neurobiology of disease,Q1,6
neurobiology of language,Q1,3.7
neurobiology of learning and memory,Q2,2.1
neurobiology of pain,Q2,3.4
neurobiology of stress,Q2,4.2
neurocase,Q4,0.5
neurochemical journal,Q4,0.6
neurochemical research,Q2,4.5
neurochemistry international,Q1,5.5
neurochirurgie,Q3,1.5
neurocirugia,Q4,0.7
neurocomputing,Q1,6.7
neurocritical care,Q1,4.2
neurodegenerative disease management,Q2,2.8
neurodegenerative diseases,Q1,4
neuroendocrinology,Q3,2.4
neuroendocrinology letters,Q4,0.8
neuroepidemiology,Q2,2.9
neuroethics,Q1,3.7
neurogastroenterology and motility,Q2,3
neurogenetics,Q4,1.6
neuroglia,Q3,2.2
neurohospitalist,Q4,0.6
neuroimage,Q1,5.3
neuroimage clinical,Q1,4.2
neuroimaging clinics of north america,Q3,1.5
neuroimmunomodulation,Q2,3.7
neuroinformatics,Q3,2.9
neurointervention,Q3,1.8
neurologia,Q2,2.8
neurologia i neurochirurgia polska,Q2,3.2
neurologia medico chirurgica,Q3,1.6
neurologic clinics,Q2,3.5
neurological research,Q3,1.9
neurological research and practice,Q1,4
neurological sciences,Q3,2.7
neurological sciences and neurophysiology,Q4,0.4
neurologist,Q4,1.2
neurology,Q1,8.9
neurology and clinical neuroscience,Q4,0.3
neurology and therapy,Q1,4.7
neurology asia,Q4,0.3
neurology clinical practice,Q2,3.7
neurology genetics,Q2,3.3
neurology india,Q4,0.8
neurology international,Q2,3.3
neurology neuroimmunology neuroinflammation,Q1,8
neurology research international,Q3,2.4
neuromodulation,Q2,3.7
neuromolecular medicine,Q2,3.8
neuromorphic computing and engineering,Q2,4
neuromuscular disorders,Q2,3.5
neuron,Q1,16.9
neuropathology,Q3,1.3
neuropathology and applied neurobiology,Q2,3
neuropediatrics,Q3,1.3
neuropeptides,Q3,2.7
neuropharmacology,Q1,4.7
neurophotonics,Q2,3.6
neurophysiologie clinique clinical neurophysiology,Q2,3
neurophysiology,Q4,0.6
neuroprotection,Q2,4.1
neuropsychiatria i neuropsychologia,Q4,0.4
neuropsychiatric disease and treatment,Q2,3.2
neuropsychiatrie,Q3,1.9
neuropsychobiology,Q1,3.7
neuropsychologia,Q2,2.5
neuropsychological rehabilitation,Q3,1.8
neuropsychological trends,Q4,0.6
neuropsychology,Q2,2.9
neuropsychology review,Q1,8.2
neuropsychopharmacology,Q1,7.6
neuropsychopharmacology reports,Q3,1.9
neuroradiology,Q2,2.8
neuroradiology journal,Q4,1.2
neurorehabilitation,Q2,2
neurorehabilitation and neural repair,Q1,4
neuroreport,Q3,2.1
neurosci,Q3,1.9
neuroscience,Q2,3.3
neuroscience and biobehavioral reviews,Q1,8.5
neuroscience applied,Q2,3
neuroscience bulletin,Q1,6.8
neuroscience insights,Q2,3.5
neuroscience letters,Q3,2.2
neuroscience of consciousness,Q1,3.8
neuroscience research,Q3,3.2
neurosciences,Q3,2.3
neuroscientist,Q1,4.1
neurosonology and cerebral hemodynamics,Q4,0.1
neurospine,Q1,5
neurosurgery,Q1,3.8
neurosurgery clinics of north america,Q2,2.5
neurosurgery practice,Q4,0.9
neurosurgical focus,Q1,3.3
neurosurgical review,Q1,2.8
neurotherapeutics,Q1,7.4
neurotoxicity research,Q2,3.9
neurotoxicology,Q2,3.8
neurotoxicology and teratology,Q2,3.7
neurotrauma reports,Q3,1.7
neurourology and urodynamics,Q3,2
new armenian medical journal,Q4,0.3
new astronomy,Q2,2.4
new astronomy reviews,Q1,15.2
new bioethics a multidisciplinary journal of biotechnology and the body,Q3,0.9
new biotechnology,Q1,5.6
new blackfriars,,0.3
new carbon materials,Q1,7.2
new contree,Q2,0.3
new directions for child and adolescent development,Q1,2.9
new england journal of medicine,Q1,84.5
new england quarterly a historical review of new england life and letters,Q3,0.1
new england review middlebury series,,<0.1
new forests,Q3,1.5
new generation computing,Q2,2.1
new genetics and society,Q1,1.2
new german critique,,0.6
new global studies,Q1,0.6
new horizons in adult education and human resource development,Q3,0.9
new ideas in psychology,Q1,4
new journal of chemistry,Q3,2.6
new journal of european criminal law,Q2,1.3
new journal of physics,Q2,2.8
new left review,Q2,1.7
new literary history,,0.3
new materials compounds and applications,,N/A
new mathematics and natural computation,Q3,1.1
new media society,Q1,4.6
new medit,Q3,1
new mexico historical review,Q3,0.1
new microbes and new infections,Q1,6
new microbiologica,Q4,1.2
new orleans review,,<0.1
new perspectives,Q2,1.6
new perspectives on turkey,Q2,0.8
new phytologist,Q1,8.7
new political economy,Q1,2.8
new political science,Q3,0.8
new proposals journal of marxism and interdisciplinary inquiry,Q4,0.1
new review of academic librarianship,Q3,1.5
new review of film and television studies,,0.4
new review of hypermedia and multimedia,Q4,0.9
new scientist,Q3,1
new solutions a journal of environmental and occupational health policy,Q4,1.1
new space the journal of space entrepreneurship and innovation,Q4,0.8
new technology work and employment,Q1,5.2
new testament studies,,0.5
new theatre quarterly,,0.2
new writing the international journal for the practice and theory of creative writing,,0.5
new york history,Q3,0.2
new york journal of mathematics,Q3,0.6
new york review of books,,3.5
new york university law review,Q1,1.9
new zealand economic papers,Q4,0.6
new zealand entomologist,Q3,0.8
new zealand geographer,Q2,1.4
new zealand journal of agricultural research,Q3,1.3
new zealand journal of botany,Q2,3.4
new zealand journal of crop and horticultural science,Q3,1.4
new zealand journal of ecology,Q3,1.6
new zealand journal of educational studies,Q3,1.2
new zealand journal of forestry science,Q3,1.1
new zealand journal of geology and geophysics,Q1,2
new zealand journal of history,Q2,0.3
new zealand journal of marine and freshwater research,Q2,1.9
new zealand journal of psychology,Q3,1.1
new zealand journal of zoology,Q2,1.3
new zealand medical journal,Q2,1.2
new zealand veterinary journal,Q3,1.1
newman studies journal,,0.6
newsletters on stratigraphy,Q1,2.9
next energy,Q2,6.4
next materials,Q2,4.7
next nanotechnology,Q2,3.7
next sustainability,Q2,6
nexus network journal,Q3,0.6
nfs journal,Q2,3.7
nicotine tobacco research,Q2,2.7
nietzsche studien,,0.1
nigerian journal of basic and clinical sciences,Q4,0.3
nigerian journal of clinical practice,Q3,0.9
nigerian postgraduate medical journal,Q2,1.2
nihon reoroji gakkaishi,Q3,1.6
nineteenth century art worldwide,,0.2
nineteenth century contexts an interdisciplinary journal,,0.3
nineteenth century french studies,,0.1
nineteenth century literature,,0.1
nineteenth century music,,0.1
nineteenth century music review,,0.1
nippon suisan gakkaishi,Q4,0.3
nispacee journal of public administration and policy,Q3,1.3
nitric oxide biology and chemistry,Q2,3.8
nitrogen,Q3,2.8
nj drama australia journal,,0.1
njas impact in agricultural and life sciences,Q2,2.4
nka journal of contemporary african art,,<0.1
nmims management review,Q3,1.8
nmr in biomedicine,Q2,2.8
nobel medicus,Q4,0.1
nodea nonlinear differential equations and applications,Q2,1.2
nodo,Q4,0.1
noema rivista online di filosofia,,1.7
noesis revista de ciencias sociales y humanidades,Q4,0.2
noise control engineering journal,Q4,0.4
noise health,Q3,1.5
noise mapping,Q3,1.5
nomadic peoples,Q2,1.3
non coding rna,Q1,4.2
non coding rna research,Q1,5.6
non ferrous metals,Q3,1.6
nondestructive testing and evaluation,Q1,4.3
nonlinear analysis hybrid systems,Q1,3.2
nonlinear analysis modelling and control,Q1,2.3
nonlinear analysis real world applications,Q2,1.8
nonlinear analysis theory methods applications,Q1,1.3
nonlinear dynamics,Q1,5.7
nonlinear dynamics psychology and life sciences,Q3,1.1
nonlinear engineering modeling and application,Q2,2.4
nonlinear optics quantum optics concepts in modern optics,Q4,0.3
nonlinear phenomena in complex systems,Q4,0.4
nonlinear processes in geophysics,Q2,2.7
nonlinearity,Q2,1.8
nonprofit and voluntary sector quarterly,Q1,2.7
nonprofit management leadership,Q2,2.8
nonprofit policy forum,Q3,1.6
nora nordic journal of feminist and gender research,Q3,1.3
nordeuropa forum zeitschrift fur kulturstudien,,<0.1
nordic concrete research,Q4,1
nordic journal of african studies,Q4,0.2
nordic journal of botany,Q3,1.1
nordic journal of digital literacy,Q2,1.5
nordic journal of human rights,Q3,1.2
nordic journal of linguistics,Q3,0.5
nordic journal of migration research,Q3,1.3
nordic journal of music therapy,Q3,1.3
nordic journal of psychiatry,Q3,1.5
nordic journal of religion and society,,2.1
nordic journal of working life studies,Q3,0.8
nordic psychology,Q3,1.4
nordic pulp paper research journal,Q3,1.2
nordic social work research,Q2,1.6
nordic studies on alcohol and drugs,Q3,2.1
nordic theatre studies,,<0.1
nordicom review,Q1,2.5
nordisk judaistik scandinavian jewish studies,,0.2
nordisk sygeplejeforskning nordic nursing research,Q4,0.3
nordisk valfardsforskning nordic welfare research,Q3,0.9
norma,Q2,2
noropsikiyatri arsivi archives of neuropsychiatry,Q4,1
norsk geografisk tidsskrift norwegian journal of geography,Q2,1.4
north american actuarial journal,Q3,1.6
north american archaeologist,,0.3
north american journal of aquaculture,Q3,1.2
north american journal of economics and finance,Q1,3.8
north american journal of fisheries management,Q3,1.3
north american review,,<0.1
north american spine society journal,Q1,3.2
north western journal of zoology,Q4,0.7
northeastern naturalist,Q4,0.5
northern clinics of istanbul,Q3,1
northern history,Q3,0.2
northern review,Q4,0.3
northern scotland,Q3,0.1
northwest science,Q4,0.4
northwestern journal of international law business,Q2,0.6
northwestern university law review,Q1,2
norwegian archaeological review,,1.8
norwegian journal of geology,Q4,0.9
nota lepidopterologica,Q4,0.7
notarzt,Q4,0.5
note di matematica,Q4,0.3
notes,,0.5
notes and queries,,0.1
notes and records the royal society journal of the history of science,Q3,0.5
notes on number theory and discrete mathematics,Q3,0.5
notfall rettungsmedizin,Q4,0.9
notornis,Q3,0.7
notre dame journal of formal logic,Q3,0.6
notre dame law review,Q1,1.6
nottingham french studies,,0.1
notulae botanicae horti agrobotanici cluj napoca,Q3,1.7
nous,,1.8
nouvelle revue du travail,Q4,0.1
nouvelle revue francaise,,0.1
nova et vetera english edition,,0.2
nova hedwigia,Q4,1
nova prisutnost,,0.1
nova religio journal of alternative and emergent religions,,0.6
novedades en poblacion,Q4,0.3
noveishaya istoriya rossii modern history of russia,Q3,0.2
novel a forum on fiction,,0.5
novitates caribaea,Q4,0.3
novoe literaturnoe obozrenie,,0.2
novon,Q4,0.5
novos cadernos naea,Q4,0.1
novum jus,Q1,1.4
novum testamentum,,0.2
novye issledovaniya tuvy new research of tuva,Q3,0.7
novyi filologicheskii vestnik new philological bulletin,,0.1
novyi istoricheskii vestnik the new historical bulletin,Q2,0.3
novyi mir,,<0.1
nowele north western european language evolution,,0.2
npg asia materials,Q1,9
npj 2d materials and applications,Q1,9.2
npj aging,Q1,13
npj antimicrobials and resistance,Q1,13.6
npj biodiversity,Q1,10.7
npj biofilms and microbiomes,Q1,11.4
npj breast cancer,Q1,8.4
npj clean water,Q1,11
npj climate action,Q1,5.8
npj climate and atmospheric science,Q1,9.6
npj computational materials,Q1,13.1
npj digital medicine,Q1,18
npj flexible electronics,Q1,15.4
npj genomic medicine,Q1,5.3
npj heritage science,,N/A
npj materials degradation,Q1,7.5
npj mental health research,Q1,9.1
npj microgravity,Q1,4.9
npj ocean sustainability,Q1,8.8
npj parkinsons disease,Q1,8.5
npj precision oncology,Q1,9.9
npj primary care respiratory medicine,Q1,4.7
npj quantum information,Q1,9
npj quantum materials,Q1,6.6
npj regenerative medicine,Q1,7
npj science of food,Q1,9.7
npj science of learning,Q1,4.3
npj systems biology and applications,Q1,4.4
npj urban sustainability,Q1,10.9
npj vaccines,Q1,7.2
npj viruses,Q2,3.5
ntm,Q3,0.3
ntu management review,Q4,0.2
ntut journal of intellectual property law and management,Q4,<0.1
nuances estudos sobre educacao,Q4,0.3
nuclear data sheets,Q2,2.5
nuclear engineering and design,Q1,2.5
nuclear engineering and technology,Q1,2.9
nuclear fusion,Q1,4.1
nuclear instruments methods in physics research section a accelerators spectrometers detectors and associated equipment,Q3,1.5
nuclear instruments methods in physics research section b beam interactions with materials and atoms,Q3,1.5
nuclear materials and energy,Q1,2.8
nuclear medicine and biology,Q2,3.1
nuclear medicine and molecular imaging,Q2,2.3
nuclear medicine communications,Q3,1.4
nuclear medicine review,Q4,1.2
nuclear physics a,Q3,1.9
nuclear physics and atomic energy,Q4,0.4
nuclear physics b,Q2,2.9
nuclear science and engineering,Q3,1.2
nuclear science and techniques,Q1,4.7
nuclear technology,Q3,1.7
nuclear technology radiation protection,Q3,1.3
nucleic acid therapeutics,Q2,4.5
nucleic acids research,Q1,15
nucleosides nucleotides nucleic acids,Q4,1
nucleus,Q2,5.5
nucleus india,Q4,1.4
nueva revista filologia hispanica,,0.3
nuevo pensamiento revista de filosofia,,<0.1
nuklearmedizin nuclear medicine,Q3,1.5
nukleonika,Q4,0.9
numen international review for the history of religions,Q1,0.5
numen revista de estudos e pesquisa da religiao,,<0.1
numerical algebra control and optimization,Q3,1
numerical algorithms,Q1,2.5
numerical analysis and applications,Q4,0.3
numerical functional analysis and optimization,Q2,1.5
numerical heat transfer part a applications,Q2,3.8
numerical heat transfer part b fundamentals,Q2,3.7
numerical linear algebra with applications,Q1,1.4
numerical mathematics theory methods and applications,Q2,1.1
numerical methods for partial differential equations,Q2,1.4
numerische mathematik,Q1,2.1
nuncius journal of the history of science,Q3,0.3
nuova rivista storica,Q3,0.1
nuovo cimento c colloquia and communications in physics,Q4,0.3
nurse education in practice,Q1,4.5
nurse education today,Q1,4.7
nurse educator,Q1,2.8
nurse leader,Q3,1.7
nurse practitioner,Q3,1.1
nurse researcher,Q2,2.2
nursing and midwifery studies,Q4,1
nursing clinics of north america,Q3,1.3
nursing economics,Q4,0.9
nursing education perspectives,Q2,1.5
nursing ethics,Q1,3.8
nursing for womens health,Q4,1
nursing forum,Q2,1.9
nursing health sciences,Q2,2.1
nursing history review,Q3,0.2
nursing in critical care,Q1,2.8
nursing inquiry,Q1,3.2
nursing open,Q1,3.1
nursing outlook,Q1,3.8
nursing philosophy,Q2,2
nursing practice today,Q3,1.5
nursing reports,Q1,3.1
nursing research,Q2,2.5
nursing research and practice,Q2,2.5
nursing research and reviews,Q3,1.8
nursing science quarterly,Q4,0.9
nusantara bioscience,Q4,0.7
nutricion clinica y dietetica hospitalaria,Q4,0.6
nutricion hospitalaria,Q4,1.3
nutrient cycling in agroecosystems,Q3,3.2
nutrients,Q1,5.8
nutrire,Q4,1.5
nutrition,Q2,3.6
nutrition and cancer an international journal,Q3,2.7
nutrition and dietary supplements,Q4,1.7
nutrition and health,Q4,1.4
nutrition and metabolic insights,Q3,2.3
nutrition bulletin,Q2,3.6
nutrition clinique et metabolisme,Q4,0.4
nutrition diabetes,Q1,5.7
nutrition dietetics,Q2,3.4
nutrition food science,Q4,1.3
nutrition in clinical practice,Q3,2.7
nutrition journal,Q1,5.7
nutrition metabolism,Q2,3.9
nutrition metabolism and cardiovascular diseases,Q2,3.9
nutrition research,Q2,3.6
nutrition research and practice,Q3,2.1
nutrition research reviews,Q1,7.5
nutrition reviews,Q1,6.3
nutritional neuroscience,Q2,3.1
nwig new west indian guide nieuwe west indische gids,Q2,0.7
oasis observatorio de analisis de los sistemas internacionales,Q4,0.4
obere extremitaet schulter ellenbogen hand upper extremity shoulder elbow hand,Q4,0.2
obesities,Q4,1.6
obesity,Q1,4.9
obesity facts,Q2,4.1
obesity pillars,Q1,5.3
obesity research clinical practice,Q3,2.4
obesity reviews,Q1,7.6
obesity science practice,Q3,2.5
obesity surgery,Q1,3.4
obets revista de ciencias sociales,Q3,0.8
obra digital revista de comunicacion,Q4,0.4
obrabotka metallov metal working and material science,Q4,0.4
obradoiro de historia moderna,Q1,0.7
obrana a strategie defence strategy,Q3,1
obrazovanie i nauka education and science,Q4,0.5
observar,,0.5
observatorio medioambiental,Q4,0.1
observatory,Q3,1.3
obstetric medicine,Q4,0.7
obstetrical gynecological survey,Q1,4.7
obstetrician gynaecologist,Q4,1.3
obstetrics and gynecology,Q1,5.1
obstetrics and gynecology clinics of north america,Q3,1.9
obstetrics and gynecology international,Q2,2.1
obstetrics gynecology science,Q2,2.5
occasional papers on religion in eastern europe,,0.3
occupational and environmental medicine,Q2,3.2
occupational health science,Q2,2.4
occupational medicine oxford,Q2,2.4
occupational therapy in health care,Q4,0.9
occupational therapy in mental health,Q4,0.8
occupational therapy international,Q2,2.2
ocean and coastal research,Q3,1.3
ocean coastal management,Q1,5.9
ocean development and international law,Q1,1.9
ocean dynamics,Q2,2.5
ocean engineering,Q1,6.3
ocean land atmosphere research,Q1,5.4
ocean modelling,Q2,3.1
ocean science,Q1,3.9
ocean science journal,Q3,1.5
ocean systems engineering an international journal,Q4,1
ocean yearbook,Q4,1
oceania,Q3,0.6
oceanic linguistics,,0.5
oceanography,Q2,2.7
oceanologia,Q2,2.6
oceanological and hydrobiological studies,Q4,0.8
oceanology,Q4,0.7
oceans switzerland,Q2,2.5
ochrona przed korozja,Q4,0.4
ochsner journal,Q2,1.5
ocl oilseeds and fats crops and lipids,Q3,1.6
ocnos journal of reading research,Q3,0.8
october,,0.2
ocular immunology and inflammation,Q3,1.7
ocular oncology and pathology,Q4,1.2
ocular surface,Q1,6.6
odonatologica,Q4,0.5
odontoestomatologia,Q4,0.3
odontology,Q2,2.6
odovtos international journal of dental sciences,Q4,0.9
oecologia,Q2,2.5
oeconomia copernicana,Q1,13.8
oeconomia history methodology philosophy,Q4,0.7
oeno one,Q2,3
ofioliti,Q4,0.5
ogigia revista electronica de estudios hispanicos,,0.4
oido pensante,,0.4
oikos,Q2,3
oil crop science,Q1,4.4
oil shale,Q2,1.9
olba,,0.1
olho d agua,,<0.1
omega international journal of management science,Q1,6.9
omega journal of death and dying,Q3,1.5
omics a journal of integrative biology,Q3,2
on the horizon,Q2,1.6
on the waterfront,,0.4
onati socio legal series,Q2,0.6
oncogene,Q1,9.1
oncogenesis,Q1,6
oncoimmunology,Q1,6.2
oncologie,Q3,2.1
oncologist,Q2,4.7
oncology,Q4,1.9
oncology and therapy,Q2,3.4
oncology in clinical practice,Q4,0.5
oncology letters,Q3,2.1
oncology new york,Q4,2
oncology nursing forum,Q3,1.7
oncology reports,Q2,4.7
oncology research,Q2,4.6
oncology research and treatment,Q4,1.4
oncology reviews,Q2,4
oncotargets and therapy,Q3,2.4
onderstepoort journal of veterinary research,Q2,1.6
one earth,Q1,15.5
one ecosystem,Q3,1.9
one health,Q1,5.3
one health advances,Q1,5
one health outlook,Q1,5.9
onkologie,Q4,0.2
onkologija,Q4,0.1
onkourologiya,Q4,0.1
online information review,Q1,3.8
online journal of communication and media technologies,Q2,2.3
online journal of public health informatics,Q4,1.4
online learning,Q1,3.1
online social networks and media,Q1,3.6
onoma,Q4,0.2
onomazein,Q4,0.3
opec energy review,Q2,2.3
open access emergency medicine,Q2,1.7
open access journal of clinical trials,Q4,0.8
open access journal of contraception,Q2,2.8
open access journal of sports medicine,Q2,2.1
open access rheumatology research and reviews,Q2,3.4
open agriculture,Q2,1.7
open archaeology,,1.3
open astronomy,Q4,0.5
open biology,Q3,3.1
open cardiovascular medicine journal,Q4,0.5
open ceramics,Q1,3.4
open chemistry,Q3,2.4
open computer science,Q3,1.2
open cultural studies,Q3,0.4
open dentistry journal,Q4,0.9
open economies review,Q3,0.9
open engineering,Q3,1.4
open forum infectious diseases,Q2,3.8
open geosciences,Q3,1.7
open heart,Q2,3.1
open house international sustainable smart architecture and urban studies,Q2,2.5
open insight,,0.1
open learning,Q2,2.4
open library of humanities,,0.6
open life sciences,Q2,2.3
open linguistics,Q3,0.8
open mathematics,Q2,0.8
open medicine,Q2,1.8
open mind discoveries in cognitive science,Q2,2.9
open ophthalmology journal,Q4,0.6
open philosophy,,0.2
open physics,Q2,2.8
open praxis,Q1,5
open systems information dynamics,Q2,1.4
open theology,,0.7
open veterinary journal,Q2,1.6
opera,,0.1
opera colombia,Q4,0.1
opera quarterly,,0.1
operational research,Q2,3
operations and supply chain management an international journal,Q3,2.2
operations management research,Q1,6.2
operations research,Q2,3
operations research and decisions,Q4,1.3
operations research for health care,Q4,1.5
operations research letters,Q4,1
operations research perspectives,Q2,3.3
operative dentistry,Q2,2.3
operative neurosurgery,Q3,1.6
operative orthopadie und traumatologie,Q4,1.1
operative techniques in orthopaedics,Q4,0.3
operative techniques in sports medicine,Q4,0.7
operators and matrices,Q3,0.7
ophthalmic and physiological optics,Q1,3.4
ophthalmic epidemiology,Q3,1.6
ophthalmic genetics,Q4,1
ophthalmic plastic and reconstructive surgery,Q3,1.6
ophthalmic research,Q3,2.1
ophthalmic surgery lasers imaging retina,Q3,1.1
ophthalmologica,Q2,2.3
ophthalmologie,Q4,0.6
ophthalmology,Q1,10.9
ophthalmology and therapy,Q1,4.2
ophthalmology glaucoma,Q1,3.3
ophthalmology retina,Q1,5.9
ophthalmology science,Q1,5
opir materialiv i teoria sporud strength of materials and theory of structures,Q4,0.4
opsearch,Q3,1.7
optica,Q1,8.8
optica applicata,Q4,0.5
optica pura y aplicada,Q4,0.2
optica quantum,Q1,5.1
optical engineering,Q4,1.2
optical fiber technology,Q2,2.7
optical materials,Q2,4.3
optical materials express,Q2,2.6
optical memory and neural networks,Q4,0.9
optical review,Q4,1
optical switching and networking,Q1,5.5
optics,Q3,1.8
optics and laser technology,Q1,5.2
optics and lasers in engineering,Q2,4.2
optics and spectroscopy,Q4,0.7
optics communications,Q2,2.7
optics continuum,Q3,1.5
optics express,Q2,3.4
optics letters,Q2,3.3
optimal control applications methods,Q1,2.1
optimization,Q2,1.8
optimization and engineering,Q2,2.3
optimization letters,Q2,1.3
optimization methods software,Q2,1.5
opto electronic advances,Q1,22.4
opto electronic science,Q1,26.9
opto electronics review,Q4,0.9
optoelectronics and advanced materials rapid communications,Q4,0.5
optoelectronics instrumentation and data processing,Q4,0.4
optoelectronics letters,Q4,1.4
optometry and vision science,Q2,2.4
opus,,0.2
opuscula annual of the swedish institutes at athens and rome,,0.2
opuscula mathematica,Q1,2.2
or spectrum,Q3,2.3
oral and maxillofacial surgery clinics of north america,Q3,1.3
oral and maxillofacial surgery heidelberg,Q3,1.6
oral diseases,Q1,3.1
oral health diseases therapies and technologies,Q3,1.5
oral health preventive dentistry,Q3,1.7
oral history review,Q1,1.4
oral maxillofacial pathology journal,Q4,0.1
oral oncology,Q1,4
oral radiology,Q2,2.3
oral science international,Q4,0.5
oral surgery oral medicine oral pathology oral radiology,Q2,2.4
orbis litterarum,,0.3
orbis tertius,,<0.1
orbit the international journal on orbital disorders oculoplastic and lacrimal surgery,Q4,0.8
orbital the electronic journal of chemistry,Q4,0.8
order a journal on the theory of ordered sets and its applications,Q4,0.4
ore and energy resource geology,Q3,1
ore geology reviews,Q1,4.3
oregon historical quarterly,Q3,0.2
organic agriculture,Q2,3.6
organic biomolecular chemistry,Q2,2.8
organic chemistry frontiers,Q1,4.5
organic communications,Q3,1.5
organic electronics,Q3,2.9
organic geochemistry,Q2,2.8
organic letters,Q1,4.7
organic preparations and procedures international,Q3,1.1
organic process research development,Q1,3.3
organic syntheses,Q4,0.7
organics,Q2,3.2
organisational and social dynamics,Q4,0.1
organised sound,,0.5
organisms diversity evolution,Q2,1.8
organizacija,Q4,1.3
organization,Q2,3.3
organization environment,Q1,8.1
organization science,Q1,5.7
organization studies,Q1,6.4
organization technology and management in construction,Q4,0.9
organization theory,Q1,7
organizational behavior and human decision processes,Q1,5
organizational dynamics,Q1,6.3
organizational psychology review,Q1,3.8
organizational research methods,Q1,8.7
organizations and markets in emerging economies,Q3,1
organizatsionnaya psikologiya,Q4,0.3
organogenesis,Q1,6.3
organoids,Q3,2.8
organometallics,Q2,2.4
organon f,,0.2
oriens,,0.7
oriental insects,Q4,0.7
oriental journal of chemistry,Q4,0.7
origini,,0.1
origins of life and evolution of biospheres,Q3,1.4
orizzonti,,0.1
orl journal for oto rhino laryngology head and neck surgery,Q2,2
ornamental horticulture revista brasileira de horticultura ornamental,Q3,1.1
ornamental plant research,Q2,3.1
ornis fennica,Q3,0.7
ornis hungarica,Q4,0.4
ornithological applications,Q1,2.7
ornithological science,Q4,0.5
ornithology,Q1,1.9
ornithology research,Q3,0.8
ornitologia neotropical,Q4,0.4
orphanet journal of rare diseases,Q2,3.6
orthodontics craniofacial research,Q2,2.7
orthopadie,Q4,0.8
orthopaedic journal of sports medicine,Q1,2.9
orthopaedic nursing,Q4,0.9
orthopaedic surgery,Q2,2.5
orthopaedics traumatology surgery research,Q1,2.7
orthopedic clinics of north america,Q2,2
orthopedic research and reviews,Q2,2
orthopedic reviews,Q3,1.6
orthopedics,Q3,1.3
orvosi hetilap,Q3,1
oryx,Q2,2.6
osaka journal of mathematics,Q4,0.4
osgoode hall law journal,Q3,0.5
osiris,Q1,1.3
osmanli arastirmalari the journal of ottoman studies,Q4,<0.1
osong public health and research perspectives,Q4,1.4
osteoarthritis and cartilage,Q1,9.2
osteoarthritis and cartilage open,Q1,2.9
osteologie,Q4,0.6
osteoporosis and sarcopenia,Q2,2.4
osteoporosis international,Q1,5.4
osterreichische zeitschrift fuer soziologie,Q4,0.4
osterreichische zeitschrift fur volkskunde,,0.1
osterreichisches religionspadagogisches forum,,0.2
osteuropa,Q4,0.1
ostrich,Q3,0.7
otjr occupational therapy journal of research,Q3,1.4
oto open,Q2,1.6
otolaryngologic clinics of north america,Q2,1.9
otolaryngology case reports,Q4,0.3
otolaryngology head and neck surgery,Q1,2.6
otology neurotology,Q2,1.7
otology neurotology open,Q3,1.3
otoritas jurnal ilmu pemerintahan,Q4,0.3
oud holland,,0.2
outlook on agriculture,Q2,3.2
overland,,0.4
ovidius university annals of chemistry,Q4,1.2
oxford art journal,,0.1
oxford bulletin of economics and statistics,Q1,2.1
oxford development studies,Q3,1.6
oxford economic papers new series,Q1,2.8
oxford german studies,,0.2
oxford journal of archaeology,,0.8
oxford journal of law and religion,Q2,0.8
oxford journal of legal studies,Q1,1.4
oxford literary review,,0.4
oxford medical case reports,Q3,0.6
oxford open climate change,Q1,6.3
oxford open energy,Q2,3.4
oxford open materials science,Q2,4.3
oxford review of economic policy,Q2,2
oxford review of education,Q2,2.3
oxygen,Q2,3.7
ozone science engineering,Q3,2.3
p adic numbers ultrametric analysis and applications,Q4,0.5
pace pacing and clinical electrophysiology,Q4,1.3
pachyderm,Q4,0.3
pacific accounting review,Q2,2.1
pacific affairs,Q1,1.4
pacific asia journal of the association for information systems,Q2,2.9
pacific basin finance journal,Q1,5.4
pacific business review international,Q4,0.2
pacific conservation biology,Q3,1.5
pacific economic review,Q3,1.5
pacific focus,Q2,1.1
pacific historical review,Q2,0.4
pacific journal of mathematics,Q3,0.7
pacific journal of optimization,Q3,0.8
pacific journalism review,Q4,0.4
pacific northwest quarterly,Q4,<0.1
pacific philosophical quarterly,,1
pacific review,Q1,2.4
pacific rim international journal of nursing research,Q4,0.7
pacific rim property research journal,Q4,0.3
pacific science,Q4,0.6
packaging technology and science,Q2,4.7
paddy and water environment,Q2,2.1
paedagogica historica,Q3,0.5
paediatric and perinatal epidemiology,Q1,2.7
paediatric respiratory reviews,Q1,3.4
paediatrica indonesiana,Q4,0.3
paediatrics and international child health,Q3,1.6
paediatrics child health,Q1,2.5
paediatrie und paedologie,Q4,0.1
paginas de educacion,Q4,0.5
paideusis the journal of the canadian philosophy of education society,Q4,0.5
pain,Q1,5.8
pain and therapy,Q1,4.4
pain management,Q3,1.7
pain management nursing,Q2,2.5
pain medicine,Q1,4
pain physician,Q2,3.2
pain practice,Q2,2.7
pain reports,Q1,4.3
pain research management,Q2,3.1
pakistan heart journal,Q4,0.5
pakistan journal of agricultural sciences,Q3,1.3
pakistan journal of analytical environmental chemistry,Q4,0.4
pakistan journal of botany,Q3,1.1
pakistan journal of medical sciences,Q2,1.6
pakistan journal of pharmaceutical sciences,Q4,0.6
pakistan journal of statistics and operation research,Q2,1.5
pakistan veterinary journal,Q1,6.5
palabra,,0.2
palabra clave,Q3,0.7
palaeobiodiversity and palaeoenvironments,Q2,1.8
palaeobulgarica starobalgaristika,,0.2
palaeoentomology,Q2,1.8
palaeogeography palaeoclimatology palaeoecology,Q1,2.9
palaeohispanica revista sobre lenguas y culturas de la hispania antigua,,0.4
palaeontographica abteilung a palaozoologie stratigraphie,Q4,1
palaeontographica abteilung b palaeophytologie palaeobotany palaeophytology,Q4,0.3
palaeontologia electronica,Q2,1.9
palaeontology,Q1,3.2
palaeoworld,Q2,1.5
palaestra,Q4,0.2
palaios,Q1,2
palawan scientist,Q4,0.3
paleoamerica,Q2,1.3
paleobiology,Q1,2.9
paleoceanography and paleoclimatology,Q1,3
paleontological journal,Q4,0.7
paleontological research,Q4,0.6
palestine exploration quarterly,Q1,0.6
palimpsest a journal on women gender and the black international,Q4,0.1
palliative care social practice,Q2,2.7
palliative medicine,Q1,6.4
palliative medicine in practice,Q4,1
palliative medicine reports,Q4,1.3
palliative supportive care,Q2,2.4
palynology,Q2,1.7
palz,Q2,1.5
pamatky archeologicke,,0.8
pamiec i sprawiedliwosc,Q3,0.1
pamietnik literacki,,0.1
pampa,Q3,0.4
pamukkale universitesi egitim fakultesi dergisi pamukkale university journal of education,Q4,0.3
pamukkale university journal of engineering sciences pamukkale universitesi muhendislik bilimleri dergisi,Q4,0.5
pan african medical journal,Q4,0.9
pan pacific entomologist,Q4,0.5
panacea boletin de medicina y traduccion,Q4,0.3
pancreas,Q3,2.2
pancreatology,Q2,3.9
panoeconomicus,Q3,0.8
panorama,Q2,1.1
panta rei digital journal of history and didactics of history,Q2,0.4
papeles,Q4,0.1
papeles de europa,Q4,0.1
papeles de identidad contar la investigacion de frontera,Q4,0.5
papeles de poblacion,Q4,0.3
papeles de trabajo,Q4,0.2
papeles del ceic international journal on collective identity research,Q4,0.4
papeles del psicologo,Q3,0.9
papers from the institute of archaeology,,0.3
papers in palaeontology,Q1,2.4
papers in physics,Q3,0.9
papers in regional science,Q1,4
papers of the bibliographical society of america,,0.5
papers of the british school at rome,,0.6
papers on language and literature,,<0.1
papers on social representations,Q4,0.7
papers revista de sociologia,Q3,0.7
papireto,Q4,<0.1
paragraph,,0.4
parallax,Q3,0.5
parallel computing,Q3,1.1
parallel processing letters,Q4,0.7
parasite,Q2,2.8
parasite epidemiology and control,Q2,2.4
parasite immunology,Q4,1.2
parasites hosts and diseases,Q3,1.6
parasites vectors,Q1,3.7
parasitologia,Q3,1.5
parasitologists united journal,Q4,0.9
parasitology,Q2,2.5
parasitology international,Q2,2.1
parasitology research,Q3,1.9
parenting science and practice,Q2,1.4
parergon,,0.3
paris review,,0.1
parkinsonism related disorders,Q1,4.3
parkinsons disease,Q3,2.2
parliamentary affairs,Q2,1.8
parliamentary history,Q3,0.2
partecipazione e conflitto,Q3,1.1
partial answers journal of literature and the history of ideas,,0.1
partial differential equations and applications,Q1,2.6
particle and fibre toxicology,Q1,10.6
particle particle systems characterization,Q3,2.7
particles,Q2,2.3
particulate science and technology,Q3,2
particuology,Q2,4.7
partner abuse,Q4,0.8
party politics,Q2,2.4
pasado y memoria revista de historia contemporanea,Q3,0.2
pasavento revista de estudios hispanicos,,0.1
pasos revista de turismo y patrimonio cultural,Q4,0.6
passagens international review of political history and legal culture,Q3,0.1
past present,Q1,1.4
pastoral care in education,Q3,1.3
pastoral liturgy formation and resources for lectionary worship,,<0.1
pastoral psychology,Q3,1.2
pastoralism research policy and practice,Q2,3.8
pathobiology,Q3,1.7
pathogens,Q2,3.8
pathogens and global health,Q1,3.4
pathologia,Q4,0.1
pathologica,Q2,2.8
pathologie,Q4,0.7
pathology,Q1,3.9
pathology international,Q3,1.9
pathology oncology research,Q2,2.7
pathology research and practice,Q1,3.7
pathophysiology,Q1,3.5
patient education and counseling,Q1,3.1
patient patient centered outcomes research,Q1,4.4
patient preference and adherence,Q2,2.6
patient related outcome measures,Q2,2.4
patient safety in surgery,Q1,3.3
patrimonio e memoria,Q4,<0.1
pattern analysis and applications,Q3,2.6
pattern recognition,Q1,9.1
pattern recognition and image analysis,Q4,0.4
pattern recognition letters,Q2,3.5
patterns,Q1,10.8
patterns of prejudice,Q4,0.5
pci journal,Q4,0.9
peace and conflict journal of peace psychology,Q4,1.4
peace economics peace science and public policy,Q2,1.9
peace review a journal of social justice,Q4,0.5
peacebuilding,Q3,1.4
pec innovation,Q3,2.1
pedagogia social revista interuniversitaria,Q4,0.6
pedagogical linguistics,Q4,0.4
pedagogies,Q2,1.4
pedagogika pedagogy,Q4,0.3
pedagogische studien,Q4,0.5
pedagogy culture and society,Q2,2.1
pedagogy in health promotion,Q3,1.3
pedagogy of physical culture and sports,Q4,0.9
pediatria asuncion,Q4,0.1
pediatria i medycyna rodzinna paediatrics and family medicine,Q4,0.2
pediatric allergy and immunology,Q1,4.5
pediatric allergy immunology and pulmonology,Q3,1.3
pediatric and developmental pathology,Q3,1.1
pediatric anesthesia,Q3,1.6
pediatric anesthesia and critical care journal,Q4,<0.1
pediatric annals,Q3,0.9
pediatric blood cancer,Q2,2.4
pediatric cardiology,Q3,1.3
pediatric clinics of north america,Q2,2.2
pediatric critical care medicine,Q1,4.9
pediatric dental journal,Q4,1
pediatric dentistry,Q2,2.1
pediatric dermatology,Q3,1.2
pediatric diabetes,Q2,1.9
pediatric drugs,Q1,3.7
pediatric emergency care,Q3,1.1
pediatric exercise science,Q3,1.3
pediatric gastroenterology hepatology nutrition,Q3,1.3
pediatric health medicine and therapeutics,Q2,1.8
pediatric hematology and oncology,Q3,1.4
pediatric infectious disease journal,Q2,2.3
pediatric investigation,Q2,2
pediatric medicine,Q4,0.8
pediatric nephrology,Q1,2.5
pediatric neurology,Q2,2
pediatric neurosurgery,Q3,1.3
pediatric obesity,Q1,2.5
pediatric physical therapy,Q2,1.9
pediatric pulmonology,Q2,2.4
pediatric quality safety,Q3,1.2
pediatric radiology,Q1,2.5
pediatric reports,Q2,1.9
pediatric research,Q1,3.3
pediatric rheumatology,Q2,2.3
pediatric surgery international,Q2,1.8
pediatric transplantation,Q3,1.4
pediatrics,Q1,6.1
pediatrics and neonatology,Q2,2.3
pediatrics in review,Q3,1.5
pediatrics international,Q3,0.9
pedobiologia,Q2,2.6
pedosphere,Q1,7
peer community journal,Q2,2.2
peer to peer networking and applications,Q2,3.2
peerj,Q2,2.9
peerj computer science,Q2,2.9
pennsylvania history a journal of mid atlantic studies,Q3,0.1
pennsylvania magazine of history and biography,Q3,0.1
pensamiento,,0.2
pensamiento al margen,Q4,0.1
pensando psicologia,Q4,<0.1
pensando revista de filosofia,,<0.1
pensar en movimiento revista de ciencias del ejercicio y la salud,Q4,0.2
pentecostudies an interdisciplinary journal for research on the pentecostal and charismatic movements,,0.1
people and nature,Q1,5.8
peptide science,Q4,1.9
peptides,Q2,3.5
per linguam a journal of language learning,Q4,0.5
percees explorations en arts vivants,,<0.1
perception,Q3,1.5
perceptual and motor skills,Q2,2.4
perfiles latinoamericanos,Q3,0.6
performance enhancement health,Q1,4.1
performance evaluation,Q3,1.5
performance measurement and metrics,Q3,1.3
performance research,,0.1
perfusion uk,Q4,1.3
perichoresis,,0.1
periferia,Q4,<0.1
perifrasis revista de literatura teoria y critica,,0.1
perinola revista de investigacion quevediana,,0.4
periodica mathematica hungarica,Q3,0.5
periodica polytechnica chemical engineering,Q3,2.1
periodica polytechnica civil engineering,Q3,1.7
periodica polytechnica mechanical engineering,Q4,1.3
periodico di mineralogia,Q3,1.4
periodico tche quimica,Q4,0.2
periodicum biologorum,Q4,0.4
periodontology 2000,Q1,17.8
perioperative care and operating room management,Q3,1
perioperative medicine,Q2,2.5
periplo sustentable,Q4,0.3
peritoneal dialysis international,Q3,1.8
permafrost and periglacial processes,Q1,4.2
persian journal of acarology,Q3,0.9
person and the challenges the journal of theology education canon law and social studies inspired by pope john paul ii,,0.2
person centered and experiential psychotherapies,Q3,1.3
persona y derecho,Q4,0.1
personal relationships,Q2,2
personality and individual differences,Q2,2.8
personality and mental health,Q2,2.8
personality and social psychology bulletin,Q1,3.3
personality and social psychology review,Q1,14.6
personality disorders theory research and treatment,Q1,3.6
personalized medicine,Q4,1.2
personalized medicine in psychiatry,Q3,2.1
personnel psychology,Q1,10.8
personnel review,Q1,5.1
persoonia,Q1,9.5
perspectiva educacional,Q4,0.6
perspectiva geografica,Q4,0.2
perspectiva teologica,,0.2
perspectivas de la comunicacion,Q4,0.2
perspectivas em ciencia da informacao,Q4,0.4
perspectivas em dialogo revista de educacao e sociedade,Q4,0.1
perspective actualite en histoire de l art,,<0.1
perspectives in biology and medicine,Q2,0.7
perspectives in ecology and conservation,Q1,5
perspectives in plant ecology evolution and systematics,Q2,2.5
perspectives in psychiatric care,Q2,2.1
perspectives in public health,Q2,2.3
perspectives medievales revue d epistemologie des langues et litteratures du moyen age,,<0.1
perspectives on behavior science,Q2,2
perspectives on global development and technology,Q4,0.6
perspectives on medical education,Q1,3.5
perspectives on politics,Q1,3.5
perspectives on psychological science,Q1,9.5
perspectives on public management and governance,Q1,3.3
perspectives on science and christian faith,,1.4
perspectives on sexual and reproductive health,Q1,3.1
perspectives studies in translation theory and practice,Q2,1.2
pertanika journal of science and technology,Q3,1.1
pertanika journal of social science and humanities,Q3,0.6
pertanika journal of tropical agricultural science,Q3,0.6
pervasive and mobile computing,Q2,3.9
pesquisa agropecuaria brasileira,Q3,0.6
pesquisa agropecuaria tropical,Q3,1.3
pesquisa brasileira em odontopediatria e clinica integrada,Q4,0.5
pesquisa veterinaria brasileira,Q3,0.8
pest management science,Q1,4.2
pesticide biochemistry and physiology,Q1,4.8
pet clinics,Q2,3.1
petroleum,Q1,5.5
petroleum chemistry,Q3,1.1
petroleum exploration and development,Q1,10.7
petroleum geoscience,Q3,1.6
petroleum research,Q2,3.8
petroleum science,Q1,6.4
petroleum science and technology,Q3,1.3
petrology,Q4,1
petrophysics,Q3,1.1
pferdeheilkunde,Q4,0.2
pfg journal of photogrammetry remote sensing and geoinformation science,Q3,3.1
pflege,Q4,0.6
pflugers archiv european journal of physiology,Q2,3.2
phage therapy applications and research,Q3,2.5
phainomena,,0.3
phares revue philosophique etudiante de l universite laval,,<0.1
pharmaceutical biology,Q1,6
pharmaceutical care espana,Q4,0.4
pharmaceutical chemistry journal,Q4,0.8
pharmaceutical development and technology,Q2,2.9
pharmaceutical medicine,Q1,4.7
pharmaceutical research,Q2,4.1
pharmaceutical sciences,Q3,1.8
pharmaceutical statistics,Q2,1.5
pharmaceuticals,Q1,5.7
pharmaceutics,Q1,6.9
pharmacia,Q4,1.5
pharmacoeconomics,Q1,4.7
pharmacoeconomics open,Q2,2.4
pharmacoepidemiology,Q4,1.6
pharmacoepidemiology and drug safety,Q2,2.6
pharmacogenetics and genomics,Q4,1.6
pharmacogenomics,Q4,1.6
pharmacogenomics journal,Q2,2.8
pharmacogenomics personalized medicine,Q3,2.4
pharmacognosy magazine,Q4,1
pharmacognosy research,Q4,0.9
pharmacological reports,Q2,4.5
pharmacological research,Q1,12.2
pharmacological reviews,Q1,20.3
pharmacology,Q3,2.8
pharmacology biochemistry and behavior,Q2,2.4
pharmacology research perspectives,Q3,2.6
pharmacology therapeutics,Q1,13.5
pharmacopsychiatry,Q3,2.3
pharmacotherapy,Q2,4
pharmacy,Q3,2.2
pharmacy education,Q4,0.5
pharmacy pharmacology farmatsiya i farmakologiya,Q4,0.3
pharmacy practice granada,Q4,0.7
pharmanutrition,Q2,2.9
pharmazie,Q4,0.7
phase transitions,Q3,1.3
phenomenology and the cognitive sciences,,1.8
phenomenology practice,,0.3
phenomics,Q1,5.5
phi delta kappan,Q3,0.7
philippine agricultural scientist,Q4,0.5
philippine journal of crop science,Q4,0.2
philippine political science journal,Q3,0.4
philippine studies historical and ethnographic viewpoints,Q1,0.5
philippiniana sacra,,0.2
philobiblon transylvanian journal of multidisciplinary research in humanities,,0.1
philologia classica,,0.1
philologia hispalensis,Q3,0.5
philologica canariensia,,0.2
philologica jassyensia,,<0.1
philological class,Q4,<0.1
philological encounters,,0.3
philological quarterly,,<0.1
philologus,,0.1
philomusica,,<0.1
philosophers imprint,,2.1
philosophia,,0.4
philosophia a journal of continental feminism,,0.1
philosophia africana,,0.1
philosophia international journal of philosophy,,0.4
philosophia mathematica,Q2,0.9
philosophical explorations,,1.2
philosophical forum,,0.5
philosophical inquiries,,0.1
philosophical investigations,,0.5
philosophical issues,,0.7
philosophical magazine,Q3,1.3
philosophical magazine letters,Q3,1.9
philosophical papers,,3.6
philosophical perspectives,,3.9
philosophical psychology,Q2,1.7
philosophical quarterly,,1.3
philosophical review,,3.9
philosophical studies,,1.4
philosophical transactions of the royal society a mathematical physical and engineering sciences,Q1,3.7
philosophical transactions of the royal society b biological sciences,Q1,5.3
philosophies,Q2,0.7
philosophiques,,<0.1
philosophische rundschau,,<0.1
philosophisches jahrbuch,,0.3
philosophy,,1.1
philosophy and cosmology filosofiya i kosmologiya,,0.4
philosophy and literature,,0.1
philosophy and phenomenological research,,1.6
philosophy and rhetoric,,0.3
philosophy and society filozofija i drustvo,,0.2
philosophy compass,,2.1
philosophy east west,,0.5
philosophy ethics and humanities in medicine,Q1,2.4
philosophy of management,Q4,1.3
philosophy of music education review,,0.9
philosophy of photography,,0.2
philosophy of science,Q1,1.7
philosophy of the social sciences,Q3,1.1
philosophy psychiatry psychology,,1.6
philosophy public affairs,Q2,2.2
philosophy social criticism,,0.7
philosophy today,,0.2
phlebologie,Q4,0.3
phlebology,Q4,1.2
phlebolymphology,Q4,0.1
phoenix the journal of the classical association of canada,,0.1
phonetica,Q3,0.9
phonology,Q3,0.6
phosphorus sulfur and silicon and the related elements,Q3,1.3
photoacoustics,Q1,6.9
photobiomodulation photomedicine and laser surgery,Q3,1.4
photochem,Q3,2.8
photochemical photobiological sciences,Q2,3.5
photochemistry and photobiology,Q3,2.6
photodermatology photoimmunology photomedicine,Q2,2.7
photodiagnosis and photodynamic therapy,Q3,2.7
photogrammetric engineering and remote sensing,Q2,3
photogrammetric record,Q2,3.5
photography and culture,,0.1
photonic network communications,Q3,1.5
photonic sensors,Q1,4.6
photonics,Q3,2.1
photonics and nanostructures fundamentals and applications,Q2,3.5
photonics letters of poland,Q4,0.8
photonics research,Q1,7.1
photonix,Q1,18
photosynthesis research,Q2,3.8
photosynthetica,Q2,2
phronesis a journal for ancient philosophy,,0.5
phronimon,,0.8
phycologia,Q2,1.9
phycological research,Q3,1.5
phycology,Q1,3.5
phyllomedusa,Q4,0.7
physchem,Q4,2.3
physica a statistical mechanics and its applications,Q2,3.3
physica b condensed matter,Q2,3.2
physica c superconductivity and its applications,Q4,1.5
physica d nonlinear phenomena,Q1,2.9
physica e low dimensional systems nanostructures,Q3,2.5
physica medica european journal of medical physics,Q2,2.7
physica scripta,Q2,2.6
physica status solidi a applications and materials science,Q3,2
physica status solidi b basic solid state physics,Q3,1.7
physica status solidi rapid research letters,Q3,2
physical activity review,Q2,2.6
physical and chemical aspects of the study of clusters nanostructures and nanomaterials,Q4,0.4
physical and engineering sciences in medicine,Q2,2.4
physical biology,Q4,1.5
physical chemistry chemical physics,Q2,3
physical communication,Q3,1.9
physical culture and sport studies and research,Q3,1.2
physical education and sport pedagogy,Q1,3
physical education of students,Q3,1
physical educator us,Q4,0.6
physical geography,Q3,1.8
physical medicine and rehabilitation clinics of north america,Q2,2.3
physical mesomechanics,Q2,2.2
physical occupational therapy in geriatrics,Q4,0.5
physical occupational therapy in pediatrics,Q3,1.4
physical oceanography,Q4,0.6
physical review a,Q2,3
physical review accelerators and beams,Q3,2
physical review applied,Q2,4.4
physical review b,Q2,3.9
physical review c,Q2,3.3
physical review d,Q1,5.3
physical review e,Q1,2.5
physical review fluids,Q2,3
physical review letters,Q1,9.4
physical review materials,Q3,3.6
physical review physics education research,Q1,3.5
physical review research,Q1,4
physical review x,Q1,16.8
physical therapy,Q1,3.3
physical therapy in sport,Q2,2.3
physical therapy reviews,Q3,1.6
physician and sportsmedicine,Q3,1.6
physician assistant clinics,Q4,0.2
physicochemical problems of mineral processing,Q3,1.5
physics,Q3,1.4
physics and chemistry of glasses european journal of glass science and technology part b,Q4,0.7
physics and chemistry of liquids,Q4,1.2
physics and chemistry of minerals,Q3,1.5
physics and chemistry of solid state,Q4,0.8
physics and chemistry of the earth,Q1,4.6
physics essays,Q4,0.5
physics imaging in radiation oncology,Q2,3.2
physics in medicine and biology,Q2,3.1
physics in perspective,Q3,0.5
physics letters a,Q2,2.7
physics letters b,Q1,5
physics of atomic nuclei,Q4,0.5
physics of fluids,Q1,3.8
physics of life reviews,Q1,11.8
physics of metals and metallography,Q4,0.9
physics of particles and nuclei,Q4,0.5
physics of particles and nuclei letters,Q4,0.5
physics of plasmas,Q2,2.5
physics of the dark universe,Q1,7.4
physics of the earth and planetary interiors,Q2,2.1
physics of the solid state,Q3,2.4
physics of wave phenomena,Q3,1.1
physics open,Q2,2.1
physics reports review section of physics letters,Q1,27.5
physics teacher,Q3,0.8
physics today,Q2,2.5
physics uspekhi,Q2,2
physikalische medizin rehabilitationsmedizin kurortmedizin,Q4,0.7
physio geo,Q4,0.4
physiologia,Q3,2.1
physiologia plantarum,Q1,4
physiological and biochemical zoology,Q2,1.4
physiological and molecular plant pathology,Q2,3.6
physiological entomology,Q2,1.8
physiological genomics,Q3,2.5
physiological measurement,Q3,2.5
physiological reports,Q3,2.1
physiological research,Q2,2.8
physiological reviews,Q1,35.7
physiology,Q1,14.6
physiology and molecular biology of plants,Q2,3.6
physiology and pharmacology,Q4,0.5
physiology behavior,Q2,2.7
physiology international,Q4,1.9
physioscience,Q4,0.5
physiotherapy,Q1,3.1
physiotherapy canada,Q4,1
physiotherapy practice and research,Q4,0.7
physiotherapy research international,Q2,1.7
physiotherapy theory and practice,Q3,1.6
phytobiomes journal,Q2,2.8
phytochemical analysis,Q2,2.9
phytochemistry,Q2,3.4
phytochemistry letters,Q3,1.7
phytochemistry reviews,Q1,6.3
phytocoenologia,Q4,0.9
phytofrontiers,Q3,1.3
phytokeys,Q3,1.6
phytomedicine,Q1,11.3
phyton international journal of experimental botany,Q2,2
phytoparasitica,Q2,1.6
phytopathologia mediterranea,Q3,1.6
phytopathology,Q2,3.4
phytopathology research,Q1,4.3
phytoprotection,Q4,0.7
phytotaxa,Q3,1.2
phytotherapy research,Q1,8.1
pielegniarstwo chirurgiczne i angiologiczne surgical and vascular nursing,Q4,0.2
pielegniarstwo xxi wieku nursing in the 21 century,Q4,0.5
pigment cell melanoma research,Q1,3.5
pigment resin technology,Q4,1.5
pilot and feasibility studies,Q3,2.1
pituitary,Q2,3.8
pixel bit revista de medios y educacion,Q2,2.2
place branding and public diplomacy,Q3,1.9
placenta,Q1,3.1
plainsong medieval music,,0.2
planetary and space science,Q3,1.9
planetary science journal,Q2,3.9
plankton benthos research,Q4,0.7
planlama planning,Q4,0.3
planning perspectives,Q1,1.2
planning practice and research,Q4,1.6
planning theory,Q2,3.3
planning theory practice,Q1,4.3
plant and cell physiology,Q1,4.7
plant and fungal systematics,Q3,1.1
plant and soil,Q1,4.8
plant biology,Q2,3.4
plant biosystems,Q3,1.8
plant biotechnology,Q3,1.4
plant biotechnology journal,Q1,12.8
plant biotechnology reports,Q3,1.8
plant breeding,Q2,1.7
plant cell,Q1,13.5
plant cell and environment,Q1,6.9
plant cell reports,Q1,5.3
plant cell tissue and organ culture,Q2,2.8
plant communications,Q1,13.7
plant direct,Q2,2.8
plant disease,Q2,2.8
plant diversity,Q1,5.9
plant ecology,Q2,1.8
plant ecology and evolution,Q3,1.5
plant ecology diversity,Q3,1.8
plant environment interactions,Q3,1.9
plant foods for human nutrition,Q2,3.6
plant gene,Q2,2.3
plant genetic resources characterization and utilization,Q4,1
plant genome,Q1,4.3
plant growth regulation,Q1,4
plant health progress,Q3,1.2
plant journal,Q1,6.2
plant methods,Q1,5.2
plant molecular biology,Q2,3.7
plant molecular biology reporter,Q2,2
plant nano biology,Q1,9.1
plant pathology,Q2,2.8
plant pathology journal,Q2,2.6
plant phenome journal,Q1,4.3
plant phenomics,Q1,8.2
plant physiology,Q1,8.2
plant physiology and biochemistry,Q1,6.2
plant physiology reports,Q2,2.6
plant production science,Q2,2.1
plant protection science,Q3,1
plant reproduction,Q2,2.6
plant root,Q4,0.5
plant science,Q1,4.6
plant science today,Q4,0.8
plant signaling behavior,Q1,4.1
plant soil and environment,Q2,2.5
plant species biology,Q3,1.2
plant stress,Q1,8.1
plant systematics and evolution,Q3,1.7
planta,Q1,4.4
planta medica,Q2,2.1
plants basel,Q1,4.7
plants people planet,Q1,4
plaridel,Q4,0.4
plasma,Q2,3.1
plasma and fusion research,Q4,0.5
plasma chemistry and plasma processing,Q1,3.5
plasma physics and controlled fusion,Q2,2.8
plasma physics reports,Q4,1
plasma processes and polymers,Q2,3.2
plasma science technology,Q3,1.7
plasma sources science technology,Q1,3.5
plasmatology,Q4,0.6
plasmid,Q3,2.3
plasmonics,Q2,5.6
plastic and aesthetic research,Q2,2.3
plastic and reconstructive surgery,Q1,3.6
plastic and reconstructive surgery global open,Q2,1.9
plastic surgery,Q3,1.2
plastics rubber and composites,Q4,1.4
platelets,Q2,3.1
plato journal,,0.1
pleura and peritoneum,Q2,2
plos biology,Q1,6.9
plos climate,Q1,5.6
plos computational biology,Q1,3.7
plos digital health,Q1,7.7
plos genetics,Q2,3.9
plos global public health,Q2,2.8
plos medicine,Q1,9.9
plos neglected tropical diseases,Q1,3.6
plos one,Q2,2.8
plos pathogens,Q1,4.9
plos sustainability and transformation,Q2,4.2
plos water,Q2,2.8
ploughshares,,<0.1
plura revista de estudos de religiao,,<0.1
pluralist,,0.2
pm r,Q2,2
pmla publications of the modern language association of america,,0.7
pna revista de investigacion en didactica de la matematica,Q4,0.4
pnas nexus,Q1,4.8
pneuma,,0.2
pneumologie,Q4,1
pneumon,Q4,0.6
pneumonia,Q2,3.8
poblacion y salud en mesoamerica,Q4,0.4
podium sport leisure and tourism review,Q4,0.5
poe studies history theory interpretation,,0.3
poetica zeitschrift fur sprach und literaturwissenschaft,,0.1
poetics,Q1,2.6
poetics today,,0.5
poetry review,,<0.1
poetry wales,,<0.1
polar biology,Q3,1.4
polar geography,Q3,1.7
polar journal,Q1,1.8
polar political and legal anthropology review,Q1,1.9
polar record,Q3,1.6
polar research,Q4,1.2
polar science,Q3,1.7
police practice and research,Q1,2
police quarterly,Q1,2.7
policija i sigurnost police and security,Q4,0.2
policing a journal of policy and practice,Q2,1.8
policing an international journal of police strategies management,Q2,1.6
policing society,Q1,2.1
policy and internet,Q1,3.6
policy and politics,Q1,3.5
policy and society,Q1,6.2
policy design and practice,Q1,4.3
policy futures in education,Q2,2.1
policy insights from the behavioral and brain sciences,Q1,3.6
policy politics nursing practice,Q1,3
policy practice a development education review,Q4,0.4
policy reviews in higher education,Q2,1.9
policy sciences,Q1,4.5
policy studies,Q1,3.1
policy studies journal,Q1,4.2
polimeros ciencia e tecnologia,Q4,1.6
polimery,Q4,1.1
polis,,0.2
polis politicheskiye issledovaniya,Q4,0.5
polish archaeology in the mediterranean,,0.4
polish archives of internal medicine polskie archiwum medycyny wewnetrznej,Q1,4.8
polish heart journal kardiologia polska,Q1,7.4
polish hyperbaric research,Q4,0.2
polish journal of chemical technology,Q4,1.4
polish journal of ecology,Q4,0.3
polish journal of environmental studies,Q4,1.6
polish journal of food and nutrition sciences,Q3,2.4
polish journal of management studies,Q4,1.1
polish journal of medical physics and engineering,Q4,0.8
polish journal of microbiology,Q4,1.7
polish journal of otolaryngology,Q4,0.8
polish journal of pathology,Q4,0.8
polish journal of radiology,Q3,1.6
polish journal of surgery,Q3,1
polish journal of veterinary sciences,Q3,1.4
polish maritime research,Q2,2.4
polish polar research,Q4,0.9
polish review,Q4,0.1
polish sociological review,Q4,0.4
polish yearbook of international law,Q4,0.1
politeia journal of political theory political philosophy and sociology of politics,Q4,0.3
politica economica,Q4,<0.1
politica societa,Q4,0.1
politica y gobierno,Q4,0.2
politica y sociedad,Q4,0.3
political analysis,Q1,7.7
political behavior,Q1,3.5
political communication,Q1,5.9
political geography,Q1,4.6
political psychology,Q1,3.2
political quarterly,Q2,1.6
political research exchange,Q2,2.2
political research quarterly,Q2,1.9
political science,Q2,1.8
political science quarterly,Q3,1.1
political science research and methods,Q1,2.5
political studies,Q1,2.8
political studies review,Q2,2.2
political theology,,0.3
political theory,Q2,1.7
politicka ekonomie,Q3,1.4
politicka misao croatian political science review,Q4,0.3
politicke vedy,Q4,0.2
politics,Q1,3
politics and governance,Q1,2.5
politics and religion,Q2,1.5
politics and religion journal,,0.5
politics gender,Q1,4.3
politics groups and identities,Q3,1.3
politics philosophy economics,Q2,1.9
politics policy,Q2,2.2
politics religion ideology,Q1,0.7
politics society,Q1,3.2
politikon,Q3,1.1
politique europeenne,Q4,0.2
politische vierteljahresschrift,Q1,2.5
politix,Q4,0.2
politologicky casopis czech journal of political science,Q3,0.6
politologija,Q4,0.1
polity,Q3,1
polityka energetyczna energy policy journal,Q4,1.3
poljoprivreda,Q3,1.2
pollutants,Q2,3.7
pollution,Q4,1.1
polycyclic aromatic compounds,Q2,2.8
polyhedron,Q2,2.8
polymer,Q1,5.1
polymer bulletin,Q2,4.2
polymer chemistry,Q2,3.9
polymer composites,Q2,4.9
polymer degradation and stability,Q1,8.1
polymer engineering and science,Q2,3.6
polymer international,Q3,3
polymer journal,Q3,3.1
polymer korea,Q4,1
polymer plastics technology and materials,Q2,3.5
polymer reviews,Q1,10.5
polymer science series a,Q4,1.2
polymer science series b,Q4,0.9
polymer science series c,Q4,1.1
polymer testing,Q1,6.4
polymers,Q1,5.8
polymers for advanced technologies,Q2,3.8
polymers polymer composites,Q2,2.3
polyoxometalates,Q1,10.4
polysaccharides,Q2,4.1
pomorstvo scientific journal of maritime research,Q4,1.1
ponte,,<0.1
popular communication,Q3,0.7
popular music,,0.3
popular music and society,,0.8
population,Q3,1.3
population and development review,Q1,4
population and environment,Q2,2.4
population ecology,Q3,1.6
population health management,Q3,2.1
population health metrics,Q2,3.3
population research and policy review,Q2,2.1
population review,Q4,0.2
population space and place,Q2,2.4
population studies a journal of demography,Q2,2.4
populism,Q2,1.5
porcine health management,Q1,3.2
porta linguarum,Q1,2.2
portal godisnjak hrvatskog restauratorskog zavoda,,<0.1
portal hypertension cirrhosis,Q4,1.3
portal libraries and the academy,Q3,1.2
portes revista mexicana de estudios sobre la cuenca del pacifico,Q4,<0.1
portugaliae electrochimica acta,Q4,1.1
portugaliae mathematica,Q3,0.7
portuguese economic journal,Q3,1.1
portuguese journal of public health,Q4,0.9
portuguese studies,,0.1
positif,,3
positions asia critique,,0.7
positivity,Q2,1.1
post communist economies,Q3,1.3
post medieval archaeology,,0.5
post soviet affairs,Q1,3.9
postcolonial studies,Q1,0.8
postepy biologii komorki,Q4,<0.1
postepy dermatologii i alergologii,Q3,1.8
postepy higieny i medycyny doswiadczalnej,Q4,0.4
postepy psychiatrii i neurologii,Q3,1.5
postepy w chirurgii glowy i szyi advances in head and neck surgery,Q4,<0.1
postepy w kardiologii interwencyjnej,Q3,2
postgraduate medical journal,Q1,3.6
postgraduate medicine,Q2,2.7
postharvest biology and technology,Q1,7.3
postmedieval a journal of medieval cultural studies,Q3,0.5
postmodern culture,,0.2
potato research,Q1,3.4
potential analysis,Q1,1.3
potestas,Q3,0.1
poultry,Q2,2.5
poultry science,Q1,4.5
poultry science journal,Q3,1
poverty public policy,Q3,1.1
powder diffraction,Q2,2.5
powder metallurgy,Q3,1.6
powder metallurgy and metal ceramics,Q4,0.8
powder technology,Q2,5.5
power and education,Q2,1.4
power electronic devices and components,Q3,1.9
power electronics and drives,Q3,1.7
poznan studies in contemporary linguistics,Q4,0.4
ppar research,Q2,3.3
prace filologiczne literaturoznawstwo,,0.1
prace komisji geografii przemyslu polskiego towarzystwa geograficznego studies of the industrial geography commission of the polish geographical society,Q4,0.5
practical diabetes,Q4,0.7
practical gastroenterology,Q4,0.1
practical laboratory medicine,Q3,1.8
practical neurology,Q3,2.5
practical radiation oncology,Q1,3.9
practical theology,,0.4
practice periodical on structural design and construction,Q3,2
praehistorische zeitschrift,Q4,0.4
pragmatic and observational research,Q1,2.9
pragmatics,Q3,0.5
pragmatics and society,Q3,0.5
pragmatics cognition,Q3,1
prague economic papers,Q3,0.8
praktische metallographie practical metallography,Q4,0.9
pramana journal of physics,Q2,2.3
pratiques psychologiques,Q4,0.5
pravention und gesundheitsforderung,Q4,0.4
pravni vjesnik,Q4,0.1
pravni zapisi,Q3,0.3
pravo zhurnal vysshei shkoly ekonomiki,Q4,0.1
pravoprimenenie law enforcement review,Q4,0.2
prawne problemy gornictwa i ochrony srodowiska,Q4,0.2
praxis colombia,Q4,0.4
praxis der kinderpsychologie und kinderpsychiatrie,Q4,0.3
praxis saber,Q4,0.3
precambrian research,Q2,2.7
precedente,Q4,0.1
precision agriculture,Q1,7.6
precision and future medicine,Q3,0.5
precision chemistry,Q1,7.7
precision clinical medicine,Q1,6.4
precision engineering journal of the international societies for precision engineering and nanotechnology,Q1,4.5
precision medical sciences,Q4,0.6
precision radiation oncology,Q1,3.6
pregnancy hypertension an international journal of womens cardiovascular health,Q3,2
prehospital and disaster medicine,Q1,4.1
prehospital emergency care,Q2,2
prenatal diagnosis,Q1,3.1
preparative biochemistry biotechnology,Q3,2.2
presence virtual and augmented reality,Q3,1.5
present environment and sustainable development,Q3,0.7
presente y pasado revista de historia,Q4,<0.1
preservation,Q4,<0.1
presidential studies quarterly,Q3,1.3
preslia,Q2,3.3
presse medicale,Q1,5
preternature critical and historical studies on the preternatural,,0.1
preventing chronic disease,Q1,5.6
preventing school failure,Q3,1
prevention science,Q2,2.5
preventive medicine,Q1,3.2
preventive medicine reports,Q2,2.8
preventive nutrition and food science,Q3,2.8
preventive veterinary medicine,Q1,2.8
prikladnaya diskretnaya matematika,Q4,0.1
prilozi instituta za arheologiju u zagrebu,,0.1
primary care,Q1,4.1
primary care diabetes,Q2,2.3
primary health care research development,Q2,2
primates,Q2,1.5
primenjena psihologija,Q4,0.6
primerjalna knjizevnost,,0.2
print quarterly,,0.3
prion,Q4,1.7
prism theory and modern chinese literature,,0.2
prisma social,Q3,0.7
prison journal,Q3,1
probabilistic engineering mechanics,Q1,4.1
probability and mathematical statistics poland,Q4,0.1
probability in the engineering and informational sciences,Q3,1.1
probability surveys,Q2,1.8
probability theory and related fields,Q1,1.9
probability uncertainty and quantitative risk,Q3,0.8
probation journal,Q1,2
probiotics and antimicrobial proteins,Q1,5.3
problemas del desarrollo,Q4,0.3
problemele energeticii regionale,Q4,0.2
problemos,,0.3
problems of atomic science and technology,Q4,0.5
problems of education in the 21st century,Q4,0.6
problems of information transmission,Q3,0.9
problems of post communism,Q1,2.5
problemy analiza issues of analysis,Q1,1.3
problemy ekorozwoju,Q4,1.4
problemy istoricheskoi poetiki,,0.3
problemy muzykalnoi nauki music scholarship,,0.1
probus,Q3,1
proceedings of singapore healthcare,Q3,0.5
proceedings of the acm on computer graphics and interactive techniques,Q2,3.1
proceedings of the acm on human computer interaction,Q1,4.9
proceedings of the acm on interactive mobile wearable and ubiquitous technologies imwut,Q1,6.2
proceedings of the acm on measurement and analysis of computing systems,Q2,3.4
proceedings of the acm on programming languages pacmpl,Q2,3.3
proceedings of the american mathematical society,Q2,0.9
proceedings of the american mathematical society series b,Q2,1.1
proceedings of the american philosophical society,,0.3
proceedings of the combustion institute,Q1,4.6
proceedings of the edinburgh mathematical society,Q2,0.8
proceedings of the entomological society of washington,Q4,0.5
proceedings of the estonian academy of sciences,Q3,0.8
proceedings of the geologists association,Q2,1.2
proceedings of the ieee,Q1,30.9
proceedings of the indian academy of sciences mathematical sciences,Q3,0.7
proceedings of the indian national science academy,Q3,1.3
proceedings of the institute of mathematics and mechanics,Q4,0.4
proceedings of the institution of civil engineers bridge engineering,Q4,1
proceedings of the institution of civil engineers civil engineering,Q4,0.6
proceedings of the institution of civil engineers construction materials,Q2,2.5
proceedings of the institution of civil engineers energy,Q4,1.4
proceedings of the institution of civil engineers engineering and computational mechanics,Q4,0.4
proceedings of the institution of civil engineers engineering history and heritage,Q4,0.2
proceedings of the institution of civil engineers engineering sustainability,Q3,2.5
proceedings of the institution of civil engineers forensic engineering,Q4,0.4
proceedings of the institution of civil engineers geotechnical engineering,Q3,1.8
proceedings of the institution of civil engineers ground improvement,Q3,1.3
proceedings of the institution of civil engineers management procurement and law,Q4,1.3
proceedings of the institution of civil engineers municipal engineer,Q4,1.2
proceedings of the institution of civil engineers structures and buildings,Q4,1.2
proceedings of the institution of civil engineers transport,Q3,2
proceedings of the institution of civil engineers urban design and planning,Q2,2.2
proceedings of the institution of civil engineers waste and resource management,Q4,1
proceedings of the institution of civil engineers water management,Q4,1
proceedings of the institution of mechanical engineers part a journal of power and energy,Q3,1.5
proceedings of the institution of mechanical engineers part b journal of engineering manufacture,Q3,2.1
proceedings of the institution of mechanical engineers part c journal of mechanical engineering science,Q3,1.8
proceedings of the institution of mechanical engineers part d journal of automobile engineering,Q3,1.7
proceedings of the institution of mechanical engineers part e journal of process mechanical engineering,Q3,2
proceedings of the institution of mechanical engineers part f journal of rail and rapid transit,Q3,1.9
proceedings of the institution of mechanical engineers part g journal of aerospace engineering,Q3,1.2
proceedings of the institution of mechanical engineers part h journal of engineering in medicine,Q4,1.8
proceedings of the institution of mechanical engineers part i journal of systems and control engineering,Q3,1.6
proceedings of the institution of mechanical engineers part j journal of engineering tribology,Q3,2.2
proceedings of the institution of mechanical engineers part k journal of multi body dynamics,Q3,2.1
proceedings of the institution of mechanical engineers part l journal of materials design and applications,Q3,2.2
proceedings of the institution of mechanical engineers part m journal of engineering for the maritime environment,Q2,1.8
proceedings of the institution of mechanical engineers part n journal of nanomaterials nanoengineering and nanosystems,Q3,4.4
proceedings of the institution of mechanical engineers part o journal of risk and reliability,Q2,1.8
proceedings of the institution of mechanical engineers part p journal of sports engineering and technology,Q4,1.2
proceedings of the japan academy series a mathematical sciences,Q4,0.4
proceedings of the japan academy series b physical and biological sciences,Q2,2.9
proceedings of the linnean society of new south wales,Q4,0.6
proceedings of the london mathematical society,Q1,1.9
proceedings of the national academy of sciences india section a physical sciences,Q3,1.3
proceedings of the national academy of sciences of belarus agrarian series,Q4,0.2
proceedings of the national academy of sciences of the united states of america,Q1,9.5
proceedings of the nutrition society,Q1,7.1
proceedings of the romanian academy series a mathematics physics technical sciences information science,Q4,0.5
proceedings of the royal irish academy section c archaeology celtic studies history linguistics literature,,<0.1
proceedings of the royal society a mathematical physical and engineering sciences,Q2,2.7
proceedings of the royal society b biological sciences,Q1,3.6
proceedings of the royal society of edinburgh section a mathematics,Q2,0.9
proceedings of the steklov institute of mathematics,Q3,0.6
proceedings of the tula states university sciences of earth,Q4,0.1
proceedings of the vldb endowment,Q2,3.8
proceedings of the yorkshire geological society,Q4,0.5
procesamiento del lenguaje natural,Q3,0.9
procesos historicos revista semestral de historia arte y ciencias sociales,Q4,<0.1
procesos revista ecuatoriana de historia,Q4,<0.1
process biochemistry,Q2,4.4
process integration and optimization for sustainability,Q3,2.8
process safety and environmental protection,Q1,7.9
process safety progress,Q4,1.2
processes,Q3,3.4
processes of petrochemistry and oil refining,Q4,1.1
processing and application of ceramics,Q3,1.2
production and manufacturing research an open access journal,Q2,3.8
production and operations management,Q1,4.4
production engineering archives,Q3,2.2
production engineering research and development,Q4,1.9
production planning control,Q1,6.5
profesorado revista de curriculum y formacion de profesorado,Q3,1.1
professional case management,Q4,1.2
professional development in education,Q1,2.9
professional geographer,Q2,1.8
professional psychology research and practice,Q2,1.8
profile issues in teachers professional development,Q3,1
programming and computer software,Q4,0.6
progres en urologie,Q4,1.2
progress in additive manufacturing,Q2,5.2
progress in aerospace sciences,Q1,24.2
progress in artificial intelligence,Q3,3.1
progress in biochemistry and biophysics,Q4,0.3
progress in biomaterials,Q4,1.2
progress in biomedical engineering,Q1,8.5
progress in biophysics molecular biology,Q1,4.5
progress in cardiovascular diseases,Q1,10.6
progress in chemistry,Q3,1.5
progress in community health partnerships research education and action,Q4,0.9
progress in computational fluid dynamics,Q4,0.7
progress in crystal growth and characterization of materials,Q1,5.6
progress in development studies,Q3,1.5
progress in disaster science,Q1,4
progress in earth and planetary science,Q2,3.6
progress in electromagnetics research letters,Q4,0.6
progress in electromagnetics research m,Q4,1.1
progress in electromagnetics research pier,Q1,6.7
progress in energy,Q2,7.2
progress in energy and combustion science,Q1,41.3
progress in human geography,Q1,7
progress in lipid research,Q1,18.1
progress in materials science,Q1,42.9
progress in natural science materials international,Q1,7.4
progress in neuro psychopharmacology biological psychiatry,Q1,4.2
progress in neurobiology,Q1,4.6
progress in neurology and psychiatry,Q4,0.3
progress in nuclear energy,Q1,3.2
progress in nuclear magnetic resonance spectroscopy,Q1,9.6
progress in oceanography,Q1,3.9
progress in organic coatings,Q1,7.9
progress in orthodontics,Q1,6.3
progress in palliative care,Q4,0.7
progress in particle and nuclear physics,Q1,15.9
progress in pediatric cardiology,Q4,0.4
progress in photovoltaics,Q1,10.2
progress in physical geography earth and environment,Q2,3.5
progress in planning,Q1,8.3
progress in polymer science,Q1,32.8
progress in quantum electronics,Q1,10.8
progress in reaction kinetics and mechanism,Q1,13.8
progress in rehabilitation medicine,Q3,1.3
progress in retinal and eye research,Q1,16.2
progress in rubber plastics and recycling technology,Q3,2.1
progress in solid state chemistry,Q1,9.7
progress in superconductivity and cryogenics,Q4,0.2
progress in surface science,Q1,6.5
progress in transplantation,Q3,1.1
progress of theoretical and experimental physics,Q2,2.4
progress on chemistry and application of chitin and its derivatives,Q4,0.8
project leadership and society,Q1,4.2
project management journal,Q2,4.9
prolegomena,,<0.1
prolegomenos derechos y valores,Q4,0.1
promet traffic transportation,Q4,1.4
prometeica revista de filosofia y ciencias,,0.2
prooftexts a journal of jewish literary history,,0.1
propagation of ornamental plants,Q4,0.3
propellants explosives pyrotechnics,Q3,2.2
property management,Q3,1.6
propulsion and power research,Q1,6.7
prose studies history theory criticism,,0.1
prospectiva,Q4,0.5
prospects in pharmaceutical sciences,Q3,2.3
prostaglandins leukotrienes and essential fatty acids,Q3,2.4
prostaglandins other lipid mediators,Q3,2.6
prostate,Q2,2.7
prostate cancer,Q4,1.8
prostate cancer and prostatic diseases,Q1,6.9
prostate international,Q1,4
prosthesis,Q3,2.9
prosthetics and orthotics international,Q3,1.4
prostor,,0.2
protection and control of modern power systems,Q1,13.8
protection of metals and physical chemistry of surfaces,Q4,1.1
protein and peptide letters,Q3,2.5
protein cell,Q1,18.2
protein engineering design selection,Q2,3.5
protein expression and purification,Q4,1.8
protein journal,Q4,1.9
protein science,Q1,5.6
proteins structure function and bioinformatics,Q2,3.3
proteomes,Q2,4.3
proteomics,Q2,4.1
proteomics clinical applications,Q2,2.9
protist,Q4,1.9
protoplasma,Q2,2.7
proyecto progreso arquitectura,,0.1
prx quantum,Q1,12.3
przeglad dermatologiczny,Q3,1.4
przeglad nauk historycznych review of historical sciences,Q3,0.2
przeglad sejmowy,Q4,0.1
przeglad socjologii jakosciowej,Q4,0.4
przemysl chemiczny,Q4,0.2
ps political science politics,Q1,2.9
psi chi journal of psychological research,Q4,0.8
psicodebate psicologia cultura y sociedad,Q4,0.3
psicologia clinica dello sviluppo,Q4,0.6
psicologia conocimiento y sociedad,Q4,0.2
psicologia educativa,Q2,2.1
psicologia reflexao e critica,Q2,2.5
psicologia sociale,Q4,0.5
psicologica,Q4,1
psicothema,Q1,4.1
psihologija,Q3,1.6
psihologijske teme,Q4,0.6
psikhologicheskaya nauka i obrazovanie psychological science and education,Q4,0.5
psikhologicheskii zhurnal,Q4,0.7
psl quarterly review,Q4,0.6
psoriasis targets and therapy,Q2,3.4
psyart journal online journal for the psychological study of the arts,Q4,<0.1
psych journal,Q3,1.5
psyche a journal of entomology,Q2,1.4
psyche zeitschrift fur psychoanalyse und ihre anwendungen,Q3,0.3
psychedelic medicine,Q1,5
psychiatria i psychologia kliniczna journal of psychiatry and clinical psychology,Q4,0.4
psychiatria polska,Q3,1.5
psychiatric annals,Q4,0.8
psychiatric clinics of north america,Q2,3.8
psychiatric genetics,Q4,1.4
psychiatric quarterly,Q2,2.6
psychiatric rehabilitation journal,Q2,1.9
psychiatric services,Q1,3.3
psychiatrie de l enfant,Q4,<0.1
psychiatrische praxis,Q4,0.9
psychiatry and behavioral sciences,Q4,0.6
psychiatry and clinical neurosciences,Q1,5.9
psychiatry and clinical neurosciences reports,Q4,1.3
psychiatry and clinical psychopharmacology,Q3,1.6
psychiatry international,Q3,1.8
psychiatry interpersonal and biological processes,Q3,1.9
psychiatry investigation,Q3,2
psychiatry psychology and law,Q1,1.6
psychiatry research,Q1,5.1
psychiatry research communications,Q3,1.5
psychiatry research neuroimaging,Q3,2.4
psycho oncologie,Q4,0.5
psycho oncology,Q1,3.9
psychoanalysis and history,Q2,0.3
psychoanalysis culture society,Q3,0.7
psychoanalysis self and context,Q2,1
psychoanalytic dialogues,Q1,1.1
psychoanalytic inquiry,Q2,0.7
psychoanalytic psychology,Q1,1.3
psychoanalytic psychotherapy,Q1,2.1
psychoanalytic quarterly,Q1,1.1
psychoanalytic social work,Q4,0.2
psychoanalytic study of the child,Q1,1.5
psychodynamic practice,Q3,0.3
psychogeriatrics,Q3,2.1
psycholinguistics,Q3,0.6
psychologia,Q4,0.5
psychologica,Q4,0.4
psychologica belgica,Q2,1.8
psychological assessment,Q1,3.1
psychological bulletin,Q1,19.9
psychological injury law,Q1,3.1
psychological inquiry,Q1,4.3
psychological medicine,Q1,5.2
psychological methods,Q1,7.5
psychological perspectives a quarterly journal of jungian thought,Q4,0.1
psychological record,Q3,1.1
psychological reports,Q2,1.9
psychological research psychologische forschung,Q3,2.1
psychological review,Q1,5.7
psychological science,Q1,5.4
psychological science in the public interest,Q1,17.6
psychological services,Q3,1.8
psychological studies,Q3,1.1
psychological trauma theory research practice and policy,Q2,2.8
psychologie du travail et des organisations,Q4,0.7
psychologie francaise,Q4,0.7
psychologie in erziehung und unterricht,Q4,0.8
psychologische rundschau,Q3,1.3
psychologist,Q4,0.2
psychology and aging,Q1,3.6
psychology and developing societies,Q3,1.3
psychology and law,Q4,0.5
psychology and psychotherapy theory research and practice,Q1,3.4
psychology crime law,Q1,2
psychology health,Q2,2
psychology health medicine,Q2,2.2
psychology in russia state of the art,Q2,1.7
psychology in the schools,Q2,2.2
psychology journal of the higher school of economics,Q4,0.6
psychology learning and teaching plat,Q3,0.9
psychology marketing,Q1,8.2
psychology of addictive behaviors,Q1,2.8
psychology of aesthetics creativity and the arts,Q2,3
psychology of consciousness theory research and practice,Q4,1.5
psychology of leaders and leadership,Q4,1.2
psychology of men masculinities,Q3,2.1
psychology of music,Q3,1.5
psychology of popular media,Q2,2.2
psychology of religion and spirituality,Q2,1.8
psychology of sexual orientation and gender diversity,Q1,3.4
psychology of sport and exercise,Q1,3.9
psychology of violence,Q2,1.9
psychology of women quarterly,Q1,3.4
psychology public policy and law,Q1,1.5
psychology research and behavior management,Q1,4.5
psychology sexuality,Q3,1.6
psychology society education,Q3,1.3
psychometrika,Q1,2.9
psychoneuroendocrinology,Q2,3.4
psychonomic bulletin review,Q1,3.1
psychopathology,Q2,3.1
psychopharmacology,Q2,3.3
psychophysiology,Q1,3.2
psychoradiology,Q1,7.4
psychosis psychological social and integrative approaches,Q4,0.6
psychosocial intervention,Q1,6
psychosomatic medicine,Q2,2.8
psychoterapia,Q4,0.1
psychotherapie,Q4,0.8
psychotherapie psychosomatik medizinische psychologie,Q4,0.8
psychotherapy,Q1,3.3
psychotherapy and politics international,Q3,0.9
psychotherapy and psychosomatics,Q1,9
psychotherapy research,Q1,3.8
psyecology bilingual journal of environmental psychology revista bilingue de psicologia ambiental,Q3,1.5
pteridines,Q4,0.7
public administration,Q1,4.7
public administration and development,Q1,3.3
public administration and policy an asia pacific journal,Q2,1.6
public administration review,Q1,5.9
public and private international law bulletin,Q4,0.1
public archaeology,,0.4
public art culture ideas,,0.1
public budgeting and finance,Q4,0.7
public choice,Q2,2.4
public culture,Q2,1.1
public finance quarterly hungary,Q4,0.3
public finance review,Q3,1
public health,Q1,3.5
public health action,Q3,1.6
public health challenges,Q3,1.8
public health ethics,Q1,4.3
public health genomics,Q2,2.2
public health in practice,Q2,2.2
public health nursing,Q3,1.8
public health nutrition,Q2,3
public health reports,Q2,2.3
public health research practice,Q2,2.2
public health reviews,Q1,5.2
public historian,Q2,0.3
public history review,Q2,0.3
public integrity,Q3,1.4
public law review,Q3,0.5
public library quarterly,Q2,1.8
public management review,Q1,5.2
public money management,Q2,2.6
public opinion quarterly,Q1,4.6
public organization review,Q3,1.4
public performance management review,Q1,3.9
public personnel management,Q2,3.2
public policy and administration,Q1,5.5
public relations inquiry,Q1,2.7
public relations review,Q1,4.4
public sector economics,Q4,0.6
public transport,Q2,3.2
public understanding of science,Q1,4.3
public works management policy,Q3,1.9
publicacion electronica de la asociacion paleontologica argentina,Q4,0.9
publicacions matematiques,Q3,0.7
publicationes mathematicae debrecen,Q3,0.5
publications,Q1,3.4
publications de l institut mathematique beograd,Q3,0.5
publications mathematiques de l ihes,Q1,3.3
publications of the astronomical society of australia,Q2,4
publications of the astronomical society of japan,Q2,2.7
publications of the astronomical society of the pacific,Q1,6.8
publications of the english goethe society,,0.1
publications of the research institute for mathematical sciences,Q3,0.5
publishing history,Q3,0.2
publishing research quarterly,Q3,1.3
publius the journal of federalism,Q1,2.5
puerto rico health sciences journal,Q4,0.3
pulmonary circulation,Q2,2.4
pulmonary medicine,Q3,1.9
pulmonary pharmacology therapeutics,Q2,3.8
pulmonary therapy,Q2,3.4
pulmonology,Q1,5.3
pulp paper canada,Q4,0.2
pulse,Q2,3.4
punishment society international journal of penology,Q2,1.8
punjab university journal of mathematics,Q2,0.9
punto genero,Q4,0.1
pure and applied analysis,Q1,1.8
pure and applied chemistry,Q3,1.7
pure and applied geophysics,Q2,2.1
pure and applied mathematics quarterly,Q2,0.9
purinergic signalling,Q3,2.5
pythagoras,Q4,0.6
q open,Q2,2.3
qjm an international journal of medicine,Q1,8.9
qme quantitative marketing and economics,Q2,2.5
quaderni d italianistica,,<0.1
quaderni di geofisica,Q4,0.2
quaderni storici,Q2,0.3
quaderni urbinati di cultura classica,,<0.1
quaderns de filologia estudis linguistics,,0.4
quaderns de filologia estudis literaris,,0.1
quaderns de psicologia,Q4,0.3
quaderns revista de traduccio,,0.1
quaerendo a journal devoted to manuscripts and printed books,,0.1
quaestio iuris,Q4,0.1
quaestio rossica,,0.3
quaestiones geographicae,Q3,1.2
quaestiones mathematicae,Q2,0.9
qualitative health research,Q1,3.1
qualitative inquiry,Q1,2.5
qualitative market research,Q3,3.1
qualitative psychology,Q2,2.5
qualitative quantitative methods in libraries,Q4,0.2
qualitative report,Q2,1.2
qualitative research,Q1,2.9
qualitative research in accounting and management,Q2,2.8
qualitative research in education,Q3,1
qualitative research in financial markets,Q2,2.8
qualitative research in organizations and management,Q4,1.4
qualitative research in psychology,Q1,4.9
qualitative research in sport exercise and health,Q1,3.4
qualitative research journal,Q1,2.1
qualitative social work,Q1,2.2
qualitative sociology,Q2,1.6
qualitative sociology review,Q3,0.7
qualitative theory of dynamical systems,Q1,3.2
quality and reliability engineering international,Q2,2.8
quality assurance and safety of crops foods,Q2,4.5
quality assurance in education,Q2,2.1
quality education for all,Q2,1.7
quality engineering,Q1,2.6
quality in ageing and older adults,Q4,0.9
quality in higher education,Q2,2
quality innovation prosperity kvalita inovacia prosperita,Q4,1.3
quality management in health care,Q4,1.4
quality management journal,Q2,3.6
quality of life research,Q1,3.4
quality technology and quantitative management,Q1,2.8
quantitative biology,Q3,2.2
quantitative economics,Q2,2.3
quantitative finance,Q2,1.9
quantitative finance and economics,Q3,1.7
quantitative imaging in medicine and surgery,Q2,2.8
quantitative infrared thermography journal,Q1,4.4
quantitative methods for psychology,Q2,1.5
quantitative plant biology,Q2,2.1
quantitative science studies,Q1,5.6
quantum,Q1,5.3
quantum beam science,Q3,1.3
quantum information computation,Q2,1.6
quantum information processing,Q2,2.2
quantum machine intelligence,Q2,4.6
quantum reports,Q4,1.8
quantum science and technology,Q1,4.9
quantum studies mathematics and foundations,Q3,0.9
quantum topology,Q1,2.2
quarterly journal of economics,Q1,13.1
quarterly journal of engineering geology and hydrogeology,Q4,1.2
quarterly journal of experimental psychology,Q3,1.8
quarterly journal of finance,Q4,0.7
quarterly journal of mathematics,Q2,0.8
quarterly journal of mechanics and applied mathematics,Q3,0.8
quarterly journal of nuclear medicine and molecular imaging,Q3,1.4
quarterly journal of political science,Q2,1.7
quarterly journal of speech,Q3,1.3
quarterly journal of the royal meteorological society,Q2,3.3
quarterly of applied mathematics,Q4,0.7
quarterly review of biology,Q2,3
quarterly review of economics and finance,Q1,3.4
quarterly reviews of biophysics,Q1,6.1
quaternaire,Q4,0.5
quaternary,Q3,2
quaternary geochronology,Q3,2.1
quaternary international,Q3,2.2
quaternary research,Q3,2.3
quaternary science advances,Q2,3.4
quaternary science reviews,Q2,3.3
queen mary journal of intellectual property,Q3,0.3
queens law journal,Q3,0.5
queens quarterly,,<0.1
quest,Q2,2.2
quest issues in contemporary jewish history,Q3,0.2
question,Q4,0.1
questions vives recherches en education,Q4,<0.1
quetes litteraires,,0.1
queueing systems,Q4,0.8
quimica nova,Q4,0.9
quintana revista do departamento de historia da arte,,<0.1
quintessence international,Q3,1.4
quinzaines lettres arts et idees,,<0.1
quiroga revista de patrimonio iberoamericano,,0.1
qwerty,Q4,0.3
r d management,Q2,5
r journal,Q3,1.1
ra revista de arquitectura,,0.3
rabels zeitschrift fur auslandisches und internationales privatrecht,Q4,0.1
racar revue d art canadienne canadian art review,,0.1
race and justice,Q2,1.5
race and social problems,Q1,2
race class,Q1,2.9
race ethnicity and education,Q1,2.3
rad hrvatske akademije znanosti i umjetnosti matematicke znanosti,Q4,0.4
radiation and environmental biophysics,Q2,2.4
radiation detection technology and methods,Q2,2
radiation effects and defects in solids,Q3,1.6
radiation measurements,Q2,1.8
radiation oncology,Q1,3.6
radiation oncology journal,Q3,2.4
radiation physics and chemistry,Q1,3.5
radiation protection dosimetry,Q4,0.8
radiation research,Q2,2.4
radical history review,Q1,0.9
radical philosophy,Q2,2
radical teacher,Q3,0.7
radio electronics computer science control,Q4,0.3
radio science,Q3,1.6
radiocarbon,Q3,1.3
radiochemistry,Q4,0.9
radiochimica acta,Q3,1.6
radioengineering,Q4,1
radiographics,Q1,6.2
radiography,Q2,2.7
radiologia,Q3,1.5
radiologia medica,Q1,5.3
radiologic clinics of north america,Q3,2.1
radiologic technology,Q4,0.6
radiological physics and technology,Q3,1.6
radiologie,Q4,0.7
radiology,Q1,17.6
radiology advances,Q3,1.8
radiology and oncology,Q2,2.3
radiology artificial intelligence,Q1,20.1
radiology cardiothoracic imaging,Q1,4.5
radiology imaging cancer,Q1,7.2
radiology research and practice,Q3,1.4
radiophysics and quantum electronics,Q4,0.8
radioprotection,Q2,1.8
radiotherapy and oncology,Q1,5.8
radovi instituta za povijest umjetnosti journal of the institute of art history,,<0.1
radovi zavoda za povijesne znanosti hazu u zadru,Q2,0.3
rae revista de administracao de empresas,Q4,0.6
rael revista electronica de linguistica aplicada,Q4,0.3
raffles bulletin of zoology,Q3,1
ragion pratica,,<0.1
railway engineering science,Q2,5.2
rairo operations research,Q4,1.5
rairo theoretical informatics and applications,Q4,0.6
rajagiri management journal,Q3,2.9
ramanujan journal,Q2,0.8
rambam maimonides medical journal,Q2,2
rand journal of economics,Q2,2.6
random matrices theory and applications,Q3,0.9
random operators and stochastic equations,Q4,0.5
random structures algorithms,Q2,1.1
range management and agroforestry,Q4,0.7
rangeland ecology management,Q2,2.9
rapid communications in mass spectrometry,Q3,1.8
rapid prototyping journal,Q2,3.3
rare disease and orphan drugs journal,Q3,1.9
rare metal materials and engineering,Q3,1.2
rare metals,Q1,12.1
rare tumors,Q4,1.2
raritan a quarterly review,,0.1
ras techniques and instruments,Q2,2.5
rasp research on ageing and social policy,Q4,1
rasprave,,0.1
rassegna della letteratura italiana,,<0.1
rassegna storica del risorgimento,Q3,0.1
ratio,,0.7
ratio juris,Q4,0.2
rational pharmacotherapy in cardiology,Q4,0.2
rationality and society,Q3,1.4
raumforschung und raumordnung spatial research and planning,Q3,1.2
rausp management journal,Q3,2
rawal medical journal,Q4,0.1
razon historica revista hispanoamericana de historia de las ideas,Q4,<0.1
rbgn revista brasileira de gestao de negocios,Q4,1.1
rbne revista brasileira de nutricao esportiva,Q4,0.3
rbone revista brasileira de obesidade nutricao e emagrecimento,Q4,0.1
rbrh revista brasileira de recursos hidricos,Q4,0.9
rdbci revista digital de biblioteconomia e ciencia da informacao,Q3,0.5
reaction chemistry engineering,Q3,2.9
reaction kinetics mechanisms and catalysis,Q4,2.1
reactions,Q2,4
reactive functional polymers,Q1,5.4
reading and writing,Q2,2.3
reading in a foreign language,Q2,1.3
reading psychology,Q3,1.5
reading research quarterly,Q1,3.8
reading teacher,Q2,1.7
reading writing journal of the reading association of south africa,Q2,1.4
reading writing quarterly,Q2,1.5
real analysis exchange,Q3,0.6
real estate economics,Q2,2.5
real estate management and valuation,Q3,1.1
real time systems,Q2,2.1
rec interventional cardiology,Q3,1.5
recall,Q1,7.7
recent advances in electrical electronic engineering,Q4,0.9
recent advances in inflammation allergy drug discovery,Q4,1.5
recent contributions to physics,Q4,0.3
recent patents on anti cancer drug discovery,Q3,2.4
recent patents on nanotechnology,Q3,2.9
recent period turkish studies yakin donem turkiye arastirmalari,Q4,<0.1
reception texts readers audiences history,,0.3
recerca revista de pensament analisi,,0.8
recherche en soins infirmiers,Q4,0.1
recherche et applications en marketing english edition,Q4,1.1
recherche et pratiques pedagogiques en langues de specialite cahiers de l apliut,Q4,0.1
recherches de theologie et philosophie medievales,,0.1
recherches sociographiques,Q4,0.3
recht psychiatrie,Q4,0.5
rechtsmedizin,Q4,0.9
records management journal,Q3,1.4
records of natural products,Q3,1.4
records of the australian museum,Q3,0.8
recreational sports journal,Q3,1.3
recycling,Q3,5.2
red revista de educacion a distancia,Q2,1.5
red revista electronica de direito,Q4,<0.1
redes,Q3,0.5
redescriptions political thought conceptual history and feminist theory,Q4,0.4
redhecs revista electronica de humanidades educacion y comunicacion social,Q4,0.3
redia journal of zoology,Q4,0.6
redimat revista de investigacion en didactica de las matematicas,Q4,0.6
redox biology,Q1,16.2
redox experimental medicine,Q3,2.4
redox report,Q1,6.9
redu revista de docencia universitaria,Q3,0.9
reference services review,Q3,1.3
reflective practice,Q2,1.8
reformation,,0.6
reformation renaissance review,,0.4
refractories and industrial ceramics,Q4,0.3
refuge,Q4,1
refugee survey quarterly,Q2,2.1
rege revista de gestao,Q4,1.3
regenerative biomaterials,Q1,8.7
regenerative engineering and translational medicine,Q2,3.1
regenerative medicine,Q3,3
regenerative therapy,Q2,4
region,Q2,1.2
region et developpement,Q4,0.2
regional and federal studies,Q2,1.8
regional anesthesia and pain medicine,Q1,4
regional environmental change,Q2,4.2
regional science and urban economics,Q2,2.6
regional science policy and practice,Q1,3.8
regional statistics,Q3,1
regional studies,Q1,5.9
regional studies in marine science,Q1,2.7
regional studies regional science,Q2,2
regional sustainability,Q1,5.9
regionologiya regionology russian journal of regional studies,Q3,0.5
register journal,Q2,1.2
register of the kentucky historical society,Q3,0.2
register studies,Q2,1.5
regular chaotic dynamics,Q3,0.8
regulation governance,Q1,5.2
regulatory mechanisms in biosystems,Q4,0.8
regulatory toxicology and pharmacology,Q1,4.3
rehabilitacion,Q4,0.6
rehabilitation,Q1,2.4
rehabilitation counseling bulletin,Q2,1.9
rehabilitation nursing,Q3,1.1
rehabilitation oncology,Q4,0.8
rehabilitation psychology,Q2,2
rehabilitation research policy and education,Q4,0.5
reice revista electronica de investigacion en ciencias economicas,Q4,0.2
reice revista iberoamericana sobre calidad eficacia y cambio en educacion,Q2,1.5
reidocrea revista eectronica de investigacion y docencia creativa,Q4,0.2
rejuvenation research,Q4,1.8
relaciones,Q3,0.8
relaciones internacionales,Q4,0.2
relaciones internacionales madrid,Q4,0.1
relations industrielles industrial relations,Q4,0.3
relc journal,Q1,7.2
reliability engineering system safety,Q1,13.7
relieve revista electronica de investigacion y evaluacion educativa,Q2,2.3
religion,,1.1
religion and society advances in research,,0.2
religion and the arts,,0.1
religion and theology a journal of contemporary religious discourse,,0.2
religion brain behavior,,4.7
religion compass,,0.8
religion education,,0.7
religion human rights,,0.3
religion literature,,0.2
religion state society,,1.2
religioni e societa rivista di scienze sociali della religione,,0.1
religions,,0.6
religions of south asia,,0.4
religious education,,0.5
religious inquiries,,0.2
religious studies,,0.5
religious studies and theology,,0.1
religious studies review,,0.1
remate de males,,<0.1
remea revista eletronica do mestrado em educacao ambiental,Q4,0.1
remedial and special education,Q2,1.8
remediation the journal of environmental cleanup costs technologies techniques,Q3,2.5
remie multidisciplinary journal of educational research,Q3,0.8
remote sensing,Q1,4.3
remote sensing applications society and environment,Q2,4.9
remote sensing in ecology and conservation,Q1,5.2
remote sensing letters,Q4,1.5
remote sensing of environment,Q1,12.3
renaissance and reformation,,0.3
renaissance quarterly,,1
renaissance studies,,0.2
renal failure,Q1,3.8
renal replacement therapy,Q3,1.4
renascence essays on values in literature,,0.2
rendiconti del circolo matematico di palermo,Q2,0.9
rendiconti del seminario matematico della universita di padova,Q4,0.4
rendiconti lincei matematica e applicazioni,Q3,0.7
rendiconti lincei scienze fisiche e naturali,Q2,2.7
rendiconti online della societa geologica italiana,Q4,0.6
renewable agriculture and food systems,Q2,2.4
renewable and sustainable energy transition,Q2,6
renewable energy,Q1,9.1
renewable energy focus,Q1,10.8
renewable energy research and applications,Q4,1.4
renewable sustainable energy reviews,Q1,18
reports clinical practice and surgical cases,Q3,0.5
reports of biochemistry and molecular biology,Q4,1.5
reports of forestry research zpravy lesnickeho vyzkumu,Q4,0.6
reports of practical oncology and radiotherapy,Q3,1.7
reports on geodesy and geoinformatics,Q4,1.1
reports on mathematical logic,Q4,<0.1
reports on mathematical physics,Q4,1
reports on progress in physics,Q1,15.4
representation,Q2,1.8
representation theory,Q2,0.9
representations,Q2,0.8
reproduction,Q2,3.4
reproduction and fertility,Q1,3.8
reproduction fertility and development,Q1,2.3
reproduction in domestic animals,Q2,1.7
reproductive and developmental medicine,Q4,1.2
reproductive biology,Q3,2.5
reproductive biology and endocrinology,Q1,5.7
reproductive biomedicine online,Q1,3.9
reproductive health,Q1,3.4
reproductive medicine,Q4,0.9
reproductive medicine and biology,Q1,4.3
reproductive sciences,Q2,2.8
reproductive toxicology,Q2,3.4
requirements engineering,Q2,3.3
res futurae revue d etudes sur la science fiction,,0.1
res mobilis international research journal of furniture and decorative objects,,0.2
res publica a journal of moral legal and political philosophy,,1.2
res publica revista de filosofia politica,,0.1
res rhetorica,,0.2
research,Q1,12.9
research and practice for persons with severe disabilities,Q2,1.9
research and practice in intellectual and developmental disabilities,Q2,1.7
research and practice in technology enhanced learning,Q1,2.9
research and practice in thrombosis and haemostasis,Q2,3.5
research and reports in tropical medicine,Q3,2.7
research and reports in urology,Q2,2.4
research and theory for nursing practice,Q3,1.1
research ethics,Q1,2.9
research evaluation,Q2,2.7
research in african literatures,,0.2
research in astronomy and astrophysics,Q2,2.6
research in autism,,N/A
research in autism spectrum disorders,Q1,2.4
research in biomedical engineering and technology,,N/A
research in cardiovascular medicine,Q4,0.1
research in cold and arid regions,Q2,3.5
research in comparative and international education,Q2,1.8
research in dance education,,1
research in developmental disabilities,Q1,2.9
research in economics,Q3,1.1
research in education,Q1,2.6
research in education and learning innovation archives realia,Q3,1
research in educational administration leadership,Q3,1
research in engineering design,Q1,3.5
research in gerontological nursing,Q2,2
research in globalization,Q1,5.3
research in higher education,Q2,2.2
research in human development,Q4,1.3
research in international business and finance,Q1,7.6
research in learning technology,Q2,2.1
research in marine sciences,Q4,0.3
research in mathematics,Q1,1.8
research in mathematics education,Q3,1.1
research in microbiology,Q2,4.4
research in nondestructive evaluation,Q3,1.3
research in number theory,Q2,0.8
research in nursing health,Q1,2.8
research in organizational behavior,Q2,3.3
research in pharmaceutical sciences,Q3,2.3
research in phenomenology,,0.2
research in post compulsory education,Q3,1.1
research in psychotherapy psychopathology process and outcome,Q1,3.5
research in science education,Q1,3.1
research in science technological education,Q2,2
research in social administrative pharmacy,Q1,3.4
research in social stratification and mobility,Q2,2.4
research in sport education and sciences,Q4,0.2
research in sports medicine,Q2,2.4
research in the mathematical sciences,Q1,1.2
research in the teaching of english,Q2,1.6
research in transportation business and management,Q2,4.8
research in transportation economics,Q1,4.2
research in veterinary science,Q2,2.1
research integrity and peer review,Q1,9.6
research involvement and engagement,Q1,4.1
research journal of biotechnology,Q4,0.4
research journal of pharmacognosy,Q4,1
research journal of textile and apparel,Q2,1.9
research methods in applied linguistics,Q1,5.5
research on aging,Q2,2.2
research on chemical intermediates,Q2,3.3
research on child and adolescent psychopathology,Q2,2.7
research on language and social interaction,Q1,2.8
research on social work practice,Q1,2.1
research on world agricultural economy,Q3,1.5
research papers in education,Q2,2.1
research policy,Q1,8.9
research politics,Q1,4.7
research quarterly for exercise and sport,Q2,2.1
research reports in clinical cardiology,Q4,0.8
research studies in music education,,1.9
research synthesis methods,Q1,8
research technology management,Q2,3.1
residential treatment for children youth,Q4,1.1
resilient cities and structures,Q1,4.7
resonance journal of science education,Q4,0.4
resonancias,,0.5
resource and energy economics,Q1,3.1
resource geology,Q4,0.6
resources basel,Q2,4.3
resources chemicals and materials,Q1,10.4
resources conservation and recycling,Q1,10.4
resources conservation recycling advances,Q1,8.3
resources environment and sustainability,Q1,9.2
respiration,Q2,2.6
respiratory care,Q3,2.3
respiratory investigation,Q3,2.1
respiratory medicine,Q2,3.3
respiratory medicine and research,Q3,2.1
respiratory medicine case reports,Q4,0.7
respiratory physiology neurobiology,Q3,1.9
respiratory research,Q1,5.7
respirology,Q1,7.2
respirology case reports,Q4,0.7
responsive materials,Q1,22.9
restaurator international journal for the preservation of library and archival material,Q3,0.9
restoration ecology,Q2,2.7
restorative dentistry and endodontics,Q2,2.9
restorative neurology and neuroscience,Q4,1.8
results in applied mathematics,Q2,1.5
results in chemistry,Q2,5.8
results in control and optimization,Q1,3.8
results in engineering,Q1,9.4
results in mathematics,Q2,1.1
results in optics,Q2,3.3
results in surfaces and interfaces,Q2,6.2
resuscitation,Q1,6
resuscitation plus,Q2,3.1
retail and marketing review,Q4,0.5
rethinking history,Q1,0.8
rethinking marxism a journal of economics culture society,Q4,0.3
reti medievali rivista,,0.3
reti saperi linguaggi italian journal of cognitive sciences,,0.2
retina the journal of retinal and vitreous diseases,Q3,2.1
retos revista de ciencias de la administracion y economia,Q3,1.3
retrovirology,Q1,4.1
reumatismo,Q4,1.2
reumatologia,Q3,2.5
reumatologia clinica,Q3,1.5
reunir revista de administracao contabilidade e sustentabilidade,Q4,0.1
rev rene,Q4,0.3
revell revista de estudos literarios da uems,,<0.1
rever revista de estudos da religiao,,0.1
revesco revista de estudios cooperativos,Q3,0.9
review expositor,,0.1
review journal of autism and developmental disorders,Q1,3.5
review literature and arts of the americas,,<0.1
review of accounting and finance,Q1,4.6
review of accounting studies,Q1,5.7
review of african political economy,Q1,2.4
review of agrarian studies,Q4,0.4
review of asset pricing studies,Q3,1.3
review of austrian economics,Q3,1
review of behavioral economics,Q4,0.6
review of behavioral finance,Q3,1.7
review of central and east european law,Q3,0.4
review of cognitive linguistics,Q3,0.6
review of communication research,Q3,0.9
review of corporate finance studies,Q2,2
review of derivatives research,Q3,1.2
review of development economics,Q2,2.4
review of development finance,Q4,0.6
review of economic analysis,Q4,0.4
review of economic design,Q4,0.4
review of economic dynamics,Q2,2
review of economic perspectives,Q4,0.4
review of economic studies,Q1,9.7
review of economics and political science,Q2,2.2
review of economics and statistics,Q1,7.7
review of economics of the household,Q3,1.5
review of education,Q1,4
review of education pedagogy and cultural studies,Q3,1.1
review of educational research,Q1,8.6
review of english studies,,0.3
review of environmental economics and policy,Q1,3.7
review of european and comparative law,Q3,0.3
review of european comparative international environmental law,Q1,2.4
review of faith international affairs,,0.8
review of finance,Q1,7.2
review of financial economics,Q3,1.9
review of financial studies,Q1,7.6
review of general psychology,Q1,2.9
review of higher education,Q1,2.5
review of income and wealth,Q2,1.7
review of industrial organization,Q3,1
review of international business and strategy,Q3,2.6
review of international economics,Q2,1.8
review of international organizations,Q1,3.7
review of international political economy,Q1,5
review of international studies,Q1,3.1
review of keynesian economics,Q2,2.3
review of korean studies,,0.1
review of law economics,Q3,0.5
review of managerial science,Q1,11.4
review of metaphysics,,0.2
review of middle east studies,Q4,0.2
review of network economics,Q4,0.3
review of pacific basin financial markets and policies,Q4,0.3
review of palaeobotany and palynology,Q2,1.7
review of philosophy and psychology,Q2,1.8
review of policy research,Q1,4.4
review of political economy,Q2,2
review of public personnel administration,Q2,2.4
review of quantitative finance and accounting,Q2,2.2
review of rabbinic judaism,,0.4
review of radical political economics,Q4,0.6
review of regional research jahrbuch fur regionalwissenschaft,Q1,3.1
review of regional studies,Q3,0.9
review of religion and chinese society,,0.4
review of religious research,Q3,1.2
review of research in education,Q1,3
review of scientific instruments,Q3,1.6
review of social economy,Q4,0.7
review of socionetwork strategies,Q4,1.5
review of symbolic logic,Q2,0.7
review of world economics,Q2,1.9
reviews and research in medical microbiology,Q4,0.4
reviews in american history,Q2,0.3
reviews in analytical chemistry,Q1,6.3
reviews in anthropology,Q4,0.3
reviews in aquaculture,Q1,13.8
reviews in cardiovascular medicine,Q3,2.2
reviews in chemical engineering,Q2,4.3
reviews in endocrine metabolic disorders,Q1,8.7
reviews in environmental science and bio technology,Q1,15.1
reviews in fish biology and fisheries,Q1,4.7
reviews in fisheries science aquaculture,Q1,7.8
reviews in inorganic chemistry,Q1,5.8
reviews in mathematical physics,Q3,1.3
reviews in medical virology,Q1,5.5
reviews in the neurosciences,Q1,4.8
reviews of environmental contamination and toxicology,Q1,8.3
reviews of geophysics,Q1,38.5
reviews of modern physics,Q1,48.9
reviews of modern plasma physics,Q1,5.4
reviews on advanced materials science,Q2,5.1
reviews on environmental health,Q1,5.2
reviews on recent clinical trials,Q4,1.2
revija za kriminalistiko in kriminologijo,Q4,0.4
revija za socijalnu politiku,Q4,0.2
revista 180,,<0.1
revista academica da faculdade de direito do recife,Q4,<0.1
revista acta geografica,Q4,<0.1
revista administracao em dialogo,Q4,0.1
revista agrogeoambiental,Q4,0.3
revista ambiente contabil,Q4,0.1
revista andina de estudios politicos,Q4,<0.1
revista argentina de ciencias del comportamiento,Q4,0.4
revista argentina de historiografia linguistica,,0.1
revista argentina de microbiologia,Q3,2.4
revista artemis,Q4,<0.1
revista arvore,Q4,1
revista biblica,,0.1
revista bio ciencias,Q4,0.4
revista boliviana de derecho,Q4,<0.1
revista brasileira de ciencia do solo,Q3,2
revista brasileira de ciencias agrarias agraria,Q4,0.4
revista brasileira de ciencias ambientais,Q4,0.7
revista brasileira de computacao aplicada,Q4,0.2
revista brasileira de direito,Q3,0.4
revista brasileira de direito processual penal,Q3,0.5
revista brasileira de educacao do campo brazilian journal of rural education,Q4,0.1
revista brasileira de enfermagem,Q3,1.2
revista brasileira de engenharia agricola e ambiental,Q3,1.3
revista brasileira de entomologia,Q3,1
revista brasileira de epidemiologia,Q3,1.6
revista brasileira de estudos politicos,Q4,<0.1
revista brasileira de farmacognosia brazilian journal of pharmacognosy,Q3,1.7
revista brasileira de fruticultura,Q4,0.9
revista brasileira de futsal e futebol,Q4,0.2
revista brasileira de geomorfologia,Q4,0.5
revista brasileira de ginecologia e obstetricia,Q3,1.7
revista brasileira de historia,Q2,0.3
revista brasileira de historia ciencias sociais,Q4,<0.1
revista brasileira de inovacao,Q4,0.1
revista brasileira de marketing,Q4,0.6
revista brasileira de ortopedia,Q4,0.5
revista brasileira de paleontologia,Q4,0.6
revista brasileira de parasitologia veterinaria,Q3,1.3
revista brasileira de pesquisa em turismo,Q4,0.4
revista brasileira de politica internacional,Q3,1
revista brasileira de zootecnia brazilian journal of animal science,Q3,1.3
revista caatinga,Q3,1.1
revista catalana de dret public,Q4,0.2
revista ces derecho,Q4,0.2
revista ces psicologia,Q4,0.3
revista chapingo serie ciencias forestales y del ambiente,Q4,0.7
revista chilena de derecho,Q4,0.2
revista chilena de derecho y tecnologia,Q4,0.2
revista chilena de entomologia,Q4,0.5
revista chilena de estudios medievales,,<0.1
revista chilena de historia natural,Q3,1.7
revista chilena de infectologia,Q4,0.4
revista chilena de literatura,,0.2
revista chilena de nutricion,Q4,0.5
revista cicag,Q4,<0.1
revista cidob d afers internationals,Q4,0.6
revista ciencia agronomica,Q3,0.9
revista ciencias administrativas,Q4,0.1
revista ciencias pedagogicas e innovacion,Q4,0.1
revista ciencias sociales y educacion,Q4,0.1
revista cientifica,Q4,0.2
revista cientifica da faculdade de educacao e meio ambiente,Q4,0.1
revista cientifica facultad de ciencias veterinarias,Q4,0.3
revista cientifica general jose maria cordova,Q3,0.8
revista cientifica hermes,Q4,<0.1
revista clinica contemporanea,Q4,<0.1
revista clinica espanola,Q2,1.7
revista colombiana de bioetica,Q4,0.2
revista colombiana de cancerologia,Q4,0.2
revista colombiana de ciencias pecuarias,Q4,0.6
revista colombiana de ciencias sociales,Q4,0.2
revista colombiana de entomologia,Q4,0.4
revista colombiana de filosofia de la ciencia,Q4,0.1
revista colombiana de investigaciones agroindustriales,Q4,0.4
revista colombiana de quimica,Q4,0.1
revista colombiana de reumatologia,Q4,0.5
revista colombiana de sociologia,Q4,0.4
revista complutense de educacion,Q3,1.3
revista complutense de historia de america,Q1,0.6
revista comunicacao midiatica,Q4,0.1
revista comunicacion,Q4,0.1
revista conrado,Q4,0.2
revista contabilidade e controladoria rc c,Q4,0.1
revista contemporanea de educacao,Q4,0.1
revista cooperativismo y desarrollo coodes,Q4,<0.1
revista corpoica ciencia y tecnologia agropecuaria,Q4,0.2
revista costarricense de psicologia,Q4,0.3
revista criminalidad,Q4,0.2
revista critica cultural,,<0.1
revista critica de ciencias sociais,Q4,0.4
revista cs en ciencias sociales,Q4,0.3
revista cubana de ciencias forestales,Q4,<0.1
revista cubana de fisica,Q4,0.2
revista cubana de ingenieria,Q4,<0.1
revista cubana de reumatologia,Q4,0.1
revista cuidarte,Q4,0.6
revista da anpoll,,0.2
revista da associacao medica brasileira,Q2,1.6
revista da escola de enfermagem da usp,Q3,1.2
revista da sociedade brasileira de medicina tropical,Q2,2.4
revista de administracao publica,Q3,0.8
revista de agricultura neotropical,Q4,0.4
revista de antropologia social,Q4,0.3
revista de arqueologia historica argentina y latinoamericana,,0.3
revista de arquitectura bogota,,0.2
revista de artes marciales asiaticas,Q4,0.9
revista de biologia marina y oceanografia,Q4,0.4
revista de biologia tropical,Q4,0.9
revista de cancioneros impresos y manuscritos,,0.3
revista de ciencia politica,Q2,2.2
revista de ciencias agricolas,Q4,0.5
revista de ciencias humanas da universidade de taubate,Q4,0.6
revista de ciencias sociales costa rica,Q4,<0.1
revista de comunicacion de la seeci,Q3,1
revista de comunicacion peru,Q3,1.3
revista de contabilidad spanish accounting review,Q3,1.8
revista de cultura teologica,,<0.1
revista de derecho civil,Q4,0.2
revista de derecho comunitario europeo,Q2,0.6
revista de derecho politico,Q2,0.6
revista de derecho privado,Q3,0.3
revista de direito da cidade city law,Q4,0.1
revista de direito sanitario journal of health law,Q4,0.1
revista de economia mundial,Q3,0.8
revista de educacion,Q2,1.6
revista de educacion inclusiva,Q4,0.4
revista de educacion y derecho educational and law review,Q4,0.5
revista de ensino de bioquimica,Q4,0.2
revista de epidemiologia e controle de infeccao,Q4,0.1
revista de estudios andaluces,Q3,0.6
revista de estudios de administracion local y autonomica,Q3,0.4
revista de estudios empresariales segunda epoca,Q4,0.3
revista de estudios en seguridad internacional resi,Q4,0.2
revista de estudios hispanicos,,0.1
revista de estudios internacionales mediterraneos,Q3,0.6
revista de estudios latinos,,0.2
revista de estudios politicos,Q3,0.8
revista de estudios regionales,Q4,0.1
revista de estudios sociales,Q2,1.2
revista de estudos constitucionais hermeneutica e teoria do direito rechtd,Q4,0.1
revista de estudos da linguagem,,0.1
revista de etnografie si folclor journal of ethnography and folklore,,0.1
revista de filologia alemana,,0.1
revista de filologia de la universidad de la laguna,,0.1
revista de filologia espanola,,0.2
revista de filosofia,,0.7
revista de filosofia aurora,,0.1
revista de filosofia la plata,,<0.1
revista de filosofia madrid,,0.1
revista de filosofia uis,,0.3
revista de gastroenterologia de mexico,Q3,2
revista de geografia norte grande,Q4,0.5
revista de gestao ambiental e sustentabilidade geas,Q4,0.6
revista de gestao e projetos,Q4,0.3
revista de gestao financas e contabilidade,Q4,<0.1
revista de gestion publica,Q4,0.4
revista de hispanismo filosofico,,0.1
revista de historia da sociedade e da cultura,Q3,0.1
revista de historia das ideias,Q3,0.1
revista de historia de la psicologia,Q4,0.2
revista de historia economica journal of iberian and latin american economic history,Q1,1
revista de historia industrial,Q1,0.5
revista de historia moderna anales de la universidad de alicante,Q1,0.6
revista de historia sao paulo,Q4,<0.1
revista de historiografia,Q2,0.4
revista de humanidades,,0.3
revista de humanidades de valparaiso rhv,Q4,0.1
revista de indias,Q3,0.2
revista de investigacion clinica clinical and translational investigation,Q2,2
revista de investigacion en educacion,Q4,0.5
revista de investigacion en logopedia,Q4,0.4
revista de investigacion linguistica,Q4,0.3
revista de investigacion sobre flamenco la madruga,,0.1
revista de investigaciones politicas y sociologicas,Q4,<0.1
revista de investigaciones veterinarias del peru,Q4,0.3
revista de investigacoes constitucionais journal of constitutional research,Q2,0.6
revista de la academia colombiana de ciencias exactas fisicas y naturales,Q4,0.5
revista de la construccion,Q3,1.9
revista de la facultad de agronomia de la universidad del zulia,Q4,0.4
revista de la facultad de ciencias agrarias,Q3,1.1
revista de la facultad de derecho,Q3,0.5
revista de la federacion argentina de cardiologia,Q4,0.4
revista de la real academia de ciencias exactas fisicas y naturales serie a matematicas,Q1,1.6
revista de la sociedad entomologica argentina,Q4,0.5
revista de la sociedad geologica de espana,Q4,0.6
revista de la union matematica argentina,Q3,0.6
revista de letras norte mentos,,<0.1
revista de linguistica y lenguas aplicadas,,1
revista de literatura,,0.3
revista de llengua i dret journal of language and law,Q3,0.3
revista de metalurgia,Q4,0.6
revista de musicologia,,0.1
revista de nefrologia dialisis y trasplante,Q4,0.1
revista de neurologia,Q4,0.6
revista de nutricao brazilian journal of nutrition,Q4,0.7
revista de occidente,,<0.1
revista de osteoporosis y metabolismo mineral,Q4,0.1
revista de paz y conflictos,Q4,<0.1
revista de pedagogia universitaria y didactica del derecho,Q4,0.4
revista de pesquisa cuidado e fundamental online,Q4,0.2
revista de psicodidactica,Q1,4.2
revista de psicologia clinica con ninos y adolescentes,Q4,1
revista de psicologia pucp,Q4,0.5
revista de psicoterapia,Q4,0.4
revista de salud ambiental,Q4,0.2
revista de salud publica cordoba,Q4,<0.1
revista de saude publica,Q2,2.4
revista de senologia y patologia mamaria,Q4,0.1
revista de sociedad gaditana de historia natural,Q4,0.2
revista de teledeteccion,Q4,0.8
revista de transporte y territorio,Q4,0.1
revista de urbanismo,Q4,0.8
revista del clad reforma y democracia,Q4,0.2
revista del cuerpo medico del hospital nacional almanzor aguinaga asenjo,Q4,0.1
revista digital de derecho administrativo,Q3,0.3
revista digital de investigacion en docencia universitaria ridu,Q4,0.5
revista digital mundo asia pacifico,Q4,0.1
revista direito ambiental e sociedade,Q4,<0.1
revista direito gv,Q3,0.4
revista do curso de direito do unifor,Q4,0.2
revista do instituto de medicina tropical de sao paulo,Q4,1.3
revista do servico publico,Q4,0.4
revista e mercatoria,Q4,0.1
revista economia,Q4,0.3
revista economia y sociedad,Q4,<0.1
revista ecorfan,Q4,0.3
revista edapeci educacao a distancia e praticas educativas comunicacionais e interculturais,Q4,0.1
revista educacao e linguagens,Q4,0.1
revista educacion,Q4,0.5
revista educacion en ingenieria,Q4,0.3
revista educaonline,Q4,0.1
revista electronica calidad en la educacion superior,Q4,0.1
revista electronica complutense de investigacion en educacion musical reciem,Q4,0.4
revista electronica de estudios internacionales,Q4,0.1
revista electronica de fuentes y archivos,Q3,0.1
revista electronica de investigacion educativa,Q3,1.2
revista electronica educare,Q4,0.6
revista electronica interuniversitaria de formacion del profesorado,Q2,1.6
revista eletronica de estrategia e negocios reen,Q4,0.1
revista eletronica em gestao educacao e tecnologia ambiental,Q4,0.1
revista eletronica pesquiseduca,Q4,0.1
revista eletronica ventilando acervos,,0.3
revista eniac pesquisa,Q4,0.1
revista espanola de anestesiologia y reanimacion,Q3,1.3
revista espanola de antropologia americana,Q4,0.2
revista espanola de cardiologia,Q2,4.2
revista espanola de ciencia politica recp,Q4,0.4
revista espanola de comunicacion en salud,Q4,0.2
revista espanola de derecho constitucional,Q2,0.8
revista espanola de discapacidad redis,Q4,0.4
revista espanola de documentacion cientifica,Q3,1.5
revista espanola de educacion comparada,Q3,1.3
revista espanola de enfermedades digestivas,Q1,4.8
revista espanola de estudios agrosociales y pesqueros reeap,Q4,0.1
revista espanola de investigaciones sociologicas,Q3,1.4
revista espanola de linguistica aplicada,Q3,0.9
revista espanola de medicina nuclear e imagen molecular,Q4,1.2
revista espanola de nutricion humana y dietetica,Q4,0.4
revista espanola de orientacion y psicopedagogia,Q4,1
revista espanola de patologia,Q4,0.6
revista espanola de pedagogia,Q2,1.6
revista espanola de quimioterapia,Q3,2.8
revista espanola de salud publica,Q4,0.8
revista espanola de sociologia,Q3,1.5
revista estudios hemisfericos y polares,Q4,<0.1
revista estudios socio juridicos,Q4,<0.1
revista estudos institucionais journal of institutional studies,Q4,0.2
revista estudos politicos,Q4,0.1
revista eureka sobre ensenanza y divulgacion de las ciencias,Q3,0.9
revista evidenciacao contabil financas,Q4,0.1
revista facultad de ingenieria universidad de antioquia,Q4,0.4
revista facultad de ingenieria universidad pedagogica y tecnologica de colombia,Q4,0.3
revista finanzas y politica economica,Q4,0.5
revista fitotecnia mexicana,Q4,0.6
revista forestal mesoamerica kuru rfmk,Q4,0.3
revista formacao online,Q4,0.1
revista fuentes,Q3,1.1
revista galega de economia,Q3,1
revista general de derecho administrativo,Q3,0.3
revista general de derecho canonico y derecho eclesiastico del estado,Q3,0.4
revista general de derecho constitucional,Q3,0.4
revista general de derecho europeo,Q4,0.2
revista general de derecho penal,Q4,0.1
revista general de derecho procesal,Q4,0.1
revista general de derecho publico comparado,Q4,0.1
revista general de derecho romano,Q4,0.1
revista general de informacion y documentacion,Q4,0.3
revista general del derecho del trabajo y de la seguridad social,Q4,0.1
revista geoaraguaia,Q4,<0.1
revista geografica de america central,Q4,0.2
revista geografica venezolana,Q4,0.1
revista gestao organizacional,Q4,0.1
revista gestion de la educacion,Q4,0.2
revista gestion de las personas y tecnologia,Q4,0.1
revista guillermo de ockham,,0.4
revista habitat sustentable,Q4,0.4
revista hispanica moderna,,<0.1
revista hispanoamericana de hernia,Q4,<0.1
revista historia autonoma,Q3,0.1
revista historia debates e tendencias,Q3,0.1
revista humanidades,,0.2
revista ibero americana de ciencia da informacao,Q4,0.1
revista ibero americana de estudos em educacao,Q4,0.1
revista iberoamericana,,0.2
revista iberoamericana de automatica e informatica industrial,Q4,1
revista iberoamericana de ciencias de la actividad fisica y el deporte,Q4,0.4
revista iberoamericana de diagnostico y evaluacion e avaliacao psicologica,Q4,0.5
revista iberoamericana de educacion,Q3,0.7
revista iberoamericana de estudios municipales,Q4,0.1
revista iberoamericana de micologia,Q4,1.4
revista iberoamericana de psicologia y salud,Q1,3.8
revista icono 14 revista cientifica de comunicacion y tecnologias,Q3,1.3
revista ingenieria de construccion,Q4,0.9
revista innovaciencia,Q4,0.3
revista interamericana de bibliotecologia,Q3,0.5
revista internacional de andrologia,Q4,1.4
revista internacional de contaminacion ambiental,Q4,0.6
revista internacional de educacion musical,,0.6
revista internacional de educacion para la justicia social,Q3,0.8
revista internacional de estudios migratorios,Q4,0.2
revista internacional de metodos numericos para calculo y diseno en ingenieria,Q4,0.7
revista internacional de organizaciones,Q4,0.1
revista internacional de pensamiento politico,Q4,0.2
revista internacional de relaciones publicas,Q4,0.4
revista internacional de sociologia,Q4,0.6
revista interuniversitaria de formacion del profesorado rifop,Q4,0.6
revista investigaciones altoandinas journal of high andean research,Q4,0.6
revista invi,Q4,0.8
revista juridica de castilla y leon,Q4,<0.1
revista juridica portucalense,Q3,0.5
revista kanina,,0.1
revista la propiedad inmaterial,Q4,0.1
revista latina de comunicacion social,Q1,2.6
revista latino americana de enfermagem,Q4,0.9
revista latinoamericana de derecho social,Q4,0.1
revista latinoamericana de estudios de familia,Q4,0.2
revista latinoamericana de estudios sobre cuerpos emociones y sociedad,Q4,0.1
revista latinoamericana de investigacion en matematica educativa relime,Q4,0.1
revista latinoamericana de metodologia de la investigacion social,Q4,0.1
revista latinoamericana de metodologia de las ciencias sociales,Q4,<0.1
revista latinoamericana de poblacion,Q4,0.1
revista latinoamericana de psicologia,Q3,1.1
revista latinoamericana de tecnologia educativa relatec,Q3,0.7
revista letras,,0.3
revista mad revista del magister en analisis sistemico aplicado a la sociedad,Q4,0.1
revista matematica complutense,Q1,1.4
revista matematica iberoamericana,Q1,1.4
revista mediacao,Q4,0.1
revista medica clinica las condes,Q4,0.2
revista medica de chile,Q4,0.4
revista medica de rosario,Q4,<0.1
revista medica del uruguay,Q4,0.4
revista mediterranea comunicacion journal of communication,Q2,1.8
revista mexicana de analisis politico y administracion publica,Q4,0.2
revista mexicana de astronomia y astrofisica,Q2,2.6
revista mexicana de biodiversidad,Q4,0.8
revista mexicana de ciencias geologicas,Q4,0.5
revista mexicana de ciencias pecuarias,Q4,0.7
revista mexicana de ciencias politicas y sociales,Q4,0.3
revista mexicana de economia y finanzas nueva epoca remef,Q4,0.4
revista mexicana de fisica,Q3,1.2
revista mexicana de ingenieria quimica,Q4,1.2
revista mexicana de neurociencia,Q4,0.2
revista musical chilena,,0.3
revista mvz cordoba,Q4,0.4
revista notas historicas y geograficas,,0.1
revista numismatica hecate,,0.1
revista olhres,Q4,<0.1
revista on line de politica e gestao educacional,Q4,0.3
revista orl,Q4,0.1
revista panamericana de salud publica pan american journal of public health,Q3,1.7
revista paulista de pediatria,Q3,1.6
revista pegada,Q4,<0.1
revista pensamiento americano,Q4,0.2
revista perseitas,,0.2
revista perspectiva empresarial,Q4,0.2
revista peruana de biologia,Q4,0.4
revista peruana de ginecologia y obstetricia,Q4,0.1
revista peruana de investigacion educativa,Q4,0.4
revista peruana de medicina experimental y salud publica,Q4,1.1
revista pistis praxis teologia e pastoral,,<0.1
revista portuguesa de cardiologia,Q3,2
revista portuguesa de endocrinologia diabetes e metabolismo,Q4,<0.1
revista portuguesa de estomatologia medicina dentaria e cirurgia maxilofacial,Q4,0.3
revista portuguesa de historia,Q3,0.2
revista portuguesa de investigacao comportamental e social,Q3,0.5
revista pos ciencias sociais,Q4,<0.1
revista praxis educacional,Q4,0.2
revista publicaciones,Q4,0.2
revista ra ximhai,Q4,0.3
revista republicana,Q4,0.2
revista romana de materiale romanian journal of materials,Q4,0.3
revista romana de medicina de laborator,Q4,0.4
revista romana de medicina veterinara,Q4,0.4
revista romaneasca pentru educatie multidimensionala,Q4,0.6
revista rupturas,Q4,0.3
revista saap,Q4,0.3
revista san gregorio,Q4,0.3
revista signos,Q3,0.6
revista sobre la infancia y la adolescencia,Q4,0.3
revista sonda investigacion y docencia en artes y letras,Q4,0.1
revista tecnologia e sociedade,Q4,0.3
revista tefros,Q2,0.3
revista unisci,Q4,0.2
revista univap,Q4,0.1
revista universidad empresa,Q4,0.6
revista universidad y sociedad,Q4,0.1
revista universitaria de historia militar,Q4,<0.1
revista virtual de estudos da linguagem revel,,<0.1
revista virtual de quimica,Q4,0.4
revista virtual universidad catolica del norte,Q3,0.8
revista vortex vortex music journal,,0.1
revmar revista ciencias marinas y costeras,Q4,0.4
revolutionary russia,Q2,0.3
revstat statistical journal,Q2,1.3
revue archeologique du centre de la france,,0.1
revue biblique,,0.3
revue cirkevniho prava church law review,,<0.1
revue d anthropologie des connaissances,Q4,0.4
revue d economie politique,Q3,0.6
revue d economie regionale et urbaine,Q4,0.4
revue d epidemiologie et de sante publique,Q3,2.1
revue d etudes comparatives est ouest,Q4,0.1
revue d etudes tibetaines,,0.4
revue d histoire des mathematiques,Q4,<0.1
revue d histoire des sciences,Q3,0.3
revue d histoire ecclesiastique,Q3,0.1
revue d histoire litteraire de la france,,<0.1
revue d histoire moderne et contemporaine,Q3,0.1
revue de geographie alpine journal of alpine research,Q4,0.6
revue de l art,,<0.1
revue de l histoire des religions,Q3,0.1
revue de l ires,Q4,0.3
revue de linguistique romane,,0.3
revue de medecine interne,Q3,1
revue de metaphysique et de morale,,0.1
revue de micropaleontologie,Q3,1.3
revue de musicologie,,0.1
revue de synthese,Q3,0.1
revue des etudes juives,,0.1
revue des langues romanes,,<0.1
revue des maladies respiratoires,Q4,0.5
revue des mondes musulmans et de la mediterranee,Q4,0.2
revue des musees de france revue du louvre,,<0.1
revue des sciences de l education,Q4,0.1
revue des sciences philosophiques et theologiques,,0.3
revue du nord,Q3,0.1
revue economique,Q4,0.4
revue europeenne des sciences sociales,Q4,0.1
revue francaise d allergologie,Q4,0.2
revue francaise d etudes americaines,,<0.1
revue francaise de sociologie,Q4,0.1
revue historique,Q2,0.4
revue internationale de geomatique,Q3,2
revue internationale de philosophie,,0.1
revue internationale pme,Q4,0.3
revue interventions economiques papers in political economy,Q4,0.1
revue italienne d etudes francaises,,0.1
revue lisa lisa e journal,,0.1
revue neurologique,Q3,2.7
revue philosophique de la france et de l etranger,,<0.1
revue romane,,0.1
revue roumaine de chimie,Q4,0.8
revue roumaine de linguistique romanian review of linguistics,Q4,0.1
revue roumaine de mathematiques pures et appliquees,Q4,0.3
revue roumaine de philosophie,,<0.1
revue roumaine des sciences techniques serie electrotechnique et energetique,Q3,1.9
revue scientifique et technique office international des epizooties,Q2,1.9
revue suisse de zoologie,Q4,0.5
revue theologique de louvain,,<0.1
rheologica acta,Q2,2.7
rhetoric public affairs,Q4,0.2
rhetoric review,,0.5
rhetoric society quarterly,Q3,1.1
rhetorica a journal of the history of rhetoric,Q2,0.3
rheumatic disease clinics of north america,Q3,1.7
rheumatology,Q1,4.7
rheumatology advances in practice,Q2,2.8
rheumatology and immunology research,Q2,3
rheumatology and therapy,Q2,3.1
rheumatology autoimmunity,Q3,1.8
rheumatology international,Q2,3.5
rhinology,Q1,5.7
rhizomata a journal for ancient philosophy and science,,0.3
rhizosphere,Q1,3.9
rhodora,Q4,0.1
rhythmica revista espanola de metrica comparada,,<0.1
ri vista ricerche per la progettazione del paesaggio,,0.1
ribagua revista iberoamericana del agua,Q4,0.1
rice,Q1,5.8
rice science,Q1,7.4
ricerche di matematica,Q2,0.8
ricerche di psicologia,Q4,0.1
ricerche di s confine,,<0.1
ricerche di storia dell arte,,<0.1
ricerche di storia politica,Q3,0.1
ride the journal of applied theatre and performance,Q3,0.7
rie revista de investigacion educativa,Q2,1.9
ried revista iberoamericana de educacion a distancia,Q1,3.5
riha journal,,0.1
rijksmuseum bulletin,,0.3
rilce revista de filologia hispanica,Q3,0.5
rinascimento,,<0.1
riset geologi dan pertambangan,Q4,0.7
risk analysis,Q1,4
risk hazards crisis in public policy,Q3,2
risk management an international journal,Q1,2.2
risk management and healthcare policy,Q2,2.6
risk management and insurance review,Q2,2.6
risks,Q3,1.8
risus journal on innovation and sustainability,Q4,0.3
rivar revista iberoamericana de viticultura agroindustria y ruralidad,Q2,0.4
river,Q4,1.8
river research and applications,Q3,2
rivista del nuovo cimento,Q1,6.8
rivista di cultura classica e medioevale,,<0.1
rivista di estetica,,0.1
rivista di filologia e di istruzione classica,,0.1
rivista di filosofia,,<0.1
rivista di filosofia del diritto journal of legal philosophy,,0.2
rivista di filosofia neo scolastica,,0.1
rivista di letteratura italiana,,<0.1
rivista di letteratura storiografica italiana,Q3,0.1
rivista di letterature moderne e comparate,,<0.1
rivista di matematica della universita di parma,Q4,0.3
rivista di psichiatria,Q4,1.3
rivista di psicolinguistica applicata journal of applied psycholinguistics,Q4,0.1
rivista di psicologia dell emergenza e dell assistenza umanitaria,Q4,<0.1
rivista di storia della filosofia,,0.2
rivista di storia e letteratura religiosa,,<0.1
rivista di storia economica,Q1,1.2
rivista internazionale di filosofia e psicologia,Q4,0.3
rivista italiana delle sostanze grasse,Q4,0.6
rivista italiana di filosofia del linguaggio,,0.1
rivista italiana di musicologia,,<0.1
rivista italiana di paleontologia e stratigrafia,Q2,1.8
rivista italiana di politiche pubbliche,Q3,0.6
rivista storica dell antichita,Q4,<0.1
rivista storica italiana,Q2,0.3
rla revista de linguistica teorica y aplicada,Q3,0.5
rlc revue de litterature comparee,,0.1
rmd open,Q1,5.3
rna,Q2,4.3
rna biology,Q2,4.1
road materials and pavement design,Q2,3.6
roads and bridges drogi i mosty,Q4,1.1
robomech journal,Q4,1.3
robotic intelligence and automation,Q2,2.6
robotica,Q3,2.9
robotics,Q2,3.6
robotics and autonomous systems,Q1,6
robotics and computer integrated manufacturing,Q1,12.3
rock and soil mechanics,Q3,1.7
rock art research,,0.4
rock mechanics and rock engineering,Q1,7.1
rock mechanics bulletin,Q1,8
rocky mountain journal of mathematics,Q2,0.8
rocznik ochrona srodowiska,Q4,0.9
roczniki humanistyczne,,0.1
roeper review a journal on gifted education,Q3,1.3
rofo fortschritte auf dem gebiet der rontgenstrahlen und der bildgebenden verfahren,Q3,2
romance notes,,<0.1
romance quarterly,,0.2
romance studies,,0.2
romani studies,Q3,0.7
romanian agricultural research,Q4,0.8
romanian astronomical journal,Q4,0.4
romanian journal of acoustics and vibration,Q4,0.7
romanian journal of communication and public relations,Q3,0.7
romanian journal of economic forecasting,Q3,0.9
romanian journal of european affairs,Q4,0.5
romanian journal of information science and technology,Q1,4.6
romanian journal of information technology and automatic control revista romana de informatica si automatica,Q4,0.4
romanian journal of internal medicine,Q2,1.6
romanian journal of military medicine,Q4,0.3
romanian journal of morphology and embryology,Q4,1.3
romanian journal of physics,Q3,1.7
romanian journal of political science,Q4,0.1
romanian journal of transport infrastructure,Q4,0.4
romanian reports in physics,Q2,2.7
romanian statistical review,Q4,0.3
romanic review,,0.1
romanica olomucensia,,0.3
romanische forschungen,,0.4
romanticism,,0.2
romantisme,,<0.1
romische quartalschrift fur christliche altertumskunde und kirchengeschichte,,<0.1
rorschachiana,Q3,1.2
rosa dos ventos turismo e hospitalidade,Q4,0.1
rossiiskaya arkheologiya,,0.4
rossiiskaya istoriya,Q3,0.2
rossiiskii zhurnal menedzhmenta russian management journal,Q4,0.6
royal society open science,Q2,3
rqr enfermeria comunitaria,Q4,<0.1
rsc advances,Q2,6.1
rsc applied interfaces,Q2,4.6
rsc applied polymers,Q1,5.1
rsc chemical biology,Q2,3.9
rsc mechanochemistry,Q2,3.3
rsc medicinal chemistry,Q2,4.6
rsc pharmaceutics,Q1,5.5
rsc sustainability,Q1,6.6
rsf the russell sage journal of the social sciences,Q1,3.6
rth research trends in humanities education philosophy,,0.2
rubber chemistry and technology,Q3,2.3
rubrica contemporanea,Q2,0.3
ruch prawniczy ekonomiczny i socjologiczny,Q3,0.3
rudarsko geolosko naftni zbornik,Q3,1.3
rudn journal of russian history,Q2,0.3
rudn journal of sociology vestnik rossiiskogo universiteta druzhby narodov seriya sotsiologiya,Q4,0.4
rukopysna ta knyzhkova spadshchyna ukrainy manuscript and book heritage of ukraine,Q3,0.2
ruminants,Q2,2
rupkatha journal on interdisciplinary studies in humanities,,0.4
rural and remote health,Q1,3.5
rural extension and innovation systems journal,Q4,0.4
rural history economy society culture,Q1,1.3
rural society,Q2,1.8
rural sociology,Q2,2.4
rural special education quarterly,Q2,1.9
rural theology international ecumencial and interdisciplinary perspectives,,0.4
rusi journal,Q3,0.8
rusin,Q2,0.3
russell the journal of the bertrand russell studies,,0.2
russian chemical bulletin,Q3,1.6
russian chemical reviews,Q1,7.1
russian geology and geophysics,Q4,1
russian history histoire russe,Q2,0.4
russian journal of applied chemistry,Q4,0.7
russian journal of biological invasions,Q4,0.5
russian journal of bioorganic chemistry,Q3,1.7
russian journal of building construction and architecture,Q4,0.1
russian journal of coordination chemistry,Q4,1.1
russian journal of criminology,Q4,0.2
russian journal of developmental biology,Q4,0.5
russian journal of earth sciences,Q4,0.7
russian journal of ecology,Q4,0.6
russian journal of electrochemistry,Q4,0.9
russian journal of general chemistry,Q4,1
russian journal of genetics,Q4,0.5
russian journal of herpetology,Q3,1.1
russian journal of inorganic chemistry,Q4,1.5
russian journal of linguistics,,1.2
russian journal of marine biology,Q4,0.5
russian journal of mathematical physics,Q2,1.9
russian journal of nematology,Q4,0.6
russian journal of non ferrous metals,Q4,0.4
russian journal of nondestructive testing,Q3,1.3
russian journal of numerical analysis and mathematical modelling,Q3,1
russian journal of organic chemistry,Q4,0.8
russian journal of pacific geology,Q4,0.6
russian journal of physical chemistry a,Q4,0.7
russian journal of plant physiology,Q3,1.3
russian journal of theriology,Q3,0.8
russian journal of vietnamese studies vyetnamskiye issledovaniya,Q4,0.2
russian linguistics,,0.5
russian literature,,0.2
russian mathematical surveys,Q1,2.8
russian mathematics,Q3,0.6
russian metallurgy,Q4,0.3
russian meteorology and hydrology,Q4,0.5
russian musicology,,N/A
russian open medical journal,Q3,0.7
russian physics journal,Q4,0.8
russian politics,Q3,0.8
russian review,Q1,0.5
russkaia literatura,,0.1
rutgers university law review,Q4,0.2
s f scienzaefilosofia it,Q4,<0.1
sa journal of human resource management,Q3,1.5
sa journal of industrial psychology,Q3,1.4
sa journal of radiology,Q4,1
sa pharmaceutical journal,Q4,0.5
saberes,Q4,0.2
sabrao journal of breeding and genetics,Q3,1.2
sadhana academy proceedings in engineering sciences,Q3,1.6
sae international journal of aerospace,Q4,0.6
sae international journal of commercial vehicles,Q4,1
sae international journal of connected and automated vehicles,Q4,0.8
sae international journal of electrified vehicles,Q4,1.6
sae international journal of engines,Q4,0.8
sae international journal of fuels and lubricants,Q4,0.9
sae international journal of materials and manufacturing,Q4,1.2
sae international journal of passenger vehicle systems,Q4,0.5
sae international journal of transportation safety,Q4,0.4
sae international journal of vehicle dynamics stability and nvh,Q1,4.7
saeculum,Q1,0.6
safer communities,Q3,1.3
safety,Q2,2.4
safety and health at work,Q2,3.2
safety science,Q1,6.2
safundi,Q4,0.3
sage open,Q1,2.4
sage open aging,,N/A
sage open medical case reports,Q3,0.6
sage open medicine,Q2,2.2
sage open nursing,Q1,2.9
sage open pathology,,N/A
sage open pediatrics,,N/A
saggiatore musicale,,<0.1
sagvntvm papeles del laboratorio de arqueologia de valencia,,0.2
sahand communications in mathematical analysis,Q3,0.7
sahara j journal of social aspects of hiv aids,Q4,0.6
saiee africa research journal,Q4,1.3
sains malaysiana,Q3,0.8
sains tanah,Q3,1.2
sajog south african journal of obstetrics and gynaecology,Q4,0.8
sakarya universitesi ilahiyat fakultesi dergisi journal of sakarya university faculty of theology,,0.5
sala preta,,0.1
salamandra,Q2,1.3
salmand iranian journal of ageing,Q4,1.1
salud arte y cuidado,Q4,0.1
salud colectiva,Q4,1.1
salud mental,Q4,0.8
salud publica de mexico,Q1,3.9
salus journal,Q4,0.4
samj south african medical journal,Q2,1.4
sampe journal,Q4,0.6
sampling theory signal processing and data analysis,Q1,1.3
samuel beckett today aujourd hui,,0.1
sanat tarihi dergisi journal of art history,,0.1
sankhya series a mathematical statistics and probability,Q4,0.5
sankhya series b applied and interdisciplinary statistics,Q2,1.3
santander estudios de patrimonio,Q3,0.1
sante mentale au quebec,Q4,0.1
sante publique,Q4,0.4
sao paulo journal of mathematical sciences,Q3,0.6
sao paulo medical journal,Q2,1.2
sar and qsar in environmental research,Q2,2.8
sarcoidosis vasculitis and diffuse lung diseases,Q3,1.8
sare southeast asian review of english,,0.3
sartre studies international,,0.3
satellite navigation,Q1,12.4
saude e sociedade,Q4,0.6
saudi dental journal,Q2,2.4
saudi journal of anaesthesia,Q3,1.2
saudi journal of gastroenterology,Q3,2.2
saudi journal of health systems research,Q4,1.1
saudi journal of kidney diseases and transplantation,Q4,0.5
saudi journal of medicine medical sciences,Q2,2.4
saudi journal of ophthalmology,Q4,1.1
saudi medical journal,Q2,2.1
saudi pharmaceutical journal,Q2,4.3
sbornik mathematics,Q2,0.8
scandia,Q3,0.2
scandinavian actuarial journal,Q2,1.8
scandinavian cardiovascular journal,Q3,1.4
scandinavian economic history review,Q3,0.9
scandinavian journal of caring sciences,Q2,2.1
scandinavian journal of child and adolescent psychiatry and psychology,Q4,1.4
scandinavian journal of clinical laboratory investigation,Q3,1.4
scandinavian journal of disability research,Q3,1.6
scandinavian journal of economics,Q3,1.4
scandinavian journal of educational research,Q2,1.6
scandinavian journal of forest research,Q2,1.8
scandinavian journal of gastroenterology,Q3,1.8
scandinavian journal of history,Q1,0.9
scandinavian journal of hospitality and tourism,Q1,3.1
scandinavian journal of immunology,Q3,2.4
scandinavian journal of laboratory animal science,Q4,0.3
scandinavian journal of management,Q3,2.3
scandinavian journal of medicine science in sports,Q1,4
scandinavian journal of occupational therapy,Q2,1.7
scandinavian journal of pain,Q4,1.6
scandinavian journal of primary health care,Q2,1.9
scandinavian journal of psychology,Q2,2
scandinavian journal of public administration,Q3,1.3
scandinavian journal of public health,Q3,1.7
scandinavian journal of rheumatology,Q3,1.5
scandinavian journal of statistics,Q3,1.2
scandinavian journal of surgery,Q2,2.1
scandinavian journal of the old testament,,0.1
scandinavian journal of trauma resuscitation emergency medicine,Q1,3.6
scandinavian journal of urology,Q2,2.8
scandinavian journal of work environment health,Q1,4
scandinavian political studies,Q3,1.3
scandinavian studies,,0.5
scandinavica,,<0.1
scando slavica,,0.3
schizophrenia,Q1,4.5
schizophrenia bulletin,Q1,5.7
schizophrenia bulletin open,Q3,2.4
schizophrenia research,Q2,3.7
schizophrenia research cognition,Q2,2.4
schmerz,Q4,0.8
schole filosofskoe antikovedenie i klassicheskaya traditsiya schole ancient philosophy and the classical tradition,,0.1
school effectiveness and school improvement,Q2,2.4
school leadership management,Q1,4.3
school mental health,Q2,2.6
school psychology,Q2,2.1
school psychology international,Q2,3.2
school psychology review,Q1,3.7
school science and mathematics,Q3,1.2
schools studies in education,Q3,0.8
schweizer archiv fur tierheilkunde,Q3,1
schweizerisches archiv fur volkskunde,,0.1
sci,Q1,4.1
science,Q1,47.3
science activities projects and curriculum ideas in stem classrooms,Q3,0.8
science advances,Q1,13.9
science and engineering ethics,Q1,3.4
science and engineering of composite materials,Q4,1.7
science and innovation,Q2,1.6
science and medicine in football,Q1,3.5
science and public policy,Q2,2.8
science and technology for energy transition,Q2,2.7
science and technology for the built environment,Q3,1.7
science and technology of advanced materials,Q2,6.6
science and technology of advanced materials methods,Q2,4.7
science and technology of energetic materials,Q3,1.6
science and technology of nuclear installations,Q2,1.9
science and technology of welding and joining,Q2,2.9
science and technology studies,Q1,1.6
science as culture,Q1,2.2
science bulletin,Q1,20.7
science china chemistry,Q1,9.8
science china earth sciences,Q1,5.5
science china information sciences,Q1,8.1
science china life sciences,Q1,9.6
science china materials,Q1,7.7
science china mathematics,Q1,1.6
science china physics mechanics astronomy,Q1,7.2
science china technological sciences,Q1,5.1
science communication,Q1,4.2
science editing,Q2,2.4
science education,Q1,4
science fiction film and television,,0.1
science fiction studies,,0.4
science global security,Q2,1.5
science immunology,Q1,16.4
science in context,Q3,0.3
science in one health,Q1,9.3
science justice,Q2,1.8
science of computer programming,Q3,1.6
science of diabetes self management and care,Q3,1.7
science of gymnastics journal,Q4,0.7
science of nature,Q2,1.7
science of remote sensing,Q1,7.1
science of sintering,Q3,1.3
science progress,Q2,2.6
science robotics,Q1,25.5
science signaling,Q1,7
science society,Q3,0.7
science sports,Q4,1.2
science technique,Q4,0.2
science technology and society,Q3,2.2
science technology human values,Q2,2.6
science translational medicine,Q1,15.6
scienceasia,Q3,0.9
sciences sociales et sante,Q4,0.4
scientia agricola,Q2,1.7
scientia agropecuaria,Q3,1.2
scientia et fides,,0.7
scientia forestalis,Q4,0.5
scientia horticulturae,Q1,4.6
scientia iranica,Q2,1.8
scientia marina,Q2,1.8
scientia medica,Q3,0.8
scientia pharmaceutica,Q2,3.6
scientia sinica physica mechanica astronomica,Q4,0.8
scientific african,Q1,3.7
scientific american,Q2,2.2
scientific and technical information processing,Q3,0.5
scientific annals of computer science,Q4,0.7
scientific annals of economics and business,Q3,1.3
scientific chronicles,Q4,0.1
scientific data,Q1,7.2
scientific drilling,Q3,1.8
scientific journal of silesian university of technology series transport,Q4,1.1
scientific journals of the maritime university of szczecin zeszyty naukowe akademii morskiej w szczecinie,Q4,0.6
scientific papers of the university of pardubice series d faculty of economics and administration,Q3,1.4
scientific papers of vinnytsia mykhailo kotsyiubynskyi state pedagogical university series history,Q3,0.2
scientific papers series a agronomy,Q4,0.7
scientific papers series b horticulture,Q4,0.4
scientific papers series d animal science,Q4,0.7
scientific papers series e land reclamation earth observation surveying environmental engineering,Q4,0.5
scientific papers series management economic engineering in agriculture and rural development,Q4,0.9
scientific reports,Q1,4.9
scientific studies of reading,Q1,2.7
scientific study and research chemistry and chemical engineering biotechnology food industry,Q4,0.6
scientifica,Q1,3.6
scientist,Q4,0.4
scientometrics,Q1,3.8
scienza politica per una storia delle dottrine,Q4,0.2
scipost physics,Q1,5.6
scipost physics core,Q1,3.4
scire representacion y organizacion del conocimiento,Q4,0.3
scires it scientific research and information technology,,1.3
scm studies in communication and media,Q3,0.9
scottish affairs,Q4,0.3
scottish archaeological journal,,<0.1
scottish geographical journal,Q3,1.3
scottish historical review,Q2,0.4
scottish journal of geology,Q3,0.9
scottish journal of political economy,Q3,1.2
scottish journal of theology,,0.3
scottish literary review,,0.3
scottish medical journal,Q2,1.3
screen,,0.5
scriblerian and the kit cats,,<0.1
scripta,,<0.1
scripta materialia,Q1,5.9
scripta nova revista electronica de geografia y ciencias sociales,Q4,0.6
scripta revista internacional de literatura i cultura medieval i moderna international journal of medieval modern literature culture,,0.1
scripta theologica,,0.3
scriptura international journal of bible religion and theology in southern africa,,0.5
scrutiny2 issues in english studies in southern africa,,0.2
sculpture journal,,0.1
sculpture monuments and open space,,0.5
sculpture review,,0.3
search journal of media and communication research,Q2,1.6
second language research,Q2,1.7
secular studies,,0.4
secularism nonreligion,Q2,1.7
security and privacy,Q3,2.9
security dialogue,Q2,2.4
security journal,Q1,2.1
security studies,Q1,3.6
sedimentary geology,Q1,3.3
sedimentology,Q1,3.4
seed biology,Q1,5.3
seed science and technology,Q1,4.2
seed science research,Q2,2.1
seeds,Q1,3
seefor south east european forestry,Q4,0.7
sefarad,,<0.1
seismic instruments,Q4,0.3
seismic record,Q1,5.3
seismological research letters,Q2,2.9
seizieme siecle,,<0.1
seizure european journal of epilepsy,Q2,3.1
selcuk journal of agriculture and food sciences,Q4,0.5
selcuk universitesi edebiyat fakultesi dergisi selcuk university journal of faculty of letters,,0.1
selcuk universitesi turkiyat arastirmalari dergisi selcuk university journal of studies in turcology,,0.1
selecta mathematica new series,Q1,1.3
self and identity,Q3,2.2
sema journal,Q2,1.7
semantic web,Q2,2.6
semantics pragmatics,Q2,1.1
semiconductor physics quantum electronics optoelectronics,Q4,1
semiconductor science and technology,Q3,2.1
semiconductors,Q4,1
semigroup forum,Q3,0.7
semina ciencias agrarias,Q4,0.5
seminar a journal of germanic studies,,0.1
seminars in arthritis and rheumatism,Q2,3.8
seminars in cancer biology,Q1,20.3
seminars in cardiothoracic and vascular anesthesia,Q3,1.1
seminars in cell developmental biology,Q1,6.7
seminars in colon and rectal surgery,Q4,0.8
seminars in diagnostic pathology,Q1,3.8
seminars in dialysis,Q4,1.1
seminars in fetal neonatal medicine,Q1,2.9
seminars in hematology,Q1,4.3
seminars in immunology,Q1,11.5
seminars in immunopathology,Q1,11.5
seminars in interventional radiology,Q4,1.2
seminars in liver disease,Q2,4
seminars in musculoskeletal radiology,Q3,1.4
seminars in nephrology,Q2,3.2
seminars in neurology,Q3,2.2
seminars in nuclear medicine,Q1,6.6
seminars in oncology,Q1,6.8
seminars in oncology nursing,Q1,3.2
seminars in ophthalmology,Q2,3.1
seminars in orthodontics,Q3,1.9
seminars in pediatric neurology,Q2,2.3
seminars in pediatric surgery,Q1,2.5
seminars in perinatology,Q1,3.2
seminars in plastic surgery,Q3,1.4
seminars in radiation oncology,Q1,4.3
seminars in reproductive medicine,Q2,2.6
seminars in respiratory and critical care medicine,Q2,3.2
seminars in roentgenology,Q3,1.6
seminars in speech and language,Q4,1
seminars in thoracic and cardiovascular surgery,Q3,2.2
seminars in thrombosis and hemostasis,Q1,4.2
seminars in ultrasound ct and mri,Q2,2.5
seminars in vascular surgery,Q2,2.4
semiotica,Q2,1.4
sen i gakkaishi,Q4,<0.1
sendebar revista de traduccion e interpretacion,,0.3
senses society,,1.3
sensing and bio sensing research,Q2,4.7
sensing and imaging,Q2,2.9
sensor review,Q3,1.9
sensors,Q2,4
sensors and actuators a physical,Q1,5.1
sensors and actuators b chemical,Q1,8.3
sensors and actuators reports,Q1,6.9
sensors and materials,Q4,1.1
sensors diagnostics,Q1,5.9
seoul journal of economics,Q4,0.5
seoul journal of korean studies,Q4,0.1
separation and purification reviews,Q1,7.3
separation and purification technology,Q1,9.1
separation science and technology,Q3,2.5
separation science plus,Q3,2.7
separations,Q2,3.5
sequential analysis design methods and applications,Q2,1.3
serbian astronomical journal,Q4,0.9
serbian journal of management,Q4,1.1
serials review,Q4,0.4
series journal of the spanish economic association,Q4,0.6
service business,Q2,4.9
service industries journal,Q1,8.1
service oriented computing and applications,Q3,2
service science,Q3,2.2
services marketing quarterly,Q3,1.9
set valued and variational analysis,Q2,1.2
settler colonial studies,Q2,1.3
seventeenth century,,0.2
sewanee review,,<0.1
sex education sexuality society and learning,Q2,2.1
sex roles,Q1,3.7
sexes,Q2,1.3
sexologies,Q4,0.1
sexual abuse a journal of research and treatment,Q2,1.8
sexual and gender diversity in social services,Q1,2.4
sexual and relationship therapy,Q4,0.8
sexual and reproductive health matters,Q2,3.3
sexual development,Q3,1.8
sexual health,Q3,2
sexual health compulsivity,Q3,1.7
sexual medicine,Q2,2.4
sexual medicine reviews,Q2,3
sexual reproductive healthcare,Q3,2
sexualities,Q2,1.7
sexuality and disability,Q2,2
sexuality culture an interdisciplinary journal,Q1,2
sexuality research and social policy,Q1,2.8
sexually transmitted diseases,Q3,1.9
sexually transmitted infections,Q2,3
sguardo rivista di filosofia,,0.1
shakespeare,,0.5
shakespeare quarterly,,0.7
shape memory and superelasticity,Q3,2.4
shaw the journal of bernard shaw studies,,0.1
she ji the journal of design economics and innovation,Q1,2.2
shenandoah,,<0.1
shilap revista de lepidopterologia,Q4,0.3
shima the international journal of research into island cultures,Q4,0.4
ship technology research,Q4,0.8
ships and offshore structures,Q2,1.7
shock,Q1,2.7
shock and vibration,Q3,1.6
shock waves,Q3,1.8
shofar an interdisciplinary journal of jewish studies,,0.3
short film studies,,0.2
shoulder elbow,Q3,1.2
si somos americanos revista de estudios transfronterizos,Q4,0.5
siam asa journal on uncertainty quantification,Q2,2.2
siam journal on applied algebra and geometry,Q2,1.8
siam journal on applied dynamical systems,Q1,2.2
siam journal on applied mathematics,Q1,2
siam journal on computing,Q2,1.8
siam journal on control and optimization,Q1,2.6
siam journal on discrete mathematics,Q2,1
siam journal on financial mathematics,Q2,2
siam journal on imaging sciences,Q1,2.5
siam journal on mathematical analysis,Q1,2.2
siam journal on mathematics of data science,Q1,2.5
siam journal on matrix analysis and applications,Q1,2.6
siam journal on numerical analysis,Q1,3.2
siam journal on optimization,Q1,2.6
siam journal on scientific computing,Q1,2.9
siam review,Q1,8.2
siberian electronic mathematical reports sibirskie elektronnye matematicheskie izvestiya,Q4,0.3
siberian historical research sibirskie istoricheskie issledovaniya,Q2,0.3
siberian mathematical journal,Q3,0.5
sibirica interdisciplinary journal of siberian studies,Q2,0.7
sibirskii filologicheskii zhurnal,,0.2
sibirskiy psikhologicheskiy zhurnal siberian journal of psychology,Q4,0.4
sice journal of control measurement and system integration,Q4,0.8
sicot j,Q2,2.4
sight and sound,,0.1
sigma journal of engineering and natural sciences sigma muhendislik ve fen bilimleri dergisi,Q3,1
sigmae,Q4,<0.1
sigmod record,Q3,1.8
sign language linguistics,Q3,1
sign language studies,Q3,0.9
sign systems studies,,1.3
signa revista de la asociacion espanola de semiotica,,0.8
signal image and video processing,Q3,2.7
signal processing,Q2,3.7
signal processing image communication,Q3,2.1
signal transduction and targeted therapy,Q1,81.2
signals,Q2,2.9
signo y sena revista del instituto de linguistica,,0.1
signs,Q2,1.9
signs and society,Q1,2
sikh formations religion culture theory,,0.2
silicon,Q2,4.1
silva fennica,Q2,2.1
silvae genetica,Q4,1
simbiotica,Q4,0.1
simiolus netherlands quarterly for the history of art,,0.1
simplegadi,,<0.1
simulation gaming,Q2,2.2
simulation in healthcare journal of the society for simulation in healthcare,Q2,2.9
simulation modelling practice and theory,Q1,4.6
simulation transactions of the society for modeling and simulation international,Q3,1.7
singapore economic review,Q3,1.2
singapore journal of tropical geography,Q2,2.3
singapore medical journal,Q2,2.7
sino christian studies,,<0.1
sintagma,Q4,0.3
sirnak university journal of divinity faculty,,0.1
sisyphus journal of education,Q4,0.4
situarte,,<0.1
sixteenth century journal,Q2,0.3
siyasal journal of political sciences,Q4,0.4
skandinavskaya filologiya,,0.1
skase journal of theoretical linguistics,Q3,0.5
skeletal muscle,Q3,3.9
skeletal radiology,Q2,2.5
skhidnoievropeiskyi istorychnyi visnyk east european historical bulletin,Q2,0.4
skin appendage disorders,Q3,1.3
skin pharmacology and physiology,Q1,4.1
skin research and technology,Q2,2.8
slas discovery,Q2,3.3
slas technology,Q2,3.7
slavery abolition,Q1,0.7
slavia casopis pro slovanskou filologii,,<0.1
slavia meridionalis,,<0.1
slavic and east european journal,,0.1
slavic literatures,,0.2
slavic review,Q4,0.2
slavonic and east european review,,0.3
slavonica,,0.2
sleep,Q1,7
sleep advances,Q3,2.2
sleep and biological rhythms,Q3,2
sleep and breathing,Q3,2.4
sleep health,Q1,4.8
sleep medicine,Q1,4.1
sleep medicine clinics,Q2,2.9
sleep medicine reviews,Q1,11.6
sleep medicine x,Q3,2.4
sleep science,Q4,1.6
slovak journal of civil engineering,Q4,0.6
slovene international journal of slavic studies,,0.1
slovenian journal of public health,Q3,1.9
slovenian veterinary research,Q3,0.8
slovenska archeologia,,0.1
slovenska literatura,,0.1
slovensky narodopis slovak ethnology,Q4,0.2
slovo,,<0.1
slovo a slovesnost,Q4,0.3
small,Q1,11.8
small axe,,0.2
small business economics,Q1,5.9
small enterprise research,Q4,1.2
small group research,Q3,1.9
small methods,Q1,8.7
small ruminant research,Q2,1.8
small scale forestry,Q2,2.4
small science,Q2,7
small structures,Q1,8.9
small wars and insurgencies,Q3,1.4
smart agricultural technology,Q1,7.1
smart and sustainable built environment,Q1,5.7
smart and sustainable manufacturing systems,Q4,1.2
smart cities,Q1,6.6
smart energy,Q2,6.1
smart grids and sustainable energy,Q3,2.7
smart health,Q3,3.4
smart journal of business management studies,Q4,0.3
smart learning environments,Q1,17.9
smart materials and structures,Q2,3.8
smart materials in manufacturing,Q1,13.3
smart medicine,Q1,12.8
smart molecules,Q1,16.8
smart science,Q2,1.6
smart structures and systems,Q3,1.4
smartmat,Q1,14.3
smith college studies in social work,Q2,1.4
sn applied sciences,Q2,3.2
snippets,,0.2
socar proceedings,Q3,0.8
soccer society,Q3,1.3
social alternatives,Q4,0.2
social analysis,Q3,0.8
social and health sciences,Q4,0.3
social and personality psychology compass,Q2,2.9
social anthropology,Q1,2.2
social behavior and personality,Q4,1.3
social choice and welfare,Q3,1.3
social cognition,Q4,1.1
social cognitive and affective neuroscience,Q1,3.6
social compass,Q3,1.1
social cultural geography,Q2,1.9
social currents,Q2,2.1
social development,Q3,1.9
social dynamics a journal of african studies,Q1,1.3
social enterprise journal,Q3,2.5
social epistemology,Q1,2.1
social evolution history,Q3,0.6
social forces,Q1,2.6
social history,Q1,1.1
social history of medicine,Q1,0.5
social identities,Q2,1.3
social inclusion,Q2,1.3
social indicators research,Q1,3.2
social influence,Q4,1.2
social issues and policy review,Q1,5.6
social justice research,Q2,2
social legal studies,Q1,1.7
social marketing quarterly,Q3,2.3
social media society,Q1,5.8
social movement studies,Q1,2.5
social network analysis and mining,Q2,3.2
social networks,Q1,2.7
social neuroscience,Q3,2
social philosophy and policy,Q3,1
social policy administration,Q1,2.2
social policy and society,Q1,1.8
social politics,Q1,2.4
social problems,Q1,2.5
social psychiatry and psychiatric epidemiology,Q2,3.5
social psychological and personality science,Q1,3.4
social psychological bulletin,Q2,2.3
social psychology,Q4,1.2
social psychology and society,Q4,0.6
social psychology of education,Q1,3.9
social psychology quarterly,Q2,1.8
social research,Q3,0.8
social responsibility journal,Q1,5.2
social science computer review,Q1,4.3
social science history,Q1,1.3
social science information sur les sciences sociales,Q2,1.9
social science japan journal,Q1,1.4
social science journal,Q1,2.3
social science medicine,Q1,4.1
social science quarterly,Q2,1.6
social science research,Q1,3.1
social sciences and missions sciences sociales et missions,,0.3
social sciences basel,Q1,2
social sciences in china,Q2,1.1
social semiotics,Q1,2.4
social service review,Q1,2.8
social studies of science,Q1,3.2
social text,Q1,1.2
social theory health,Q2,2.3
social welfare interdisciplinary approach,Q4,0.3
social work,Q1,2.5
social work education,Q2,1.3
social work in health care,Q2,1.5
social work in mental health,Q3,1
social work in public health,Q3,1
social work maatskaplike werk,Q4,0.7
social work research,Q2,1.7
social work with groups,Q2,1.5
socialine teorija empirija politika ir praktika,Q4,0.5
socialist studies,Q4,0.3
sociedad e infancias,Q4,0.3
sociedades precapitalistas,Q3,0.1
societamutamentopolitica rivista italiana di sociologia,Q4,0.2
societes,,0.1
societies,Q2,2.2
society,Q2,1.5
society and business review,Q3,2.7
society and mental health,Q1,3.2
society animals,Q2,1.6
society natural resources,Q2,2.1
socio economic planning sciences,Q1,5.2
socio economic review,Q1,3
sociobiology,Q3,0.9
sociohistorica cuadernos del cish,Q4,<0.1
sociolinguistic studies,Q3,0.9
sociolinguistica,Q3,0.8
sociologia,Q3,0.9
sociologia nauki i tehnologij sociology of science technology,Q4,0.2
sociologia ruralis,Q1,2.8
sociologia y tecnociencia,Q4,0.6
sociologica international journal for sociological debate,Q2,1.6
sociological forum,Q2,1.6
sociological inquiry,Q3,1.4
sociological methodology,Q1,2.9
sociological methods research,Q1,5.3
sociological perspectives,Q2,1.6
sociological quarterly,Q2,1.7
sociological research online,Q3,1.5
sociological review,Q1,2.9
sociological science,Q1,2.8
sociological spectrum,Q3,1.1
sociological theory,Q1,4.3
sociologiceskoe obozrenie,Q4,0.5
sociologicky casopis czech sociological review,Q4,0.4
sociologie du travail,Q4,0.5
sociologija,Q4,0.6
sociologisk forskning,Q4,0.3
sociologus,Q4,0.1
sociology compass,Q1,2.5
sociology lens,Q1,0.6
sociology of development,Q2,1.6
sociology of education,Q1,4.4
sociology of health illness,Q1,2.6
sociology of race and ethnicity,Q1,2.6
sociology of religion,Q2,2.2
sociology of sport journal,Q2,2.4
sociology the journal of the british sociological association,Q1,3.3
socius,Q2,1.9
sodobna pedagogika journal of contemporary educational studies,Q4,0.2
soft materials,Q4,1.1
soft matter,Q2,2.9
soft robotics,Q2,5.5
soft science,Q1,15.9
software and systems modeling,Q2,3
software impacts,Q3,1.5
software practice experience,Q2,3.5
software quality journal,Q3,2.4
software testing verification reliability,Q3,1.7
softwarex,Q3,1.9
soil,Q1,5.1
soil and water research,Q3,2.1
soil biology biochemistry,Q1,12.2
soil dynamics and earthquake engineering,Q1,5.1
soil ecology letters,Q1,4
soil environment,Q4,0.8
soil environmental health,Q1,9.4
soil mechanics and foundation engineering,Q4,0.7
soil research,Q4,1.6
soil science and plant nutrition,Q2,2.1
soil science annual,Q4,1.3
soil science society of america journal,Q3,2.6
soil sediment contamination,Q4,1.9
soil systems,Q2,4.1
soil tillage research,Q1,8.4
soil use and management,Q2,3.6
soils and foundations,Q2,3.7
soils and rocks,Q3,1.3
sojourn journal of social issues in southeast asia,Q3,0.4
sola,Q4,1.2
solar,Q2,5.1
solar energy,Q2,7.9
solar energy materials and solar cells,Q1,6.6
solar physics,Q2,2.4
solar rrl,Q2,4.8
solar system research,Q4,0.7
solar terrestrial physics,Q4,0.6
soldagem inspecao,Q3,1.7
soldering surface mount technology,Q2,2.2
soletras,,<0.1
solid earth,Q2,2.3
solid earth sciences,Q2,2.7
solid fuel chemistry,Q4,0.8
solid state communications,Q3,2.8
solid state electronics,Q4,1.4
solid state ionics,Q2,3.7
solid state nuclear magnetic resonance,Q3,1.8
solid state sciences,Q2,3.6
solids,Q4,2.1
solvent extraction and ion exchange,Q3,2.1
solvent extraction research and development japan,Q4,0.6
somatechnics,Q3,0.8
somatosensory and motor research,Q4,1.5
somnologie,Q4,0.8
sonography,Q4,0.4
sophia,,0.6
sophia coleccion de filosofia de la educacion,Q3,1
sophia educacion,Q4,<0.1
sort statistics and operations research transactions,Q2,1.6
sosyoekonomi,Q4,0.6
sotsiologicheskie issledovaniya,Q4,0.6
sound and vibration,Q1,4.2
sound studies,,0.8
source notes in the history of art,,0.3
south african actuarial journal,Q4,<0.1
south african crime quarterly sacq,Q3,1
south african family practice,Q2,1.2
south african geographical journal,Q2,1.6
south african historical journal,Q2,0.3
south african journal for research in sport physical education and recreation,Q3,0.7
south african journal of accounting research,Q3,1.7
south african journal of african languages,,0.3
south african journal of animal science,Q4,0.8
south african journal of art history,,0.1
south african journal of botany,Q2,3.1
south african journal of business management,Q3,1.7
south african journal of chemical engineering,Q1,6.3
south african journal of chemistry suid afrikaanse tydskrif vir chemie,Q4,1.1
south african journal of child health,Q4,0.5
south african journal of childhood education,Q3,0.9
south african journal of clinical nutrition,Q4,1.4
south african journal of communication disorders,Q2,1.7
south african journal of cultural history,Q3,0.1
south african journal of economic and management sciences,Q3,1.2
south african journal of economics,Q3,1.3
south african journal of education,Q3,0.7
south african journal of enology and viticulture,Q4,1.4
south african journal of geology,Q2,1.1
south african journal of geomatics,Q4,0.6
south african journal of higher education,Q3,0.8
south african journal of industrial engineering,Q4,0.7
south african journal of information management,Q3,1.1
south african journal of international affairs sajia,Q2,1.9
south african journal of libraries and information science,Q3,1.1
south african journal of philosophy,,0.3
south african journal of physiotherapy,Q3,1.3
south african journal of plant and soil,Q4,0.6
south african journal of psychiatry,Q4,1.3
south african journal of psychology,Q3,1.1
south african journal of science,Q2,1.9
south african journal of surgery,Q4,0.6
south african journal on human rights,Q2,0.6
south african museums association bulletin,,<0.1
south african review of sociology,Q4,0.5
south african statistical journal,Q4,0.4
south african theatre journal,,0.3
south american journal of herpetology,Q3,1
south asia journal of south asian studies,Q1,0.5
south asia research,Q3,0.4
south asian diaspora,Q3,0.6
south asian history and culture,,0.5
south asian journal of business studies,Q3,2.9
south asian journal of cancer,Q4,0.7
south asian journal of human resource management,Q3,1.7
south asian journal of macroeconomics and public finance,Q3,0.9
south asian popular culture,Q3,0.3
south asian review,,0.6
south asian studies,,0.6
south atlantic quarterly,Q2,1.1
south central review,,0.1
south east asia research,,0.7
south east asian journal of management,Q4,1
south east european journal of economics and business,Q4,0.6
south european society and politics,Q1,3.4
south of russia ecology development,Q4,0.3
southeast asian bulletin of mathematics,Q4,0.1
southeast asian studies,Q2,0.9
southeast european and black sea studies,Q1,2.1
southeastern europe,Q3,0.5
southeastern geographer,Q3,0.9
southeastern naturalist,Q4,0.4
southern african business review,Q3,0.5
southern african humanities,,0.6
southern african journal of accountability and auditing research sajaar,Q4,0.3
southern african journal of anaesthesia and analgesia,Q4,0.3
southern african journal of critical care,Q4,1.2
southern african journal of entrepreneurship and small business management sajesbm,Q3,1.7
southern african journal of gynaecological oncology,Q4,<0.1
southern african journal of hiv medicine,Q3,1.8
southern african journal of infectious diseases,Q4,1.2
southern african linguistics and applied language studies,Q3,0.5
southern california law review,Q1,1.4
southern communication journal,Q3,0.7
southern cultures,Q2,0.3
southern economic journal,Q3,1.1
southern forests a journal of forest science,Q3,1.2
southern humanities review,,<0.1
southern journal of philosophy,,0.6
southern medical journal,Q3,0.9
southwestern entomologist,Q4,0.4
southwestern historical quarterly,Q2,0.3
southwestern naturalist,Q4,0.3
soviet and post soviet review,Q1,0.7
sovremennye tehnologii v medicine,Q4,1
soziale welt zeitschrift fur sozialwissenschaftliche forschung und praxis,Q4,0.6
space,,0.1
space and culture,Q1,1.2
space and polity,Q2,1.4
space form,,0.2
space policy,Q1,2.7
space science and technology,Q4,0.4
space science reviews,Q1,9.8
space science technology,Q1,6.4
space weather the international journal of research and applications,Q1,3.8
spal,,0.7
spanish in context,Q3,0.6
spanish journal of agricultural research,Q3,1
spanish journal of finance and accounting revista espanola de financiacion y contabilidad,Q3,1
spanish journal of marketing esic,Q1,6
spanish journal of medical education,Q4,0.7
spanish journal of psychiatry and mental health,Q2,2.6
spanish journal of psychology,Q1,2.8
spanish journal of soil science,Q3,2.6
spatial and spatio temporal epidemiology,Q3,1.5
spatial cognition and computation,Q3,1.8
spatial demography,Q3,1.6
spatial economic analysis,Q1,2.9
spatial information research,Q3,2.5
spatial statistics,Q1,2.7
spazi della musica,,<0.1
spe journal,Q2,2.9
spe polymers,Q1,6.4
special care in dentistry,Q3,1.4
special matrices,Q3,0.7
special topics reviews in porous media an international journal,Q3,2.1
spectrochimica acta part a molecular and biomolecular spectroscopy,Q1,4.8
spectrochimica acta part b atomic spectroscopy,Q1,3.5
spectroscopy,Q3,1.7
spectroscopy and spectral analysis,Q4,0.8
spectroscopy letters,Q3,1.4
spectrum,Q3,0.7
specula revista de humanidades y espiritualidad,Q3,0.1
speculum a journal of medieval studies,,1
speech communication,Q2,2.9
speech language and hearing,Q3,1.1
spektrum der augenheilkunde,Q4,0.1
spiegel der letteren,,<0.1
spin,Q4,0.8
spinal cord,Q2,1.8
spinal cord series and cases,Q4,0.7
spine,Q1,3.7
spine deformity,Q3,1.7
spine journal,Q1,5.1
spine surgery and related research,Q3,1.6
spirituality in clinical practice,Q4,0.9
spirituality studies,,0.4
spiritus a journal of christian spirituality,,0.6
spisanie na bulgarskoto geologichesko druzhestvo review of the bulgarian geological society,Q4,0.3
spixiana,Q4,0.5
sport business and management an international journal,Q3,1.9
sport education and society,Q1,2.7
sport ethics and philosophy,Q3,1.4
sport exercise and performance psychology,Q2,3.4
sport history review,Q1,0.5
sport in history,Q4,0.6
sport in society,Q2,2.1
sport management education journal,Q3,0.9
sport management review,Q1,3.9
sport marketing quarterly,Q3,1.8
sport psychologist,Q3,1.3
sport sciences for health,Q3,1.3
sport tk revista euroamericana de ciencias del deporte,Q4,0.3
sportis scientific technical journal of school sport physical education and psychomotricity,Q3,1
sports,Q1,3.2
sports biomechanics,Q3,2
sports coaching review,Q3,2.2
sports engineering,Q3,1.4
sports health a multidisciplinary approach,Q2,3.1
sports medicine,Q1,11
sports medicine and arthroscopy review,Q3,1.5
sports medicine and health science,Q2,3.1
sports medicine open,Q1,6.2
sportverletzung sportschaden,Q4,0.5
sprache stimme gehor,Q4,0.1
sprachwissenschaft,,0.1
spur scholarship and practice of undergraduate research,Q3,0.7
sravnitelnaya politika comparative politics,Q4,0.1
sri lanka journal of social sciences,Q3,1
sri lankan journal of anaesthesiology,Q4,0.2
srpski arhiv za celokupno lekarstvo,Q4,0.2
ssm mental health,Q1,3.4
ssm population health,Q1,3.7
ssm qualitative research in health,Q2,2.5
st petersburg mathematical journal,Q3,0.5
st petersburg polytechnic university journal physics and mathematics,Q4,0.2
st theresa journal of humanities and social sciences,Q4,0.1
stability international journal of security and development,Q1,4
stahlbau,Q4,0.5
stand,,<0.1
stanford law review,Q1,4.6
stanislavski studies,,0.1
stanovnistvo,Q4,0.6
staps sciences et techniques des activites physiques et sportives,Q4,0.4
star protocols,Q4,1.4
starch starke,Q3,2.6
stat,Q3,0.8
stata journal,Q1,3
state crime,Q2,2
state politics policy quarterly,Q3,1.2
statistica neerlandica,Q3,1
statistica sinica,Q3,1.2
statistical analysis and data mining an asa data science journal,Q3,1.1
statistical applications in genetics and molecular biology,Q3,0.8
statistical journal of the iaos,Q4,0.6
statistical methods and applications,Q2,1.3
statistical methods in medical research,Q1,2.4
statistical modelling,Q3,0.8
statistical papers,Q2,1.5
statistical science,Q1,6.6
statistical theory and related fields,Q1,2.4
statistics,Q2,1.4
statistics and applications,Q4,0.5
statistics and computing,Q2,1.8
statistics and its interface,Q4,0.4
statistics and public policy,Q4,0.9
statistics in biopharmaceutical research,Q2,1.6
statistics in biosciences,Q4,0.5
statistics in medicine,Q1,2.1
statistics in transition,Q4,0.4
statistics probability letters,Q4,0.7
statistics risk modeling,Q4,0.5
statistics surveys,Q1,8.2
statistika statistics and economy journal,Q4,0.6
stats,Q3,1.1
statute law review,Q2,0.6
steel and composite structures,Q2,3.2
steel construction design and research,Q3,1.8
steel research international,Q2,2.3
steinbeck review,,0.1
stellenbosch papers in linguistics plus spil plus,Q4,0.3
stellenbosch theological journal,,0.2
stem cell reports,Q1,5.6
stem cell research,Q4,0.6
stem cell research therapy,Q1,7.8
stem cell reviews and reports,Q2,4.9
stem cells,Q1,4.8
stem cells and cloning advances and applications,Q4,1.7
stem cells and development,Q3,1.9
stem cells international,Q3,3.6
stem cells translational medicine,Q1,5.9
stereotactic and functional neurosurgery,Q2,2.1
steroids,Q3,2.7
stigma and health,Q3,1.7
stilistica e metrica italiana,,0.1
stoa,,0.1
stochastic analysis and applications,Q4,0.6
stochastic environmental research and risk assessment,Q1,3.8
stochastic models,Q4,0.7
stochastic processes and their applications,Q3,1.2
stochastics an international journal of probability and stochastic processes,Q3,0.8
stochastics and dynamics,Q4,0.6
stochastics and partial differential equations analysis and computations,Q1,2.2
storia del pensiero politico,Q4,0.1
storia dell arte,,<0.1
storia delle donne,Q4,0.1
storica,Q3,0.1
storinky istoriyi history pages,Q3,0.1
strabismus,Q4,0.7
strahlentherapie und onkologie,Q2,2.8
strain,Q3,1.8
strategic analysis,Q4,0.6
strategic behavior and the environment,Q4,0.2
strategic change briefings in entrepreneurial finance,Q1,4.3
strategic entrepreneurship journal,Q1,6.7
strategic management,Q3,1.5
strategic management journal,Q1,7.6
strategic organization,Q3,3
strategic review for southern africa,Q4,0.3
strategies in trauma and limb reconstruction,Q4,0.7
strategy science,Q1,6.7
stratigraphy,Q2,1.4
stratigraphy and geological correlation,Q2,1.1
stratum plus,,0.3
strenae recherches sur les livres et les objets culturels de l enfance,,0.1
strength and conditioning journal,Q1,3.2
strength fracture and complexity,Q4,0.2
strength of materials,Q4,0.8
stress and health,Q2,2.9
stress biology,Q1,6.4
stress the international journal on the biology of stress,Q1,3.7
strojniski vestnik journal of mechanical engineering,Q3,1.6
stroke,Q1,11.1
stroke and vascular neurology,Q1,4.8
stroke research and treatment,Q3,1.8
stroke vascular and interventional neurology,Q2,3.1
structural and multidisciplinary optimization,Q1,4.5
structural change and economic dynamics,Q1,6.1
structural chemistry,Q3,2.3
structural concrete,Q2,3.4
structural control health monitoring,Q1,5
structural design of tall and special buildings,Q3,1.8
structural dynamics us,Q2,2.9
structural engineering and mechanics,Q2,3.2
structural engineering international,Q3,1.3
structural equation modeling a multidisciplinary journal,Q1,3.5
structural health monitoring an international journal,Q1,5.7
structural heart the journal of the heart team,Q2,3.4
structural integrity and life integritet i vek konstrukcija,Q3,0.9
structural monitoring and maintenance an international journal,Q4,0.9
structural safety,Q1,5.7
structure,Q1,4.6
structure and infrastructure engineering,Q2,3.1
structures,Q1,4.9
strumenti critici,,0.1
student success,Q2,1.5
studi e problemi di critica testuale,,<0.1
studi e saggi linguistici,Q4,0.3
studi francesi,,<0.1
studi irlandesi a journal of irish studies,Q4,0.1
studi ispanici,,0.1
studi kantiani,,0.1
studi medievali,,0.1
studi musicali nuova serie,,<0.1
studi pasoliniani rivista internazionale,,0.1
studi piemontesi,,<0.1
studi secenteschi,,<0.1
studi storici,Q3,0.2
studia aurea revista de literatura espanola y teoria literaria del renacimiento y siglo de oro,,0.5
studia austriaca,,0.1
studia canonica,,0.2
studia ceranea,,<0.1
studia et documenta,,0.1
studia ethnologica croatica,Q4,0.2
studia europejskie studies in european affairs,Q3,0.5
studia geophysica et geodaetica,Q4,1
studia geotechnica et mechanica,Q4,1.1
studia historiae oeconomicae,Q2,0.3
studia historiae scientiarum,Q3,0.3
studia historica historia antigua,Q4,<0.1
studia historica historia medieval,,0.2
studia historica historia moderna,Q2,0.3
studia islamika,,0.5
studia leibnitiana,,<0.1
studia linguistica,,0.7
studia litterarum,,0.2
studia logica,Q2,0.9
studia mathematica,Q3,0.7
studia metrica et poetica,,0.6
studia musicologica,,0.2
studia neoaristotelica a journal of analytical scholasticism,,0.1
studia neophilologica,,0.3
studia phaenomenologica,,0.3
studia philosophica kantiana,,0.2
studia prawnicze kul,Q4,0.1
studia psychologica,Q4,0.8
studia quaternaria,Q4,0.6
studia rosenthaliana,,0.1
studia scientiarum mathematicarum hungarica,Q3,0.5
studia semiotyczne,,0.1
studia slavica et balcanica petropolitana,Q3,0.2
studia theodisca,,0.2
studia theologica czech republic,,0.1
studia theologica nordic journal of theology,,0.8
studia universitatis babes bolyai chemia,Q4,0.6
studia universitatis babes bolyai mathematica,Q3,0.5
studia universitatis babes bolyai musica,,0.1
studia universitatis babes bolyai philologia,,0.1
studia universitatis babes bolyai philosophia,,0.2
studia universitatis vasile goldis arad seria stiinte economice,Q3,0.9
studia warminskie,,0.2
studia z filologii polskiej i slowianskiej,,0.1
studia z prawa wyznaniowego,Q3,0.4
studien zur deutschen sprache und literatur alman dili ve edebiyati dergisi,Q4,0.1
studies in agricultural economics,Q3,1.4
studies in american fiction,,0.3
studies in american humor,,0.6
studies in american jewish literature,,0.1
studies in american political development,Q3,1.3
studies in applied mathematics,Q1,2.4
studies in art education,Q3,1.3
studies in australasian cinema,,0.3
studies in business and economics,Q3,1.2
studies in canadian literature etudes en litterature canadienne,,0.1
studies in chinese religions,,0.2
studies in christian ethics,,0.5
studies in clinical social work transforming practice education and research,Q4,0.6
studies in comics,,0.1
studies in comparative international development,Q2,1.9
studies in conflict terrorism,Q2,1.8
studies in conservation,Q4,0.9
studies in continuing education,Q2,1.9
studies in documentary film,,0.6
studies in east european thought,Q4,0.4
studies in eastern european cinema,,0.5
studies in economics and finance,Q2,2.7
studies in educational evaluation,Q1,3.9
studies in english literature 1500 1900,,0.3
studies in ethnicity and nationalism,Q3,0.6
studies in european cinema,,0.2
studies in family planning,Q1,3.9
studies in graduate and postdoctoral education,Q3,1.2
studies in higher education,Q1,4.9
studies in history,Q2,0.3
studies in history and philosophy of science,Q1,1.3
studies in history and theory of architecture studii de istoria si teoria arhitecturii,,0.2
studies in indian politics,Q3,0.6
studies in informatics and control,Q3,1.8
studies in language,Q3,0.6
studies in language assessment,Q3,0.5
studies in latin american popular culture,,0.1
studies in musical theatre,,<0.1
studies in mycology,Q1,18.3
studies in nonlinear dynamics and econometrics,Q3,1.2
studies in peoples history,Q3,0.2
studies in philology,,0.2
studies in philosophy and education,Q3,1.2
studies in psychology,Q3,0.9
studies in psychology psikoloji calismalari dergisi,Q4,0.3
studies in religion sciences religieuses,,0.3
studies in romanticism,,0.1
studies in russian and soviet cinema,,0.1
studies in science education,Q1,10.3
studies in second language acquisition,Q1,5.2
studies in second language learning and teaching,Q1,5.1
studies in self access learning journal,Q3,0.7
studies in social justice,Q3,0.6
studies in spirituality,,N/A
studies in the education of adults niace,Q3,1.1
studies in the history of gardens designed landscapes,,0.3
studies in the novel,,0.4
studies in theatre and performance,,0.4
studies in world christianity,,0.4
studies on neotropical fauna and environment,Q4,0.6
studii de lingvistica,,<0.1
studijne zvesti archeologickeho ustavu slovenskej akademie vied,,0.1
studying teacher education,Q2,1.6
stuf language typology and universals,,0.5
style,,0.5
su urunleri dergisi,Q4,0.5
sub stance,,0.6
subjectivity,Q2,1.1
substance abuse,Q2,2.7
substance abuse and rehabilitation,Q1,3.2
substance abuse research and treatment,Q1,4.3
substance abuse treatment prevention and policy,Q1,3.4
substance use addiction journal,Q2,2.4
substance use misuse,Q3,1.7
substance use research and treatment,Q3,1.8
subterranean biology,Q3,1.2
sucht interdisciplinary journal of addiction research,Q4,0.8
suchttherapie,Q4,0.2
sudan journal of medical sciences,Q3,0.6
sugar industry international,Q4,0.1
sugar industry zuckerindustrie,Q4,0.3
sugar tech,Q2,1.9
suicide and life threatening behavior,Q2,2.5
suicidology,Q4,0.1
suma de negocios,Q4,0.7
sumarski list,Q4,0.5
sun yat sen journal of humanities,,<0.1
sungkyun journal of east asian studies,,0.3
superconductivity,Q1,9.2
superconductor science technology,Q2,3.4
supply chain analytics,Q1,9.1
supply chain forum,Q3,2.4
supply chain management an international journal,Q1,11
support for learning,Q4,0.8
supportive care in cancer,Q1,3.4
supramolecular chemistry,Q4,1.3
supramolecular materials,Q1,8.2
supreme court review,Q1,2.3
suranaree journal of science and technology,Q4,0.3
surface and interface analysis,Q3,2.7
surface coatings international,Q4,0.1
surface coatings technology,Q1,6.9
surface engineering,Q3,2.2
surface engineering and applied electrochemistry,Q4,0.8
surface innovations,Q3,1.9
surface review and letters,Q4,1.1
surface science,Q3,2.3
surface science and technology,Q1,7
surface science reports,Q1,11.6
surface science spectra,Q4,1.4
surface topography metrology and properties,Q2,2.3
surfaces,Q3,2.7
surfaces and interfaces,Q1,6
surgeon journal of the royal colleges of surgeons of edinburgh and ireland,Q1,2.7
surgeries,Q3,1.5
surgery,Q1,3.2
surgery for obesity and related diseases,Q1,3.2
surgery in practice and science,Q3,1.2
surgery journal,Q4,0.8
surgery open science,Q3,1.6
surgery today,Q2,2.3
surgical and radiologic anatomy,Q2,1.5
surgical case reports,Q4,0.7
surgical clinics of north america,Q2,2.5
surgical endoscopy and other interventional techniques,Q1,3.3
surgical infections,Q3,1.7
surgical innovation,Q2,2.2
surgical laparoscopy endoscopy percutaneous techniques,Q3,1.3
surgical oncology clinics of north america,Q2,1.9
surgical oncology insight,Q3,1
surgical oncology oxford,Q2,2.1
surgical practice,Q4,0.2
surgical techniques development,Q4,0.5
surgical technology international international developments in surgery and surgical research,Q3,1.1
surveillance society,Q2,1.4
survey methodology,Q4,0.6
survey of ophthalmology,Q1,6.8
survey research methods,Q3,1
survey review,Q3,1.4
surveys in geophysics,Q1,6.2
survival,Q3,1.4
susmat,Q1,19.2
sustainability,Q2,4.1
sustainability accounting management and policy journal,Q1,8.8
sustainability and climate change,Q4,0.8
sustainability science,Q2,5.3
sustainability science practice and policy,Q2,4.9
sustainable and resilient infrastructure,Q3,2.4
sustainable chemistry,Q2,5
sustainable chemistry and pharmacy,Q1,6.7
sustainable chemistry for climate action,Q1,9.1
sustainable cities and society,Q1,13.3
sustainable computing informatics systems,Q1,6.2
sustainable development,Q1,9.3
sustainable energy fuels,Q2,4.6
sustainable energy grids networks,Q1,5.7
sustainable energy technologies and assessments,Q2,7.4
sustainable environment,Q2,3.9
sustainable environment research,Q2,4.5
sustainable food technology,Q1,9
sustainable futures,Q1,6.7
sustainable horizons,Q1,7.8
sustainable materials and technologies,Q1,9.7
sustainable production and consumption,Q1,9.2
sustainable structures,Q1,9
sustainable water resources management,Q3,2.6
suvremena lingvistika,,0.4
svmma revista de cultures medievals,,0.1
swarm and evolutionary computation,Q1,9.6
swarm intelligence,Q3,2.5
swiat i slowo,,<0.1
swiss journal of geosciences,Q2,2.4
swiss journal of palaeontology,Q1,2.4
swiss medical weekly,Q2,1.6
swiss political science review,Q2,1.9
sydney law review,Q2,0.6
sydowia,Q4,1.2
sylwan,Q4,0.7
symbiosis,Q3,2.9
symbolae osloenses,,0.2
symbolic interaction,Q3,1.5
symmetry basel,Q2,2.2
symmetry culture and science,Q4,0.2
symmetry integrability and geometry methods and applications,Q2,1.1
symploke,Q4,0.2
symposium a quarterly journal in modern literatures,,0.8
symposium canadian journal of continental philosophy,,0.1
synapse structure function connectivity,Q3,2.5
synesis,,0.2
synlett,Q3,1.5
synopen,Q2,2.5
syntax a journal of theoretical experimental and interdisciplinary research,Q2,1.3
synthese,Q1,1.5
synthesis la plata,,0.4
synthesis philosophica,,0.1
synthesis stuttgart,Q3,2.2
synthetic and systems biotechnology,Q2,4.8
synthetic biology,Q1,4.7
synthetic communications,Q3,2
synthetic metals,Q2,4.5
system,Q1,8
system dynamics review,Q1,4.3
systematic and applied acarology,Q3,1.1
systematic and applied microbiology,Q3,3.2
systematic biology,Q1,6.2
systematic botany,Q4,0.9
systematic entomology,Q1,4.3
systematic parasitology,Q3,1.5
systematic reviews,Q1,5.7
systematics and biodiversity,Q2,2.1
systemic practice and action research,Q3,1.8
systems,Q1,3.8
systems and soft computing,Q2,3.6
systems biology in reproductive medicine,Q3,2
systems control letters,Q2,2.8
systems engineering,Q3,1.9
systems microbiology and biomanufacturing,Q2,3.5
systems research and behavioral science,Q2,1.9
systems science control engineering,Q1,5.6
sztuka i dokumentacja art documentation,,<0.1
taida journal of art history,,0.1
taiwan journal of east asian studies,,<0.1
taiwan journal of linguistics,,0.6
taiwan journal of ophthalmology,Q3,1.4
taiwan journal of tesol,Q4,0.3
taiwanese journal of mathematics,Q2,1.1
taiwanese journal of obstetrics gynecology,Q2,2.7
taiwania,Q3,1.1
talanta,Q1,6.7
talanta open,Q2,5.1
talia dixit revista interdisciplinar de retorica e historiografia,,0.1
taller de la historia,Q4,<0.1
taller de letras,,0.2
taltech journal of european studies,Q2,0.7
tamkang journal of mathematics,Q3,0.5
tang studies,,0.3
tangence,,<0.1
tanz,,<0.1
tappi journal,Q4,0.6
tapuya latin american science technology and society,Q2,0.9
target international journal of translation studies,Q2,1.5
targeted oncology,Q1,5.1
tarih incelemeleri dergisi,Q3,0.1
taxon,Q3,1.9
taxonomy,Q2,1.3
td the journal for transdisciplinary research in southern africa,Q3,1
tdr the drama review the journal of performance studies,,0.4
teacher development,Q3,1.3
teacher education and special education,Q1,2.7
teachers and teaching,Q1,2.8
teachers college record,Q3,1.3
teaching and learning in medicine,Q2,2.4
teaching and learning in nursing,Q2,2.5
teaching and teacher education,Q1,4.3
teaching artist journal,Q4,0.3
teaching education,Q2,1.9
teaching exceptional children,Q4,1
teaching in higher education,Q1,3.9
teaching learning inquiry the issotl journal,Q2,2.3
teaching mathematics and its applications,Q3,1
teaching of mathematics,Q4,0.2
teaching of psychology,Q2,1.7
teaching philosophy,,0.2
teaching public administration,Q3,1.3
teaching sociology,Q3,1.2
teaching statistics,Q3,1.3
teaching theology and religion,Q4,0.3
team performance management,Q3,2.5
teatro e storia,,0.1
tec empresarial,Q3,2.2
techne journal of technology for architecture and environment,,0.7
technical communication quarterly,Q3,1
technical innovations patient support in radiation oncology,Q3,2
technical physics,Q4,0.4
technical physics letters,Q4,0.8
technical services quarterly,Q3,1
techniques and innovations in gastrointestinal endoscopy,Q4,1.1
techniques in coloproctology,Q2,2.6
techniques in foot and ankle surgery,Q4,0.3
techniques in orthopaedics,Q4,0.1
techniques in vascular and interventional radiology,Q3,1.8
technoetic arts,,0.2
technological and economic development of economy,Q1,3.1
technological forecasting and social change,Q1,13.5
technologies,Q1,5.2
technology analysis strategic management,Q3,2.9
technology and culture,Q2,0.7
technology and disability,Q4,0.8
technology and health care,Q4,1.3
technology and innovation,Q3,0.9
technology architecture design,Q4,0.6
technology in cancer research treatment,Q3,2.7
technology in horticulture,Q2,2.1
technology in society,Q1,12.9
technology knowledge and learning,Q1,4.2
technology mind and behavior,Q1,3.4
technology pedagogy and education,Q1,2.5
technometrics,Q1,2.6
technovation,Q1,12
techtrends,Q1,5.2
tecnologia ciencia y educacion,Q4,0.6
tecnologia en marcha,Q4,0.2
tecnologia y ciencias del agua,Q4,0.4
tecnoscienza italian journal of science technology studies,Q3,0.9
tectonics,Q1,3.5
tectonophysics,Q2,2.4
tehnicki glasnik technical journal,Q4,0.7
tehnicki vjesnik technical gazette,Q3,1.3
tejuelo didactica de la lengua y la literatura,,0.6
teka komisji urbanistyki i architektury,,0.1
teknokultura revista de cultura digital y movimientos sociales,Q3,0.6
tekst kniga knigoizdanie text book publishing,,0.1
tekstil ve konfeksiyon,Q4,0.8
tekstilec,Q3,1.2
teksty drugie,,0.1
tel aviv journal of the institute of archaeology of tel aviv university,,1.2
telecom,Q3,2.8
telecommunication systems,Q3,2.2
telecommunications policy,Q1,6.5
telematics and informatics,Q1,9.9
telematics and informatics reports,Q1,5.9
telematique,Q4,0.2
telemedicine and e health,Q3,2.1
telemedicine reports,Q3,1.9
television new media,Q3,1.1
tellus series a dynamic meteorology and oceanography,Q4,1.4
tellus series b chemical and physical meteorology,Q4,1.1
telopea,Q4,0.8
telos,Q4,0.2
telos revista de estudios interdisciplinarios en ciencias sociales,Q4,0.4
tem journal technology education management informatics,Q4,0.9
tema journal of land use mobility and environment,Q3,1.8
temas agrarios,Q3,0.9
temas americanistas,Q3,0.1
temas de nuestra america revista de estudios latinoamericanos,Q4,0.1
temas y debates,Q4,0.1
temenos,,0.9
temida,Q4,0.2
tempo,,0.1
tempo e argumento,Q3,0.1
tempo niteroi,Q3,0.2
tempo social,Q4,0.4
tenside surfactants detergents,Q4,1.5
teoliteraria revista brasileira de literaturas e teologias,,0.1
teologia,,0.1
teologia y vida,,0.3
teorema,,<0.1
teoria de la educacion,Q3,1.2
teoria e pratica em administracao tpa,Q4,0.1
teoria rivista di filosofia,,<0.1
teoria y realidad constitucional,Q3,0.6
teorija in praksa,Q4,0.2
ter es tarsadalom,Q3,0.7
terapevticheskii arkhiv,Q4,0.3
terapia psicologica,Q4,0.8
tercio creciente,,0.1
terminology,Q3,1
terra economicus,Q4,0.7
terra latinoamericana,Q4,0.7
terra nova,Q3,1.9
terrae incognitae the journal of the society for the history of discoveries,Q3,0.2
terrestrial atmospheric and oceanic sciences,Q3,1.7
territoire en mouvement,Q4,0.1
territorios,Q4,0.5
territory politics governance,Q1,2.6
terrorism and political violence,Q2,2.2
tertiary education and management,Q2,2.4
tesl canada journal,Q3,1
tesol journal,Q2,2
tesol quarterly,Q1,5.1
test,Q2,1.5
tethys journal of mediterranean meteorology climatology,Q4,<0.1
tetrahedron,Q3,2.1
tetrahedron chem,Q1,3.5
tetrahedron letters,Q3,1.4
tetsu to hagane journal of the iron and steel institute of japan,Q4,0.4
texas heart institute journal,Q4,0.9
texas law review,Q1,2.1
texas studies in literature and language,,<0.1
text and performance quarterly,,0.2
text matters a journal of literature theory and culture,,0.1
text talk,Q3,0.9
textile cloth and culture,,0.5
textile history,,0.3
textile progress,Q1,4.4
textile research journal,Q2,2.2
textiles,Q1,4.8
texto livre linguagem e tecnologia,,0.8
textual practice,,0.3
textus,,0.1
th open,Q3,1.8
thai journal of mathematics,Q4,0.4
thai journal of veterinary medicine,Q4,0.6
thailand statistician,Q3,1
thalassas,Q3,1
thalassemia reports,Q2,2.4
theater,,0.1
theater heute,,<0.1
theatre dance and performance training,,0.3
theatre history studies,,0.1
theatre journal,,0.6
theatre notebook,,0.3
theatre research international,,0.6
theatre survey,,0.1
theleme revista complutense de estudios franceses,,0.1
themata revista de filosofia,,0.1
theological studies,,0.8
theology,,0.2
theology and science,Q2,0.7
theology sexuality,,0.6
theology today,,0.1
theoretical and applied climatology,Q3,3.2
theoretical and applied ecology,Q4,0.5
theoretical and applied fracture mechanics,Q1,6
theoretical and applied genetics,Q1,4.1
theoretical and applied mechanics,Q4,0.7
theoretical and applied mechanics letters,Q2,3
theoretical and computational fluid dynamics,Q1,3.4
theoretical and experimental chemistry,Q4,0.8
theoretical and experimental plant physiology,Q2,2.4
theoretical and mathematical physics,Q3,1
theoretical and practical issues of journalism,Q4,0.4
theoretical biology forum,Q4,0.3
theoretical chemistry accounts,Q4,1.8
theoretical computer science,Q3,1.1
theoretical criminology,Q2,1.9
theoretical ecology,Q4,1.4
theoretical economics,Q3,1.3
theoretical foundations of chemical engineering,Q4,0.4
theoretical issues in ergonomics science,Q3,1.9
theoretical linguistics,Q3,0.8
theoretical medicine and bioethics,Q2,1.7
theoretical population biology,Q4,1.4
theoria,Q4,0.6
theoria a swedish journal of philosophy,,0.6
theoria revista de teoria historia y fundamentos de la ciencia,Q3,0.5
theory and applications of categories,Q3,0.6
theory and decision,Q4,0.4
theory and practice of legislation,Q2,1.2
theory and practice of logic programming,Q1,1.3
theory and research in education,Q2,1.7
theory and research in social education,Q1,2.7
theory and society,Q2,1.9
theory culture society,Q1,1.5
theory in action,Q4,0.1
theory in biosciences,Q2,2
theory into practice,Q1,2.8
theory of computing,Q4,0.4
theory of computing systems,Q3,0.6
theory of probability and its applications,Q4,0.5
theory of probability and mathematical statistics,Q4,0.5
theory psychology,Q2,1.8
theranostics,Q1,14.9
therapeutic advances in allergy and rhinology,Q4,0.9
therapeutic advances in cardiovascular disease,Q2,3.3
therapeutic advances in chronic disease,Q3,2.7
therapeutic advances in drug safety,Q2,3.3
therapeutic advances in endocrinology and metabolism,Q1,7.8
therapeutic advances in gastroenterology,Q2,3.8
therapeutic advances in gastrointestinal endoscopy,Q4,1.2
therapeutic advances in hematology,Q2,2.8
therapeutic advances in infectious disease,Q2,3.8
therapeutic advances in medical oncology,Q2,4.1
therapeutic advances in musculoskeletal disease,Q2,3.3
therapeutic advances in neurological disorders,Q1,4
therapeutic advances in ophthalmology,Q3,2
therapeutic advances in psychopharmacology,Q1,5
therapeutic advances in pulmonary and critical care medicine,Q1,4.4
therapeutic advances in reproductive health,Q2,2.3
therapeutic advances in respiratory disease,Q2,3.2
therapeutic advances in urology,Q1,3.5
therapeutic apheresis and dialysis,Q3,1.5
therapeutic communities,Q4,0.3
therapeutic delivery,Q2,3.4
therapeutic drug monitoring,Q2,2.3
therapeutic hypothermia and temperature management,Q4,0.9
therapeutic innovation regulatory science,Q3,2.1
therapeutic recreation journal,Q4,0.6
therapeutics and clinical risk management,Q2,2.6
therapeutische umschau,Q4,0.2
therapie,Q3,2.1
theriogenology,Q1,2.9
theriogenology wild,Q3,1.4
thermal engineering,Q4,1.3
thermal science,Q4,1.1
thermal science and engineering progress,Q1,5.6
thermo,Q2,3.9
thermochimica acta,Q2,3.6
thermophysics and aeromechanics,Q4,0.5
thesis eleven,Q4,0.4
thin solid films,Q3,2.4
thin walled structures,Q1,8.3
think philosophy for everyone,,0.4
thinking reasoning,Q3,2
thinking skills and creativity,Q1,5.3
third text,,0.2
third world quarterly,Q2,2.4
thomist,,0.2
thoracic and cardiovascular surgeon,Q3,1.5
thoracic and cardiovascular surgeon reports,Q4,0.4
thoracic cancer,Q2,2.6
thoracic research and practice,Q4,0.8
thoracic surgery clinics,Q3,1.6
thorax,Q1,9.1
thresholds,,0.1
thrombosis and haemostasis,Q1,5.2
thrombosis journal,Q2,2.7
thrombosis research,Q2,3.4
thunderbird international business review,Q3,2.9
thyroid,Q1,6.6
thyroid research,Q3,2.8
ticks and tick borne diseases,Q1,3.4
ticontre teoria testo traduzione,,<0.1
tidsskrift for den norske laegeforening,Q2,1.2
tidsskrift for samfunnsforskning,Q3,0.8
tiempos modernos revista electronica de historia moderna,Q2,0.4
tieraerztliche praxis ausgabe grosstiere nutztiere,Q4,0.3
tieraerztliche praxis ausgabe kleintiere heimtiere,Q4,0.4
tijdschrift voor communicatiewetenschap,Q4,0.3
tijdschrift voor economische en sociale geografie,Q2,2.5
tijdschrift voor filosofie,,0.1
tijdschrift voor geschiedenis,Q3,0.2
tijdschrift voor nederlandse taal en letterkunde,,0.2
tijdschrift voor rechtsgeschiedenis revue d histoire du droit the legal history review,Q3,0.2
tilburg law review journal of international and european law,Q2,0.9
timarit um uppeldi og menntun icelandic journal of education,Q4,0.2
time mind the journal of archaeology consciousness and culture,,0.4
time society,Q2,1.2
timing time perception,Q4,0.9
tintas quaderni di letterature iberiche e iberoamericane,,<0.1
tirant,,<0.1
tire science and technology,Q4,0.9
tissue barriers,Q2,3.1
tissue cell,Q1,3.1
tissue engineering and regenerative medicine,Q2,5.1
tissue engineering part a,Q3,2.8
tissue engineering part b reviews,Q2,4.3
tissue engineering part c methods,Q3,2
tizard learning disability review,Q4,0.7
tm technisches messen,Q4,0.8
tobacco control,Q1,3.3
tobacco induced diseases,Q2,2.4
tobacco prevention cessation,Q3,2.3
tobacco use insights,Q3,1.8
tocqueville review,Q4,0.2
tohoku journal of experimental medicine,Q2,1.5
tohoku mathematical journal,Q3,0.5
tokyo journal of mathematics,Q4,0.4
tomography,Q2,2.5
tomsk state university journal,Q4,0.1
tomskii zhurnal lingvisticheskikh i antropologicheskikh issledovanii tomsk journal of linguistics and anthropology,Q4,0.2
top,Q4,1.5
topia canadian journal of cultural studies,Q4,0.2
topicos revista de filosofia,,0.1
topics in catalysis,Q2,3.7
topics in clinical nutrition,Q4,0.4
topics in cognitive science,Q1,3.3
topics in companion animal medicine,Q3,1.2
topics in current chemistry,Q1,10.9
topics in early childhood special education,Q3,1.5
topics in geriatric rehabilitation,Q4,0.9
topics in language disorders,Q3,0.9
topics in linguistics,,0.4
topics in spinal cord injury rehabilitation,Q3,1.4
topics in stroke rehabilitation,Q2,2.3
topoi an international review of philosophy,,2
topoi revista de historia,Q3,0.2
topological methods in nonlinear analysis,Q2,0.8
topology and its applications,Q3,0.5
toronto journal of theology,,0.1
torre del virrey revista de estudios culturales,,<0.1
torres de lucca revista internacional de filosofia politica,,0.2
tort law review,Q4,0.1
total quality management business excellence,Q2,3.9
totalitarismus und demokratie,Q4,0.2
toung pao,,0.1
tourism,Q3,2.2
tourism analysis,Q3,1.4
tourism and hospitality management croatia,Q2,2.3
tourism and hospitality research,Q2,3.4
tourism culture communication,Q3,1.1
tourism economics,Q1,3.4
tourism geographies,Q1,6.6
tourism management,Q1,14.5
tourism management perspectives,Q1,8.3
tourism management studies,Q1,4.5
tourism planning development,Q2,2.7
tourism recreation research,Q1,4
tourism review,Q1,9.1
tourism review international,Q3,1.4
tourist studies,Q2,3.3
town and regional planning,Q4,1
town planning review,Q2,2.3
toxicologic pathology,Q2,2.4
toxicological and environmental chemistry,Q4,1.2
toxicological research,Q2,3.3
toxicological sciences,Q1,5.2
toxicologie analytique et clinique,Q3,2.2
toxicology,Q1,5.2
toxicology and applied pharmacology,Q2,3.6
toxicology and environmental health sciences,Q4,2
toxicology and industrial health,Q3,1.6
toxicology communications,Q4,0.9
toxicology in vitro,Q3,2.7
toxicology letters,Q2,3.1
toxicology mechanisms and methods,Q3,2.9
toxicology research,Q3,2.9
toxicon,Q3,2.8
toxicon x,Q2,3.2
toxics,Q1,4.9
toxin reviews,Q3,2.7
toxins,Q2,4
tqm journal,Q2,4.5
trabajo social,Q4,0.5
trabajo social global global social work,Q4,0.1
trabajos de prehistoria,Q3,0.8
trabajos y comunicaciones,Q3,0.2
trac trends in analytical chemistry,Q1,13.5
trace elements and electrolytes,Q4,1.3
traditio studies in ancient and medieval history thought and religion,,0.6
tradition a journal of orthodox jewish thought,,0.4
tradition discovery,,0.1
traditional kampo medicine,Q3,1.6
traditional medicine research,Q3,1.3
tradumatica traduccio i tecnologies de la informacio i la comunicacio,Q2,1.1
traffic,Q3,2.8
traffic injury prevention,Q3,2.1
traffic safety research,Q4,1.1
training and education in professional psychology,Q3,1.6
traitement automatique des langues,Q4,<0.1
trakya university journal of natural sciences,Q3,0.9
trames journal of the humanities and social sciences,Q4,0.4
trans form acao,,0.5
trans pasando fronteras,Q4,0.1
trans revista de traductologia,,0.2
trans revista transcultural de musica,,<0.1
trans revue de litterature generale et comparee,,0.1
trans trans regional and national studies of southeast asia,Q1,1.3
transactions in gis,Q2,2.4
transactions in planning and urban research,Q3,1.9
transactions of a razmadze mathematical institute,Q4,0.3
transactions of famena,Q3,1.6
transactions of nonferrous metals society of china,Q1,5.5
transactions of the american fisheries society,Q3,1.5
transactions of the american mathematical society,Q1,1.4
transactions of the american mathematical society series b,Q1,1.4
transactions of the american philological association,,0.9
transactions of the association for computational linguistics,Q1,11.7
transactions of the canadian society for mechanical engineering,Q4,1.3
transactions of the charles s peirce society,,0.1
transactions of the indian ceramic society,Q3,1
transactions of the indian institute of metals,Q3,1.8
transactions of the institute of british geographers,Q1,3.8
transactions of the institute of measurement and control,Q3,1.8
transactions of the institute of metal finishing,Q3,1.2
transactions of the international society for music information retrieval,,2
transactions of the japan society for aeronautical and space sciences,Q4,0.8
transactions of the korean society of mechanical engineers a,Q4,0.2
transactions of the korean society of mechanical engineers b,Q4,0.2
transactions of the london mathematical society,Q3,0.5
transactions of the philological society,,0.7
transactions of the royal society of south australia,Q4,0.5
transactions of the royal society of tropical medicine and hygiene,Q3,1.6
transactions of tianjin university,Q1,7.8
transactions on combinatorics,Q3,0.5
transactions on data privacy,Q3,1.1
transactions on electrical and electronic materials,Q2,4.2
transactions on emerging telecommunications technologies,Q3,2.6
transactions on maritime science toms,Q3,1.5
transboundary and emerging diseases,Q1,2.6
transcription austin,Q2,3.8
transcultural psychiatry,Q1,2
transcultural studies,Q4,<0.1
transfer european review of labour and research,Q1,3.8
transfers interdisciplinary journal of mobility studies,Q1,0.7
transformation an international journal of holistic mission studies,,0.4
transformation critical perspectives on southern africa,Q2,0.9
transformation groups,Q3,0.6
transformations in business economics,Q3,1.4
transforming anthropology,Q2,1
transforming government people process and policy,Q2,2.8
transfusion,Q3,2
transfusion and apheresis science,Q4,1.2
transfusion clinique et biologique,Q4,1.3
transfusion medicine,Q4,1.3
transfusion medicine and hemotherapy,Q3,2.1
transfusion medicine reviews,Q2,3
transfusionsmedizin,Q4,0.1
transgender health,Q3,1.8
transgenic research,Q4,1.9
transinformacao,Q4,0.4
transition,Q4,0.2
transition metal chemistry,Q2,2.8
translation and interpreting studies,Q2,1.1
translation and literature,,0.2
translation and translanguaging in multilingual contexts,Q3,0.5
translation interpreting the international journal of translation and interpreting,Q2,1.7
translation review,,0.3
translation spaces,,1.4
translation studies,Q2,1.7
translational and clinical pharmacology,Q3,2.4
translational andrology and urology,Q3,1.9
translational animal science,Q2,1.9
translational behavioral medicine,Q2,2.8
translational breast cancer research,Q2,3.9
translational cancer research,Q3,2.1
translational gastroenterology and hepatology,Q2,3.3
translational issues in psychological science,Q2,2
translational journal of the american college of sports medicine,Q2,3
translational lung cancer research,Q2,3.4
translational neurodegeneration,Q1,19.1
translational neuroscience,Q3,2.2
translational oncology,Q2,4.9
translational pediatrics,Q2,2
translational psychiatry,Q1,7.5
translational research,Q1,6.1
translational research in anatomy,Q2,1.5
translational sports medicine,Q3,1.9
translational stroke research,Q1,4.2
translational vision science technology,Q2,2.7
translator,Q2,1.2
transnational corporations review,Q1,2.8
transnational environmental law,Q1,3.4
transnational screens,,0.4
transnav international journal on marine navigation and safety of sea transportation,Q4,0.8
transplant immunology,Q3,1.6
transplant infectious disease,Q2,2.5
transplant international,Q1,3.6
transplantation,Q1,4.9
transplantation and cellular therapy,Q1,4.7
transplantation direct,Q2,2.2
transplantation proceedings,Q4,0.8
transplantation reviews,Q2,3.2
transport,Q3,3.1
transport and telecommunication journal,Q4,1.2
transport in porous media,Q3,2.7
transport policy,Q1,6.2
transport problems,Q4,0.6
transport reviews,Q1,11
transportation,Q1,4.1
transportation geotechnics,Q1,6.2
transportation in developing economies,Q3,2.3
transportation infrastructure geotechnology,Q2,2.8
transportation journal,Q4,1.4
transportation letters the international journal of transportation research,Q2,3.4
transportation planning and technology,Q3,2.1
transportation research interdisciplinary perspectives,Q2,4.8
transportation research part a policy and practice,Q1,7.2
transportation research part b methodological,Q1,6.5
transportation research part c emerging technologies,Q1,8.4
transportation research part d transport and environment,Q1,8.7
transportation research part e logistics and transportation review,Q1,9.3
transportation research part f traffic psychology and behaviour,Q1,5
transportation research record,Q3,2.2
transportation safety and environment,Q2,3.5
transportation science,Q1,5
transportmetrica a transport science,Q2,3.9
transportmetrica b transport dynamics,Q2,4.2
transylvanian review,Q3,0.1
transylvanian review of administrative sciences,Q4,0.6
trashumante revista americana de historia social,,0.2
trauma england,Q4,0.7
trauma monthly,Q4,0.4
trauma surgery acute care open,Q2,2.5
trauma violence abuse,Q1,6.7
traumatology,Q2,1.7
travail genre et societes,Q3,0.5
travail humain,Q4,0.4
travel behaviour and society,Q1,5.8
travel medicine and infectious disease,Q1,5.6
travmatologiya i ortopediya rossii,Q4,0.3
treballs de sociolinguistica catalana,Q4,0.3
tree genetics genomes,Q2,2.1
tree physiology,Q1,4
tree ring research,Q3,1.3
trees forests and people,Q1,3.6
trees structure and function,Q2,2.3
tremor and other hyperkinetic movements,Q3,1.9
trends and issues in crime and criminal justice,Q3,1
trends in anaesthesia and critical care,Q4,0.8
trends in biochemical sciences,Q1,14.4
trends in biotechnology,Q1,16.6
trends in cancer,Q1,21.6
trends in cardiovascular medicine,Q1,8.6
trends in cell biology,Q1,25.3
trends in chemistry,Q1,11.1
trends in classics,,0.1
trends in cognitive sciences,Q1,20.3
trends in ecology evolution,Q1,17.9
trends in endocrinology and metabolism,Q1,20.1
trends in environmental analytical chemistry,Q1,12.2
trends in food science technology,Q1,17.4
trends in genetics,Q1,12.9
trends in glycoscience and glycotechnology,Q4,0.3
trends in hearing,Q1,3.4
trends in higher education,Q2,2.1
trends in immunology,Q1,13.1
trends in microbiology,Q1,18.7
trends in molecular medicine,Q1,18.1
trends in neuroscience and education,Q2,3.3
trends in neurosciences,Q1,15.7
trends in organized crime,Q1,2.7
trends in parasitology,Q1,7.6
trends in pediatrics,Q4,0.2
trends in pharmacological sciences,Q1,24
trends in plant science,Q1,21.2
trends in psychiatry and psychotherapy,Q2,3
trends in urology mens health,Q4,0.6
tria territorio della ricerca su insediamenti e ambiente,Q4,0.1
trials,Q3,2.1
tribology international,Q1,7.6
tribology letters,Q2,3.5
tribology materials surfaces interfaces,Q3,2.4
tribology online,Q4,1.2
tribology transactions,Q2,2.7
trimestre economico,Q1,3
triple helix,Q3,1.6
triplec communication capitalism critique,Q3,1
tripodos,Q2,1.7
tropical agriculture,Q4,0.4
tropical animal health and production,Q2,2
tropical animal science journal,Q3,1.1
tropical biomedicine,Q4,1
tropical conservation science,Q3,1.8
tropical cyclone research and review,Q1,5.1
tropical diseases travel medicine and vaccines,Q2,3.1
tropical doctor,Q4,0.6
tropical ecology,Q3,1.9
tropical grasslands forrajes tropicales,Q3,0.9
tropical life sciences research,Q3,1.2
tropical medicine and health,Q1,3.9
tropical medicine and infectious disease,Q2,3.1
tropical medicine international health,Q2,2.6
tropical plant biology,Q2,2.1
tropical plant pathology,Q3,1.9
tropical plants,Q2,2.9
tropical zoology,Q3,0.9
tropics,Q4,0.7
trudy instituta matematiki i mekhaniki uro ran,Q4,0.2
trumpeter journal of ecosophy,Q4,0.2
trusts trustees,Q4,0.2
tsinghua china law review,Q3,0.3
tsinghua science and technology,Q1,5.4
tsq transgender studies quarterly,Q3,1
tsukuba journal of mathematics,Q4,0.3
tuberculosis,Q2,2.9
tuberculosis and respiratory diseases,Q2,3.6
tuberkuloz ve toraks tuberculosis and thorax,Q4,1
tuexenia,Q4,1
tumori journal,Q4,2
tumour virus research,Q2,3.8
tuna ajalookultuuri ajakiri,Q4,<0.1
tungsten,Q1,9
tuning journal for higher education,Q3,0.7
tunisian journal of mathematics,Q1,1.3
tunnelling and underground space technology,Q1,8.7
turczaninowia,Q4,0.5
turk dermatoloji dergisi turkish journal of dermatology,Q4,0.4
turk dili ve edebiyati dergisi journal of turkish language and literature,,0.1
turk gogus kalp damar cerrahisi dergisi turkish journal of thoracic and cardiovascular surgery,Q4,0.9
turk kardiyoloji dernegi arsivi archives of the turkish society of cardiology,Q4,0.7
turk oftalmoloji dergisi turkish journal of ophthalmology,Q3,1.4
turk onkoloji dergisi turkish journal of oncology,Q4,0.2
turk osteoporoz dergisi turkish journal of osteoporosis,Q4,0.5
turk psikiyatri dergisi,Q3,1.8
turk psikoloji dergisi,Q4,0.3
turkderm turkish archives of dermatology and venerology,Q4,0.2
turkic languages,,<0.1
turkish archives of otorhinolaryngology,Q4,0.7
turkish archives of pediatrics,Q2,2.3
turkish historical review,Q2,0.4
turkish journal of agriculture and forestry,Q2,2.6
turkish journal of anaesthesiology and reanimation,Q3,1.2
turkish journal of biochemistry turk biyokimya dergisi,Q4,0.9
turkish journal of biology,Q3,1.7
turkish journal of botany,Q3,1.8
turkish journal of business ethics,Q4,0.2
turkish journal of chemistry,Q3,2
turkish journal of civil engineering,Q4,0.9
turkish journal of earth sciences,Q3,1.8
turkish journal of education,Q4,0.6
turkish journal of electrical engineering and computer sciences,Q3,2.1
turkish journal of emergency medicine,Q1,6.6
turkish journal of field crops,Q4,0.7
turkish journal of fisheries and aquatic sciences,Q3,1.5
turkish journal of gastroenterology,Q3,2.3
turkish journal of geriatrics turk geriatri dergisi,Q4,0.3
turkish journal of hematology,Q3,1.6
turkish journal of history tarih dergisi,Q4,<0.1
turkish journal of immunology,Q4,0.5
turkish journal of intensive care turk yogun bakim dergisi,Q4,0.3
turkish journal of islamic economics tujise,Q4,0.5
turkish journal of mathematics,Q2,1.1
turkish journal of medical sciences,Q2,1.4
turkish journal of nephrology,Q4,0.4
turkish journal of neurology,Q4,0.6
turkish journal of obstetrics and gynecology,Q3,1.5
turkish journal of orthodontics,Q3,1.8
turkish journal of pathology,Q3,1.5
turkish journal of pediatrics,Q3,0.9
turkish journal of pharmaceutical sciences,Q4,1.6
turkish journal of physical medicine and rehabilitation,Q3,1.3
turkish journal of physics,Q4,0.6
turkish journal of physiotherapy rehabilitation turk fizyoterapi ve rehabilitasyon dergisi,Q4,0.4
turkish journal of plastic surgery,Q4,0.2
turkish journal of surgery,Q4,0.7
turkish journal of veterinary animal sciences,Q3,0.9
turkish journal of zoology,Q2,1.6
turkish librarianship,Q3,0.5
turkish neurosurgery,Q4,0.8
turkish online journal of distance education,Q3,1
turkish studies,Q1,2
turkiye entomoloji dergisi turkish journal of entomology,Q3,0.8
turkiye iletisim arastirmalari dergisi turkish review of communication studies,Q4,0.1
turkiye jeoloji bulteni geological bulletin of turkey,Q4,0.4
tusculum casopis za solinske teme,,<0.1
twentieth century british history,Q1,1.9
twentieth century china,Q1,0.7
twentieth century literature,,0.1
twentieth century music,,0.6
twin research and human genetics,Q4,1.3
twms journal of applied and engineering mathematics,Q4,0.6
twms journal of pure and applied mathematics,Q1,3.4
tydskrif vir die suid afrikaanse reg,Q4,0.1
tydskrif vir geesteswetenskappe,Q4,0.2
tydskrif vir letterkunde,,0.3
tyndale bulletin,,0.1
tzintzun revista de estudios historicos,Q3,0.2
tzu chi medical journal,Q2,2.4
uchenye zapiski kazanskogo universiteta seriya estestvennye nauki,Q4,0.3
uchenye zapiski kazanskogo universiteta seriya fiziko matematicheskie nauki,Q4,0.2
ucjc business and society review,Q4,0.8
ucla law review,Q1,1.8
ufa mathematical journal,Q3,0.5
uhod uluslararasi hematoloji onkoloji dergisi,Q4,0.4
uis ingenierias,Q4,0.6
ukrainian food journal,Q4,0.7
ukrainian journal of physical optics,Q2,2.7
ukrainian journal of physics,Q4,0.7
ukrainian mathematical journal,Q3,0.6
ukrainian metrological journal,Q4,0.2
ukrainskyi istorychnyi zhurnal,Q2,0.3
ultrafast science,Q1,7.5
ultramicroscopy,Q2,2.6
ultraschall in der medizin,Q1,3.2
ultrasonic imaging,Q2,1.7
ultrasonics,Q1,4.8
ultrasonics sonochemistry,Q1,10.2
ultrasonography,Q2,2.4
ultrasound,Q4,0.7
ultrasound in medicine and biology,Q2,2.8
ultrasound in obstetrics gynecology,Q1,5.3
ultrasound international open,Q2,3.1
ultrasound journal,Q1,3.6
ultrasound quarterly,Q4,1.1
ultrastructural pathology,Q4,1.2
ulusal travma ve acil cerrahi dergisi turkish journal of trauma emergency surgery,Q3,1.3
uluslararasi iliskiler international relations,Q3,0.9
umeni art,,<0.1
unconventional resources,Q1,4.6
underground space,Q1,9.5
undersea and hyperbaric medicine,Q4,0.6
unfallchirurgie,Q4,0.7
uni pluriversidad,Q4,0.4
uniciencia,Q4,0.6
uniform law review,Q2,0.7
united european gastroenterology journal,Q1,6.4
universa medicina,Q4,0.3
universal access in the information society,Q2,3.1
universe,Q2,2.5
universitas medica,Q4,0.1
universitas monthly review of philosophy and culture,,<0.1
universitas psychologica,Q4,0.4
universitas revista de ciencias sociales y humanas,Q4,0.3
university of bologna law review,Q3,0.5
university of chicago law review,Q1,2.8
university of cincinnati law review,Q3,0.3
university of illinois law review,Q2,0.9
university of new south wales law journal,Q1,1.4
university of pennsylvania law review,Q1,2.9
university of pittsburgh law review,Q4,0.2
university of toronto journal of undergraduate life sciences,Q3,1
university of toronto law journal,Q2,0.6
university of toronto medical journal,Q3,0.5
university of toronto quarterly,,0.1
university of western australia law review,Q3,0.5
university politehnica of bucharest scientific bulletin series a applied mathematics and physics,Q4,0.3
university politehnica of bucharest scientific bulletin series b chemistry and materials science,Q4,0.5
university politehnica of bucharest scientific bulletin series c electrical engineering and computer science,Q4,0.4
universum revista de humanidades y ciencias sociales,,0.4
unmanned systems,Q3,1.9
unterrichtspraxis teaching german,,0.3
updates in surgery,Q2,2.2
upravlenets the manager,Q4,0.4
upsala journal of medical sciences,Q2,2.3
urban affairs review,Q2,2.2
urban climate,Q1,7.5
urban design international,Q2,2.2
urban ecosystems,Q2,3.2
urban education,Q2,1.8
urban forestry urban greening,Q1,8.2
urban forum,Q3,1.5
urban geography,Q1,3.1
urban history,Q1,0.6
urban history review revue d histoire urbaine,Q1,0.5
urban morphology,,1.6
urban planning,Q3,1.7
urban planning and transport research,Q2,2.2
urban policy and research,Q3,1.1
urban rail transit,Q2,3.6
urban research practice,Q2,2.2
urban science,Q1,3.2
urban studies,Q1,4.4
urban water journal,Q3,1.9
urbani izziv urban challenge,Q3,1.1
urbanities journal of urban ethnography,Q4,0.2
urbano,Q4,1.2
urbe revista brasileira de gestao urbana,Q4,0.2
urdimento revista de estudos em artes cenicas,,0.1
urogynecology,Q4,1.3
urolithiasis,Q2,2.6
urologia internationalis,Q4,1.2
urologia journal,Q3,1.3
urologic clinics of north america,Q2,2.5
urologic oncology seminars and original investigations,Q2,2.8
urological science,Q4,0.6
urologie,Q4,0.4
urology,Q2,2.3
urology annals,Q4,0.9
urology case reports,Q4,0.5
urology journal,Q4,1.1
urology practice,Q3,1.6
urology research and practice,Q3,1.4
uroonkoloji bulteni bulletin of urooncology,Q4,0.2
urvio revista latinoamericana de estudios de seguridad,Q4,0.3
us catholic historian,,0.4
us pharmacist,Q4,0.4
user modeling and user adapted interaction,Q2,4.5
uspekhi fiziki metallov progress in physics of metals,Q2,2.1
utilitas,,0.6
utilities policy,Q2,4.9
utopian studies,,0.2
utrecht journal of international and european law,Q3,0.4
utrecht law review,Q3,0.4
vaccine,Q2,3.4
vaccine x,Q3,2.5
vaccines,Q2,3.5
vacuum,Q2,4.3
vadose zone journal,Q2,3.5
vakuum in forschung und praxis,Q4,0.3
valenciana,,0.4
value in health,Q1,6.2
value in health regional issues,Q3,1.9
vanderbilt law review,Q1,2.6
vasa european journal of vascular medicine,Q2,3.4
vascular,Q4,0.7
vascular and endovascular surgery,Q4,0.7
vascular health and risk management,Q2,3.2
vascular medicine,Q2,2.7
vascular pharmacology,Q2,3.7
vascular specialist international,Q3,1.2
vavilovskii zhurnal genetiki i selektsii,Q3,1.2
vector borne and zoonotic diseases,Q3,1.8
vegetable research,Q1,4.1
vegetation classification and survey,Q2,2.7
vegetation history and archaeobotany,Q1,2.5
vegueta anuario de la facultad de geografia e historia,Q2,0.3
vehicle system dynamics,Q1,4.5
vehicles,Q2,3.2
vehicular communications,Q1,5.7
veleia,,0.2
venture capital,Q2,2.6
verba anuario galego de filoloxia,,0.2
verbo de minas,,<0.1
verbum,Q2,0.3
verbum vitae,,0.4
veredas revista da associacao internacional de lusitanistas,,<0.1
verge studies in global asias,Q4,0.3
verhaltenstherapie,Q4,0.7
vernacular architecture,,0.4
versus quaderni di studi semiotici,,0.2
vertebrate zoology,Q1,3.2
vessel plus,Q3,1.4
vestnik drevnei istorii journal of ancient history,,<0.1
vestnik mezhdunarodnykh organizatsii international organisations research journal,Q4,0.5
vestnik moskovskogo universiteta seriya 10 zhurnalistika,Q3,0.6
vestnik of saint petersburg university earth sciences,Q4,0.2
vestnik of saint petersburg university law vestnik sankt peterburgskogo universiteta pravo,Q4,0.2
vestnik permskogo universiteta istoriya perm university herald history,Q3,0.1
vestnik permskogo universiteta juridicheskie nauki,Q4,0.1
vestnik pravoslavnogo svyato tikhonovskogo gumanitarnogo universiteta seriya i bogoslovie filosofiya religiovedenie,,<0.1
vestnik samarskogo gosudarstvennogo tekhnicheskogo universiteta seriya fiziko matematicheskiye nauki,Q4,0.3
vestnik sankt peterburgskogo universiteta ekonomika st petersburg university journal of economic studies,Q4,0.3
vestnik sankt peterburgskogo universiteta filosofiya i konfliktologiya,,0.1
vestnik sankt peterburgskogo universiteta iskusstvovedenie,,0.1
vestnik sankt peterburgskogo universiteta istoriya,Q3,0.2
vestnik sankt peterburgskogo universiteta seriya 10 prikladnaya matematika informatika protsessy upravleniya,Q4,0.4
vestnik sankt peterburgskogo universiteta yazyk i literatura,,0.1
vestnik slavianskikh kultur bulletin of slavic cultures scientific and informational journal,,0.1
vestnik st petersburg university mathematics,Q4,0.4
vestnik tomskogo gosudarstvennogo universiteta biologiya,Q4,0.3
vestnik tomskogo gosudarstvennogo universiteta filologiya tomsk state university journal of philology,,0.2
vestnik tomskogo gosudarstvennogo universiteta filosofiya sotsiologiya politologiya tomsk state university journal of philosophy sociology and political science,Q4,0.1
vestnik tomskogo gosudarstvennogo universiteta istoriya tomsk state university journal of history,Q3,0.1
vestnik tomskogo gosudarstvennogo universiteta kulturologiya i iskusstvovedenie tomsk state university journal of cultural studies and art history,,<0.1
vestnik tomskogo gosudarstvennogo universiteta matematika i mekhanika tomsk state university journal of mathematics and mechanics,Q4,0.2
vestnik tomskogo gosudarstvennogo universiteta pravo tomsk state university journal of law,Q4,0.1
vestnik tomskogo gosudarstvennogo universiteta upravlenie vychislitelnaja tehnika i informatika tomsk state university journal of control and computer science,Q4,0.2
vestnik transplantologii i iskusstvennyh organov,Q4,0.2
vestnik udmurtskogo universiteta matematika mekhanika kompyuternye nauki,Q3,0.5
vestnik ugrovedeniya bulletin of ugric studies,,0.2
vestnik volgogradskogo gosudarstvennogo universiteta seriya 2 yazykoznanie,,0.2
veterinaria italiana,Q3,1.4
veterinaria mexico,Q4,0.5
veterinarni medicina,Q3,1.3
veterinarski arhiv,Q4,0.5
veterinary anaesthesia and analgesia,Q1,2.5
veterinary and animal science,Q1,3
veterinary and comparative oncology,Q2,1.8
veterinary and comparative orthopaedics and traumatology,Q2,1.3
veterinary clinical pathology,Q3,1
veterinary clinics of north america equine practice,Q3,1.4
veterinary clinics of north america food animal practice,Q2,2.2
veterinary clinics of north america small animal practice,Q2,2
veterinary dermatology,Q2,1.8
veterinary immunology and immunopathology,Q2,1.8
veterinary journal,Q1,2.7
veterinary medicine and science,Q2,2.1
veterinary medicine international,Q2,2.3
veterinary medicine research and reports,Q1,3.4
veterinary microbiology,Q1,2.8
veterinary ophthalmology,Q3,1.1
veterinary parasitology,Q1,2.7
veterinary parasitology regional studies and reports,Q2,1.6
veterinary pathology,Q2,2.3
veterinary quarterly,Q1,3.9
veterinary radiology ultrasound,Q3,1.2
veterinary record,Q3,0.9
veterinary record case reports,Q4,0.3
veterinary record open,Q2,1.7
veterinary research,Q1,3.8
veterinary research communications,Q2,2.2
veterinary research forum,Q2,1.4
veterinary sciences,Q1,2.7
veterinary surgery,Q3,1.3
veterinary world,Q2,2.3
vetus testamentum,,0.3
via atlantica,,0.1
vial vigo international journal of applied linguistics,Q2,1.9
viator medieval and renaissance studies,,0.1
vibration,Q3,2.2
vibrational spectroscopy,Q1,3.1
vichiana,Q4,0.1
victims offenders,Q2,1.7
victorian historical journal,Q3,0.1
victorian literature and culture,,0.2
victorian periodicals review,,0.1
victorian poetry,,0.1
victorian review an interdisciplinary journal of victorian studies,,0.1
victorian studies,,0.3
victoriographies a journal of nineteenth century writing 1790 1914,,0.3
video assisted thoracic surgery,Q4,0.5
videosurgery and other miniinvasive techniques,Q3,1.7
vie et milieu life and environment,Q4,0.8
vierteljahrshefte fur zeitgeschichte,Q3,0.2
vietnam journal of chemistry,Q3,1.4
vietnam journal of computer science,Q4,0.8
vietnam journal of earth sciences,Q3,2.1
vietnam journal of mathematics,Q2,0.9
view,Q1,8.1
vigilancia sanitaria em debate sociedade ciencia tecnologia,Q4,0.2
vigiliae christianae,,0.3
vinculos de historia,Q3,0.2
vine journal of information and knowledge management systems,Q1,4.4
violence against women,Q1,2.4
violence and gender,Q3,1
violence and victims,Q4,0.6
virajes revista de antropologia y sociologia,Q4,<0.1
viral hepatit dergisi viral hepatitis journal,Q4,0.3
viral immunology,Q4,1.5
virchows archiv,Q2,3
viref revista de educacion fisica,Q4,0.1
virginia law review,Q1,3.6
virginia quarterly review,,<0.1
virologica sinica,Q1,4.7
virologie,Q3,1.8
virology,Q3,2.6
virology journal,Q1,4
virtual and physical prototyping,Q1,9.8
virtual archaeology review,,1.5
virtual reality,Q1,5.4
virtual reality intelligent hardware,Q1,6.1
virtualidad educacion y ciencia,Q4,0.1
virulence,Q1,6.8
virus evolution,Q2,3.8
virus genes,Q3,2
virus research,Q2,3.4
virusdisease,Q4,1.3
viruses basel,Q2,3.8
visceral medicine,Q2,1.9
vision,Q2,2.7
vision gerencial,Q4,<0.1
vision research,Q2,2.2
vision the journal of business perspective,Q3,2.9
visions for sustainability,Q4,0.6
visitor studies,Q3,1.5
visnyk ntuu kpi seriia radiotekhnika radioaparatobuduvannia,Q4,0.1
visnyk of taras shevchenko national university of kyiv geology,Q4,0.3
visnyk of v n karazin kharkiv national university series geology geography ecology,Q4,0.6
visual anthropology,Q3,0.6
visual anthropology review,Q3,0.8
visual cognition,Q4,1.1
visual communication,Q3,1.3
visual communication quarterly,Q4,0.4
visual computer,Q2,3.4
visual computing for industry biomedicine and art,Q1,6.7
visual ethnography,Q4,0.1
visual informatics,Q1,4.4
visual inquiry learning teaching art,,0.1
visual neuroscience,Q1,6.5
visual resources,,<0.1
visual studies,,1.1
vitis,Q4,0.7
vitruvio international journal of architectural technology and sustainability,,1.4
vivarium an international journal for the philosophy and intellectual life of the middle ages and renaissance,,0.6
vivat academia,Q3,0.9
vizantiiskii vremennik,,<0.1
vjesnik arheoloskog muzeja u zagrebu,,0.4
vlaams diergeneeskundig tijdschrift,Q4,0.1
vlc arquitectura research journal,,0.2
vldb journal,Q1,5.3
vocations and learning,Q2,2.2
voice and speech review,Q3,0.5
voices the journal of new york folklore,,1.8
voix images,,<0.1
voix plurielles,,0.1
vojenske rozhledy czech military review,Q4,0.6
vojnosanitetski pregled,Q4,0.2
volcanica,Q2,2.1
volgogradskii gosudarstvennyi universitet vestnik seriya 4 istoriya regionovedenie mezhdunarodnye otnosheniya,Q3,0.1
volkskunde,,<0.1
voluntary sector review,Q3,0.8
voluntas,Q2,2.4
voprosy ekonomiki,Q4,0.7
voprosy filosofii,,0.2
voprosy gosudarstvennogo i munitsipalnogo upravleniya public administration issues,Q4,0.5
voprosy leksikografii russian journal of lexicography,,0.2
voprosy obrazovaniya educational studies moscow,Q4,0.5
voprosy onomastiki problems of onomastics,,0.4
voprosy psikhologii,Q4,0.1
voprosy yazykoznaniya,,0.3
vox juris,Q4,<0.1
vox patrum,Q3,0.2
vox sanguinis,Q3,1.6
voz y escritura revista de estudios literarios,,<0.1
vswg vierteljahrschrift fur sozial und wirtschaftsgeschichte,Q1,0.6
vulcan,Q4,<0.1
vulnerable children and youth studies,Q4,0.7
wacana jurnal ilmu pengetahuan budaya journal of the humanities of indonesia,,0.4
wacana seni journal of art discourse,,0.1
wallace stevens journal,,0.2
walt whitman quarterly review,,0.2
war in history,Q3,0.2
war society,Q1,0.5
wasafiri,,0.2
washington international law journal,Q1,1.4
washington law review,Q2,0.8
washington quarterly,Q1,1.8
wasserwirtschaft,Q4,0.3
waste and biomass valorization,Q3,3.1
waste disposal sustainable energy,Q2,4.1
waste management,Q1,7.3
waste management bulletin,Q1,7.4
waste management research,Q2,4.2
water,Q2,3.5
water air and soil pollution,Q2,3.5
water alternatives an interdisciplinary journal on water politics and development,Q2,3.7
water and environment journal,Q2,1.9
water biology and security,Q1,4.3
water conservation science and engineering,Q2,3.3
water cycle,Q1,7.9
water economics and policy,Q2,1.6
water environment research,Q1,2.8
water international,Q3,1.9
water policy,Q3,2.1
water practice and technology,Q3,2.4
water quality research journal,Q2,3.9
water research,Q1,12.8
water research x,Q1,7
water resources,Q4,0.8
water resources and economics,Q1,3.3
water resources and industry,Q1,8.7
water resources and irrigation management wrim,Q4,1.1
water resources management,Q1,5.7
water resources research,Q1,6.3
water reuse,Q2,3
water sa,Q4,1.4
water science and engineering,Q1,5.3
water science and technology,Q2,2.8
water security,Q1,5.8
water waves,Q4,0.7
waterbirds,Q3,0.7
wave motion,Q2,2.2
wear,Q1,7.2
wearable electronics,Q1,12
wearable technologies,Q1,3.5
weather,Q4,2
weather and climate,Q3,2.4
weather and climate dynamics,Q2,4.1
weather and climate extremes,Q1,7.2
weather and forecasting,Q3,2.8
weather climate and society,Q3,2.5
web ecology,Q3,2.4
web intelligence,Q4,0.4
weed biology and management,Q2,1.7
weed research,Q2,2.3
weed science,Q2,2.4
weed technology,Q3,1.5
weimarer beitrage,,<0.1
welding in the world,Q2,3.1
welding international,Q3,1.9
welding journal,Q3,1.7
wellbeing space and society,Q1,2.9
welsh history review,Q3,0.2
welt der slaven halbjahresschrift fur slavistik,,0.1
welt des islams,,0.7
welt des orients,,0.1
wenshan review of literature and culture,,<0.1
wesley and methodist studies,,0.1
west 86th a journal of decorative arts design history and material culture,,<0.1
west european politics,Q1,4
west indian medical journal,Q4,0.1
westerly,,0.1
western american literature,,<0.1
western folklore,,0.1
western historical quarterly,Q2,0.4
western journal of communication,Q3,0.8
western journal of emergency medicine,Q2,2.3
western journal of legal studies,Q4,<0.1
western journal of nursing research,Q2,2.2
western north american naturalist,Q4,0.5
western pacific surveillance and response,Q3,1.6
wetlands,Q3,2.4
wetlands ecology and management,Q4,1.8
wfumb ultrasound open,Q4,0.8
wiadomosci statystyczne the polish statistician,Q4,0.2
wiener klinische wochenschrift,Q2,2.6
wiener medizinische wochenschrift,Q3,0.9
wiener tierarztliche monatsschrift,Q4,0.7
wilderness environmental medicine,Q3,1.6
wildfowl,Q4,0.4
wildlife biology,Q1,2.1
wildlife monographs,Q1,2
wildlife research,Q2,1.9
wildlife society bulletin,Q3,1.6
wiley interdisciplinary reviews climate change,Q1,10.1
wiley interdisciplinary reviews cognitive science,Q1,4.7
wiley interdisciplinary reviews computational molecular science,Q1,10.9
wiley interdisciplinary reviews computational statistics,Q1,6.1
wiley interdisciplinary reviews data mining and knowledge discovery,Q1,15
wiley interdisciplinary reviews energy and environment,Q2,6
wiley interdisciplinary reviews forensic science,Q1,2.1
wiley interdisciplinary reviews nanomedicine and nanobiotechnology,Q1,8.6
wiley interdisciplinary reviews rna,Q2,4.4
wiley interdisciplinary reviews water,Q1,8.7
willdenowia,Q3,1.7
william and mary quarterly,Q1,1.2
william carlos williams review,,0.1
wilson journal of ornithology,Q4,0.6
wind,Q4,2.7
wind and structures,Q3,1.8
wind energy,Q2,3.6
wind energy science,Q3,4.2
wind engineering,Q4,1.7
wine economics and policy,Q2,2.6
winterthur portfolio a journal of american material culture,,0.1
wireless networks,Q3,2.5
wireless personal communications,Q4,1.9
wireless power transfer,Q4,2.3
wires mechanisms of disease,Q1,5.4
wisconsin law review,Q2,1.1
wittgenstein studien,,0.3
wmu journal of maritime affairs,Q3,2.6
wochenblatt fur papierfabrikation,Q4,<0.1
womans art journal,,0.2
women,Q2,1.6
women a cultural review,,1.4
women and birth,Q1,3.6
women and music a journal of gender and culture,Q4,0.1
women criminal justice,Q3,1.1
women health,Q3,1.1
women in sport and physical activity journal,Q2,1.9
women therapy,Q3,1.2
womens health,Q1,3.3
womens health issues,Q1,2.6
womens health nursing,Q3,1.2
womens health reports,Q3,1.5
womens history review,Q1,0.5
womens reproductive health,Q2,1.6
womens studies an interdisciplinary journal,,0.3
womens studies in communication,Q2,1.5
womens studies international forum,Q2,2
womens writing,,0.1
wood and fiber science,Q3,1.3
wood material science engineering,Q2,1.9
wood research,Q3,1
wood science and technology,Q1,3.2
word and text a journal of literary studies and linguistics,,0.3
word image,,0.1
word journal of the international linguistic association,Q2,1.1
word structure,,0.8
wordsworth circle,,0.1
work a journal of prevention assessment rehabilitation,Q3,1.6
work aging and retirement,Q1,3.7
work and occupations,Q1,4.5
work and stress,Q1,5.5
work employment and society,Q1,3.9
work organisation labour globalisation,Q4,0.6
workplace a journal for academic labor,Q3,0.8
workplace health safety,Q2,2.2
world,Q1,2.8
world allergy organization journal,Q2,4
world archaeology,,1.5
world art,,0.3
world bank economic review,Q2,2.3
world bank research observer,Q1,4.5
world cancer research journal,Q4,0.3
world competition,Q3,0.5
world development,Q1,5.1
world development perspectives,Q2,2.2
world economy,Q1,3
world electric vehicle journal,Q2,3.3
world englishes,Q2,1.2
world journal for pediatric and congenital heart surgery,Q4,0.9
world journal of acupuncture moxibustion,Q4,1.1
world journal of biological psychiatry,Q2,3.5
world journal of cardiology,Q2,2.9
world journal of clinical oncology,Q2,3.6
world journal of diabetes,Q1,5.1
world journal of emergency medicine,Q1,3.8
world journal of emergency surgery,Q1,7.7
world journal of engineering,Q2,1.9
world journal of entrepreneurship management and sustainable development,Q4,0.4
world journal of gastroenterology,Q1,7.7
world journal of gastrointestinal endoscopy,Q3,2.1
world journal of gastrointestinal oncology,Q3,2.7
world journal of gastrointestinal surgery,Q2,2.1
world journal of hepatology,Q2,3.4
world journal of mens health,Q1,4.3
world journal of microbiology biotechnology,Q2,4.7
world journal of nuclear medicine,Q4,1
world journal of oncology,Q3,2.3
world journal of orthopedics,Q2,2.3
world journal of otorhinolaryngology head neck surgery,Q2,1.5
world journal of pediatric surgery,Q2,2.1
world journal of pediatrics,Q1,7.3
world journal of plastic surgery,Q4,0.9
world journal of psychiatry,Q2,3
world journal of radiology,Q4,1.2
world journal of stem cells,Q2,4.9
world journal of surgery,Q2,2.2
world journal of surgical oncology,Q1,2.8
world journal of traditional chinese medicine,Q2,2.6
world journal of urology,Q1,3.3
world leisure journal,Q2,2.3
world literature studies,,0.2
world literature today,,0.3
world medical health policy,Q3,1.6
world mycotoxin journal,Q3,2.2
world neurosurgery,Q2,2
world neurosurgery x,Q2,2.5
world of medicine and biology,Q4,0.2
world of music new series,,0.2
world of the orient,Q3,0.2
world patent information,Q2,2.4
world politics,Q1,3.6
world psychiatry,Q1,79.5
world rabbit science,Q3,1.2
world review of political economy,Q4,0.6
world tax journal,Q2,0.7
world trade review,Q1,3.1
world wide web internet and web information systems,Q1,4.5
worlds poultry science journal,Q1,3.4
worldviews global religions culture and ecology,,0.4
worldviews on evidence based nursing,Q1,5.3
worldwide hospitality and tourism themes,Q3,1.9
wound management prevention,Q4,0.8
wound practice and research,Q3,1.5
wound repair and regeneration,Q1,4.3
wounds a compendium of clinical research and practice,Q3,1
wpom working papers on operations management,Q4,0.2
writing pedagogy,,N/A
written communication,Q1,2.5
written language and literacy,,0.2
wroclawski rocznik historii mowionej,Q2,0.3
wspolczesna onkologia contemporary oncology,Q4,1.3
x ray spectrometry,Q3,1.6
xenobiotica,Q4,1.5
xenotransplantation,Q1,3.8
yakugaku zasshi journal of the pharmaceutical society of japan,Q4,0.4
yale french studies,,0.6
yale journal of biology and medicine,Q1,4.8
yale journal on regulation,Q1,3.1
yale law journal,Q1,5.4
yale review,,0.2
yazyk i kultura language and culture,,0.3
yearbook of phraseology,,0.3
yeast,Q3,2.2
yonago acta medica,Q4,1
yonsei medical journal,Q1,3.1
yorkshire archaeological journal,,0.1
young,Q2,1.2
young consumers,Q1,6
youth,Q2,1.6
youth justice an international journal,Q2,1.6
youth society,Q2,1.9
youth violence and juvenile justice,Q3,1.4
yuksekogretim dergisi,Q4,0.4
yuyan kexue linguistic sciences,,<0.1
zagadnienia ekonomiki rolnej,Q4,1.1
zagadnienia filozoficzne w nauce philosophical problems in science,Q4,0.2
zagreb international review of economics business,Q4,0.4
zamm zeitschrift fur angewandte mathematik und mechanik,Q1,3.7
zaporozhye medical journal,Q4,0.1
zbornik instituta za pedagoska istrazivanja,Q4,0.2
zbornik matice srpske za likovne umetnosti matica srpska journal for fine arts,,0.4
zbornik matice srpske za slavistiku matica srpska journal of slavic studies,,<0.1
zbornik pravnog fakulteta sveucilista u rijeci,Q4,0.1
zbornik radova ekonomskog fakulteta u rijeci proceedings of rijeka faculty of economics,Q4,0.7
zbornik radova vizantoloskog instituta,,0.2
zbornik veleucilista u rijeci journal of the polytechnics of rijeka,Q4,0.3
zdm mathematics education,Q1,3.8
zebrafish,Q3,1.2
zeitgeschichte,Q3,0.1
zeitschrift der deutschen gesellschaft fur geowissenschaften,Q4,0.7
zeitschrift der deutschen morgenlandischen gesellschaft,,0.1
zeitschrift der gesellschaft fur musiktheorie,,0.1
zeitschrift der savigny stiftung fur rechtsgeschichte kanonistische abteilung,Q3,0.1
zeitschrift der savigny stiftung fur rechtsgeschichte romanistische abteilung,Q3,0.1
zeitschrift des deutschen palastina vereins,,0.3
zeitschrift fuer ganzheitliche tiermedizin,Q4,<0.1
zeitschrift fuer individualpsychologie,Q4,<0.1
zeitschrift fuer technikfolgenabschaetzung in theorie und praxis tatup,Q3,0.9
zeitschrift fuer theologie und philosophie,,0.1
zeitschrift fur agyptische sprache und altertumskunde,,0.1
zeitschrift fur analysis und ihre anwendungen,Q2,1.1
zeitschrift fur angewandte mathematik und physik,Q1,1.9
zeitschrift fur anglistik und amerikanistik,,0.3
zeitschrift fur anorganische und allgemeine chemie,Q4,0.9
zeitschrift fur antikes christentum journal of ancient christianity,,0.2
zeitschrift fur arbeits und organisationspsychologie,Q4,0.7
zeitschrift fur arznei gewurzpflanzen,Q4,<0.1
zeitschrift fur assyriologie und vorderasiatische archaologie,Q2,0.3
zeitschrift fur bibliothekswesen und bibliographie,Q4,0.1
zeitschrift fur deutsche philologie,,0.1
zeitschrift fur deutsches altertum und deutsche literatur,,0.2
zeitschrift fur dialektologie und linguistik,Q4,0.1
zeitschrift fur die alttestamentliche wissenschaft,,0.3
zeitschrift fur die neutestamentliche wissenschaft und die kunde der alteren kirche,,0.4
zeitschrift fur empirische kulturwissenschaft,,0.2
zeitschrift fur entwicklungspsychologie und padagogische psychologie,Q4,1.3
zeitschrift fur erziehungswissenschaft,Q2,1.4
zeitschrift fur ethnologie journal of social and cultural anthropology,Q2,1.1
zeitschrift fur evaluation,Q3,0.5
zeitschrift fur evangelische ethik,,<0.1
zeitschrift fur evidenz fortbildung und qualitaet im gesundheitswesen,Q4,1.5
zeitschrift fur gastroenterologie,Q4,1.7
zeitschrift fur geburtshilfe und neonatologie,Q3,0.9
zeitschrift fur geomorphologie,Q3,1.6
zeitschrift fur germanistik,,<0.1
zeitschrift fur germanistische linguistik,,0.2
zeitschrift fur gerontologie und geriatrie,Q4,1.1
zeitschrift fur geschichtswissenschaft,Q3,0.1
zeitschrift fur herz thorax und gefasschirurgie,Q4,0.2
zeitschrift fur historische forschung,Q3,0.1
zeitschrift fur interkulturelle germanistik,Q4,0.1
zeitschrift fur kinder und jugendpsychiatrie und psychotherapie,Q4,1.1
zeitschrift fur klinische psychologie und psychotherapie,Q4,0.6
zeitschrift fur kristallographie crystalline materials,Q1,4
zeitschrift fur kristallographie new crystal structures,Q4,0.2
zeitschrift fur kunstgeschichte,,0.1
zeitschrift fur medizinische physik,Q1,4.7
zeitschrift fur naturforschung section a a journal of physical sciences,Q3,1.7
zeitschrift fur naturforschung section b a journal of chemical sciences,Q4,0.6
zeitschrift fur naturforschung section c a journal of biosciences,Q3,2.1
zeitschrift fur neuropsychologie,Q4,1.3
zeitschrift fur orthopadie und unfallchirurgie,Q4,1
zeitschrift fur padagogische psychologie,Q4,1
zeitschrift fur palliativmedizin,Q4,0.7
zeitschrift fur philosophische forschung,,0.1
zeitschrift fur physikalische chemie international journal of research in physical chemistry chemical physics,Q3,2.7
zeitschrift fur pneumologie,Q4,0.1
zeitschrift fur psychologie journal of psychology,Q2,2.4
zeitschrift fur psychosomatische medizin und psychotherapie,Q2,0.6
zeitschrift fur religions und geistesgeschichte,,<0.1
zeitschrift fur rheumatologie,Q4,1.2
zeitschrift fur romanische philologie,,0.3
zeitschrift fur sexualforschung,Q3,0.9
zeitschrift fur slavische philologie,,0.1
zeitschrift fur slawistik,,0.3
zeitschrift fur soziologie,Q3,0.8
zeitschrift fur soziologie der erziehung und sozialisation,Q4,<0.1
zeitschrift fur sportpsychologie,Q4,0.7
zeitschrift fur sprachwissenschaft,Q4,0.3
zeitschrift fur theologie und kirche,,<0.1
zeitschrift fur tourismuswissenschaft,Q4,0.3
zeitschrift fur vergleichende politikwissenschaft,Q3,0.9
zentralblatt fur arbeitsmedizin arbeitsschutz und ergonomie,Q4,0.7
zentralblatt fur chirurgie,Q4,0.8
zephyrus revista de prehistoria y arqueologia,,0.4
zeszyty teoretyczne rachunkowosci,Q4,0.7
zfw advances in economic geography,Q1,3.7
zhurnal frontirnykh issledovanii journal of frontier studies,,0.3
zhurnal novaya ekonomicheskaya assotsiatsiya journal of the new economic association,Q4,0.5
zhurnal obshchei biologii,Q4,0.3
zhurnal vysshei nervnoi deyatelnosti imeni i p pavlova,Q4,0.2
zibaldone estudios italianos,,0.1
zivot umjetnosti,,0.1
zkg international,Q4,0.3
zograf,,<0.1
zolotoordynskoe obozrenie golden horde review,Q3,0.2
zona proxima,Q4,0.3
zoo biology,Q2,1.5
zookeys,Q2,1.5
zoologia,Q1,2.1
zoologica scripta,Q1,2
zoological journal of the linnean society,Q1,3
zoological letters,Q1,2.8
zoological research,Q1,5.6
zoological science,Q3,1
zoological studies,Q2,1.4
zoologichesky zhurnal,Q4,0.3
zoologischer anzeiger,Q2,1.3
zoology,Q2,1.5
zoology in the middle east,Q4,0.6
zoomorphology,Q4,0.7
zoonoses and public health,Q1,2.6
zoonotic diseases,Q4,1.4
zoosystema,Q2,1.3
zoosystematics and evolution,Q2,1.4
zootaxa,Q3,0.9
zuchtungskunde,Q4,0.3
zutot,,0.1
zygon,Q3,0.8
zygote,Q3,1.7
